<?xml version='1.0' encoding='utf-8'?>
<data descr="TU Dortmund, LSXII Informatik, patrec, Image Annotation." ver="2016-10-15 v0.1.2"><content><rectangle><p type="text" /><rectangle><p type="text">270</p><p type="orientation">0</p><p type="wh">139, 66</p><p type="color">255, 0, 0</p><p type="colorEdges">102, 255, 102</p><p type="coordinates">116, 171</p><tags><tag>word</tag></tags></rectangle><rectangle><p type="text">letters</p><p type="orientation">0</p><p type="wh">248, 103</p><p type="color">255, 0, 0</p><p type="colorEdges">102, 255, 102</p><p type="coordinates">251, 146</p><tags><tag>word</tag></tags></rectangle><rectangle><p type="text">orders</p><p type="orientation">0</p><p type="wh">252, 80</p><p type="color">255, 0, 0</p><p type="colorEdges">102, 255, 102</p><p type="coordinates">519, 166</p><tags><tag>word</tag></tags></rectangle><rectangle><p type="text">and</p><p type="orientation">0</p><p type="wh">207, 80</p><p type="color">255, 0, 0</p><p type="colorEdges">102, 255, 102</p><p type="coordinates">800, 166</p><tags><tag>word</tag></tags></rectangle><rectangle><p type="text">instructions</p><p type="orientation">0</p><p type="wh">551, 98</p><p type="color">255, 0, 0</p><p type="colorEdges">102, 255, 102</p><p type="coordinates">1019, 139</p><tags><tag>word</tag></tags></rectangle><rectangle><p type="text">october</p><p type="orientation">0</p><p type="wh">246, 100</p><p type="color">255, 0, 0</p><p type="colorEdges">102, 255, 102</p><p type="coordinates">1568, 146</p><tags><tag>word</tag></tags></rectangle><rectangle><p type="text">1755</p><p type="orientation">0</p><p type="wh">146, 74</p><p type="color">255, 0, 0</p><p type="colorEdges">102, 255, 102</p><p type="coordinates">1812, 159</p><tags><tag>word</tag></tags></rectangle><rectangle><p type="text">only</p><p type="orientation">0</p><p type="wh">159, 123</p><p type="color">255, 0, 0</p><p type="colorEdges">102, 255, 102</p><p type="coordinates">264, 327</p><tags><tag>word</tag></tags></rectangle><rectangle><p type="text">for</p><p type="orientation">0</p><p type="wh">131, 104</p><p type="color">255, 0, 0</p><p type="colorEdges">102, 255, 102</p><p type="coordinates">436, 330</p><tags><tag>word</tag></tags></rectangle><rectangle><p type="text">the</p><p type="orientation">0</p><p type="wh">143, 87</p><p type="color">255, 0, 0</p><p type="colorEdges">102, 255, 102</p><p type="coordinates">580, 319</p><tags><tag>word</tag></tags></rectangle><rectangle><p type="text">publick</p><p type="orientation">0</p><p type="wh">327, 104</p><p type="color">255, 0, 0</p><p type="colorEdges">102, 255, 102</p><p type="coordinates">715, 330</p><tags><tag>word</tag></tags></rectangle><rectangle><p type="text">use</p><p type="orientation">0</p><p type="wh">156, 67</p><p type="color">255, 0, 0</p><p type="colorEdges">102, 255, 102</p><p type="coordinates">1043, 350</p><tags><tag>word</tag></tags></rectangle><rectangle><p type="text">unless</p><p type="orientation">0</p><p type="wh">251, 64</p><p type="color">255, 0, 0</p><p type="colorEdges">102, 255, 102</p><p type="coordinates">1208, 342</p><tags><tag>word</tag></tags></rectangle><rectangle><p type="text">by</p><p type="orientation">0</p><p type="wh">100, 75</p><p type="color">255, 0, 0</p><p type="colorEdges">102, 255, 102</p><p type="coordinates">1459, 338</p><tags><tag>word</tag></tags></rectangle><rectangle><p type="text">particu</p><p type="orientation">0</p><p type="wh">344, 83</p><p type="color">255, 0, 0</p><p type="colorEdges">102, 255, 102</p><p type="coordinates">1547, 342</p><tags><tag>word</tag></tags></rectangle><rectangle><p type="text">lar</p><p type="orientation">0</p><p type="wh">124, 79</p><p type="color">255, 0, 0</p><p type="colorEdges">102, 255, 102</p><p type="coordinates">255, 411</p><tags><tag>word</tag></tags></rectangle><rectangle><p type="text">orders</p><p type="orientation">0</p><p type="wh">215, 63</p><p type="color">255, 0, 0</p><p type="colorEdges">102, 255, 102</p><p type="coordinates">408, 431</p><tags><tag>word</tag></tags></rectangle><rectangle><p type="text">from</p><p type="orientation">0</p><p type="wh">246, 106</p><p type="color">255, 0, 0</p><p type="colorEdges">102, 255, 102</p><p type="coordinates">624, 411</p><tags><tag>word</tag></tags></rectangle><rectangle><p type="text">me</p><p type="orientation">0</p><p type="wh">159, 44</p><p type="color">255, 0, 0</p><p type="colorEdges">102, 255, 102</p><p type="coordinates">859, 446</p><tags><tag>word</tag></tags></rectangle><rectangle><p type="text">you</p><p type="orientation">0</p><p type="wh">195, 90</p><p type="color">255, 0, 0</p><p type="colorEdges">102, 255, 102</p><p type="coordinates">1115, 427</p><tags><tag>word</tag></tags></rectangle><rectangle><p type="text">are</p><p type="orientation">0</p><p type="wh">150, 36</p><p type="color">255, 0, 0</p><p type="colorEdges">102, 255, 102</p><p type="coordinates">1296, 450</p><tags><tag>word</tag></tags></rectangle><rectangle><p type="text">to</p><p type="orientation">0</p><p type="wh">63, 71</p><p type="color">255, 0, 0</p><p type="colorEdges">102, 255, 102</p><p type="coordinates">1459, 415</p><tags><tag>word</tag></tags></rectangle><rectangle><p type="text">send</p><p type="orientation">0</p><p type="wh">235, 56</p><p type="color">255, 0, 0</p><p type="colorEdges">102, 255, 102</p><p type="coordinates">1544, 434</p><tags><tag>word</tag></tags></rectangle><rectangle><p type="text">down</p><p type="orientation">0</p><p type="wh">222, 58</p><p type="color">255, 0, 0</p><p type="colorEdges">102, 255, 102</p><p type="coordinates">260, 515</p><tags><tag>word</tag></tags></rectangle><rectangle><p type="text">a</p><p type="orientation">0</p><p type="wh">79, 35</p><p type="color">255, 0, 0</p><p type="colorEdges">102, 255, 102</p><p type="coordinates">488, 538</p><tags><tag>word</tag></tags></rectangle><rectangle><p type="text">barrel</p><p type="orientation">0</p><p type="wh">294, 62</p><p type="color">255, 0, 0</p><p type="colorEdges">102, 255, 102</p><p type="coordinates">584, 511</p><tags><tag>word</tag></tags></rectangle><rectangle><p type="text">of</p><p type="orientation">0</p><p type="wh">108, 88</p><p type="color">255, 0, 0</p><p type="colorEdges">102, 255, 102</p><p type="coordinates">875, 506</p><tags><tag>word</tag></tags></rectangle><rectangle><p type="text">flints</p><p type="orientation">0</p><p type="wh">235, 94</p><p type="color">255, 0, 0</p><p type="colorEdges">102, 255, 102</p><p type="coordinates">951, 483</p><tags><tag>word</tag></tags></rectangle><rectangle><p type="text">with</p><p type="orientation">0</p><p type="wh">222, 79</p><p type="color">255, 0, 0</p><p type="colorEdges">102, 255, 102</p><p type="coordinates">1208, 494</p><tags><tag>word</tag></tags></rectangle><rectangle><p type="text">the</p><p type="orientation">0</p><p type="wh">136, 67</p><p type="color">255, 0, 0</p><p type="colorEdges">102, 255, 102</p><p type="coordinates">1427, 502</p><tags><tag>word</tag></tags></rectangle><rectangle><p type="text">arms</p><p type="orientation">0</p><p type="wh">204, 62</p><p type="color">255, 0, 0</p><p type="colorEdges">102, 255, 102</p><p type="coordinates">1575, 519</p><tags><tag>word</tag></tags></rectangle><rectangle><p type="text">to</p><p type="orientation">0</p><p type="wh">83, 50</p><p type="color">255, 0, 0</p><p type="colorEdges">102, 255, 102</p><p type="coordinates">1775, 519</p><tags><tag>word</tag></tags></rectangle><rectangle><p type="text">winchester</p><p type="orientation">0</p><p type="wh">406, 104</p><p type="color">255, 0, 0</p><p type="colorEdges">102, 255, 102</p><p type="coordinates">268, 586</p><tags><tag>word</tag></tags></rectangle><rectangle><p type="text">and</p><p type="orientation">0</p><p type="wh">211, 52</p><p type="color">255, 0, 0</p><p type="colorEdges">102, 255, 102</p><p type="coordinates">700, 606</p><tags><tag>word</tag></tags></rectangle><rectangle><p type="text">about</p><p type="orientation">0</p><p type="wh">255, 68</p><p type="color">255, 0, 0</p><p type="colorEdges">102, 255, 102</p><p type="coordinates">927, 590</p><tags><tag>word</tag></tags></rectangle><rectangle><p type="text">two</p><p type="orientation">0</p><p type="wh">139, 56</p><p type="color">255, 0, 0</p><p type="colorEdges">102, 255, 102</p><p type="coordinates">1191, 590</p><tags><tag>word</tag></tags></rectangle><rectangle><p type="text">thousand</p><p type="orientation">0</p><p type="wh">368, 90</p><p type="color">255, 0, 0</p><p type="colorEdges">102, 255, 102</p><p type="coordinates">1363, 579</p><tags><tag>word</tag></tags></rectangle><rectangle><p type="text">weight</p><p type="orientation">0</p><p type="wh">203, 83</p><p type="color">255, 0, 0</p><p type="colorEdges">102, 255, 102</p><p type="coordinates">1727, 590</p><tags><tag>word</tag></tags></rectangle><rectangle><p type="text">of</p><p type="orientation">0</p><p type="wh">106, 111</p><p type="color">255, 0, 0</p><p type="colorEdges">102, 255, 102</p><p type="coordinates">260, 658</p><tags><tag>word</tag></tags></rectangle><rectangle><p type="text">flour</p><p type="orientation">0</p><p type="wh">227, 95</p><p type="color">255, 0, 0</p><p type="colorEdges">102, 255, 102</p><p type="coordinates">355, 667</p><tags><tag>word</tag></tags></rectangle><rectangle><p type="text">for</p><p type="orientation">0</p><p type="wh">119, 91</p><p type="color">255, 0, 0</p><p type="colorEdges">102, 255, 102</p><p type="coordinates">591, 671</p><tags><tag>word</tag></tags></rectangle><rectangle><p type="text">the</p><p type="orientation">0</p><p type="wh">124, 75</p><p type="color">255, 0, 0</p><p type="colorEdges">102, 255, 102</p><p type="coordinates">739, 671</p><tags><tag>word</tag></tags></rectangle><rectangle><p type="text">two</p><p type="orientation">0</p><p type="wh">122, 52</p><p type="color">255, 0, 0</p><p type="colorEdges">102, 255, 102</p><p type="coordinates">892, 690</p><tags><tag>word</tag></tags></rectangle><rectangle><p type="text">companies</p><p type="orientation">0</p><p type="wh">400, 94</p><p type="color">255, 0, 0</p><p type="colorEdges">102, 255, 102</p><p type="coordinates">1043, 671</p><tags><tag>word</tag></tags></rectangle><rectangle><p type="text">of</p><p type="orientation">0</p><p type="wh">102, 83</p><p type="color">255, 0, 0</p><p type="colorEdges">102, 255, 102</p><p type="coordinates">1464, 675</p><tags><tag>word</tag></tags></rectangle><rectangle><p type="text">rangers</p><p type="orientation">0</p><p type="wh">320, 79</p><p type="color">255, 0, 0</p><p type="colorEdges">102, 255, 102</p><p type="coordinates">1547, 683</p><tags><tag>word</tag></tags></rectangle><rectangle><p type="text">twelve</p><p type="orientation">0</p><p type="wh">246, 62</p><p type="color">255, 0, 0</p><p type="colorEdges">102, 255, 102</p><p type="coordinates">292, 767</p><tags><tag>word</tag></tags></rectangle><rectangle><p type="text">hundred</p><p type="orientation">0</p><p type="wh">366, 83</p><p type="color">255, 0, 0</p><p type="colorEdges">102, 255, 102</p><p type="coordinates">556, 746</p><tags><tag>word</tag></tags></rectangle><rectangle><p type="text">of</p><p type="orientation">0</p><p type="wh">108, 92</p><p type="color">255, 0, 0</p><p type="colorEdges">102, 255, 102</p><p type="coordinates">947, 762</p><tags><tag>word</tag></tags></rectangle><rectangle><p type="text">which</p><p type="orientation">0</p><p type="wh">262, 71</p><p type="color">255, 0, 0</p><p type="colorEdges">102, 255, 102</p><p type="coordinates">1040, 754</p><tags><tag>word</tag></tags></rectangle><rectangle><p type="text">to</p><p type="orientation">0</p><p type="wh">78, 63</p><p type="color">255, 0, 0</p><p type="colorEdges">102, 255, 102</p><p type="coordinates">1324, 758</p><tags><tag>word</tag></tags></rectangle><rectangle><p type="text">be</p><p type="orientation">0</p><p type="wh">72, 63</p><p type="color">255, 0, 0</p><p type="colorEdges">102, 255, 102</p><p type="coordinates">1411, 758</p><tags><tag>word</tag></tags></rectangle><rectangle><p type="text">delivered</p><p type="orientation">0</p><p type="wh">331, 58</p><p type="color">255, 0, 0</p><p type="colorEdges">102, 255, 102</p><p type="coordinates">1507, 767</p><tags><tag>word</tag></tags></rectangle><rectangle><p type="text">captain</p><p type="orientation">0</p><p type="wh">359, 95</p><p type="color">255, 0, 0</p><p type="colorEdges">102, 255, 102</p><p type="coordinates">260, 842</p><tags><tag>word</tag></tags></rectangle><rectangle><p type="text">ashby</p><p type="orientation">0</p><p type="wh">194, 106</p><p type="color">255, 0, 0</p><p type="colorEdges">102, 255, 102</p><p type="coordinates">700, 831</p><tags><tag>word</tag></tags></rectangle><rectangle><p type="text">and</p><p type="orientation">0</p><p type="wh">146, 35</p><p type="color">255, 0, 0</p><p type="colorEdges">102, 255, 102</p><p type="coordinates">916, 871</p><tags><tag>word</tag></tags></rectangle><rectangle><p type="text">company</p><p type="orientation">0</p><p type="wh">390, 102</p><p type="color">255, 0, 0</p><p type="colorEdges">102, 255, 102</p><p type="coordinates">1084, 835</p><tags><tag>word</tag></tags></rectangle><rectangle><p type="text">at</p><p type="orientation">0</p><p type="wh">102, 48</p><p type="color">255, 0, 0</p><p type="colorEdges">102, 255, 102</p><p type="coordinates">1496, 858</p><tags><tag>word</tag></tags></rectangle><rectangle><p type="text">the</p><p type="orientation">0</p><p type="wh">143, 68</p><p type="color">255, 0, 0</p><p type="colorEdges">102, 255, 102</p><p type="coordinates">1608, 842</p><tags><tag>word</tag></tags></rectangle><rectangle><p type="text">plantation</p><p type="orientation">0</p><p type="wh">468, 71</p><p type="color">255, 0, 0</p><p type="colorEdges">102, 255, 102</p><p type="coordinates">255, 931</p><tags><tag>word</tag></tags></rectangle><rectangle><p type="text">of</p><p type="orientation">0</p><p type="wh">115, 108</p><p type="color">255, 0, 0</p><p type="colorEdges">102, 255, 102</p><p type="coordinates">744, 906</p><tags><tag>word</tag></tags></rectangle><rectangle><p type="text">charles</p><p type="orientation">0</p><p type="wh">315, 75</p><p type="color">255, 0, 0</p><p type="colorEdges">102, 255, 102</p><p type="coordinates">827, 919</p><tags><tag>word</tag></tags></rectangle><rectangle><p type="text">sellars</p><p type="orientation">0</p><p type="wh">336, 88</p><p type="color">255, 0, 0</p><p type="colorEdges">102, 255, 102</p><p type="coordinates">1171, 910</p><tags><tag>word</tag></tags></rectangle><rectangle><p type="text">the</p><p type="orientation">0</p><p type="wh">119, 66</p><p type="color">255, 0, 0</p><p type="colorEdges">102, 255, 102</p><p type="coordinates">1527, 923</p><tags><tag>word</tag></tags></rectangle><rectangle><p type="text">rest</p><p type="orientation">0</p><p type="wh">110, 83</p><p type="color">255, 0, 0</p><p type="colorEdges">102, 255, 102</p><p type="coordinates">1656, 919</p><tags><tag>word</tag></tags></rectangle><rectangle><p type="text">to</p><p type="orientation">0</p><p type="wh">52, 88</p><p type="color">255, 0, 0</p><p type="colorEdges">102, 255, 102</p><p type="coordinates">1767, 914</p><tags><tag>word</tag></tags></rectangle><rectangle><p type="text">captain</p><p type="orientation">0</p><p type="wh">148, 83</p><p type="color">255, 0, 0</p><p type="colorEdges">102, 255, 102</p><p type="coordinates">1823, 931</p><tags><tag>word</tag></tags></rectangle><rectangle><p type="text">cockes</p><p type="orientation">0</p><p type="wh">139, 75</p><p type="color">255, 0, 0</p><p type="colorEdges">102, 255, 102</p><p type="coordinates">260, 1014</p><tags><tag>word</tag></tags></rectangle><rectangle><p type="text">company</p><p type="orientation">0</p><p type="wh">379, 100</p><p type="color">255, 0, 0</p><p type="colorEdges">102, 255, 102</p><p type="coordinates">399, 1006</p><tags><tag>word</tag></tags></rectangle><rectangle><p type="text">at</p><p type="orientation">0</p><p type="wh">126, 91</p><p type="color">255, 0, 0</p><p type="colorEdges">102, 255, 102</p><p type="coordinates">776, 1027</p><tags><tag>word</tag></tags></rectangle><rectangle><p type="text">nicholas</p><p type="orientation">0</p><p type="wh">395, 75</p><p type="color">255, 0, 0</p><p type="colorEdges">102, 255, 102</p><p type="coordinates">931, 1006</p><tags><tag>word</tag></tags></rectangle><rectangle><p type="text">reasmers</p><p type="orientation">0</p><p type="wh">338, 104</p><p type="color">255, 0, 0</p><p type="colorEdges">102, 255, 102</p><p type="coordinates">1324, 1014</p><tags><tag>word</tag></tags></rectangle><rectangle><p type="text">october</p><p type="orientation">0</p><p type="wh">362, 90</p><p type="color">255, 0, 0</p><p type="colorEdges">102, 255, 102</p><p type="coordinates">436, 1087</p><tags><tag>word</tag></tags></rectangle><rectangle><p type="text">26</p><p type="orientation">0</p><p type="wh">115, 63</p><p type="color">255, 0, 0</p><p type="colorEdges">102, 255, 102</p><p type="coordinates">768, 1114</p><tags><tag>word</tag></tags></rectangle><rectangle><p type="text">gw</p><p type="orientation">0</p><p type="wh">187, 90</p><p type="color">255, 0, 0</p><p type="colorEdges">102, 255, 102</p><p type="coordinates">1272, 1087</p><tags><tag>word</tag></tags></rectangle><rectangle><p type="text">28th</p><p type="orientation">0</p><p type="wh">163, 115</p><p type="color">255, 0, 0</p><p type="colorEdges">102, 255, 102</p><p type="coordinates">155, 1239</p><tags><tag>word</tag></tags></rectangle><rectangle><p type="text">winchester</p><p type="orientation">0</p><p type="wh">460, 94</p><p type="color">255, 0, 0</p><p type="colorEdges">102, 255, 102</p><p type="coordinates">351, 1247</p><tags><tag>word</tag></tags></rectangle><rectangle><p type="text">october</p><p type="orientation">0</p><p type="wh">363, 83</p><p type="color">255, 0, 0</p><p type="colorEdges">102, 255, 102</p><p type="coordinates">827, 1254</p><tags><tag>word</tag></tags></rectangle><rectangle><p type="text">28</p><p type="orientation">0</p><p type="wh">99, 94</p><p type="color">255, 0, 0</p><p type="colorEdges">102, 255, 102</p><p type="coordinates">1176, 1247</p><tags><tag>word</tag></tags></rectangle><rectangle><p type="text">1755</p><p type="orientation">0</p><p type="wh">198, 91</p><p type="color">255, 0, 0</p><p type="colorEdges">102, 255, 102</p><p type="coordinates">1272, 1250</p><tags><tag>word</tag></tags></rectangle><rectangle><p type="text">parole</p><p type="orientation">0</p><p type="wh">318, 83</p><p type="color">255, 0, 0</p><p type="colorEdges">102, 255, 102</p><p type="coordinates">1156, 1339</p><tags><tag>word</tag></tags></rectangle><rectangle><p type="text">hampton</p><p type="orientation">0</p><p type="wh">458, 110</p><p type="color">255, 0, 0</p><p type="colorEdges">102, 255, 102</p><p type="coordinates">1424, 1339</p><tags><tag>word</tag></tags></rectangle><rectangle><p type="text">the</p><p type="orientation">0</p><p type="wh">152, 79</p><p type="color">255, 0, 0</p><p type="colorEdges">102, 255, 102</p><p type="coordinates">755, 1439</p><tags><tag>word</tag></tags></rectangle><rectangle><p type="text">officers</p><p type="orientation">0</p><p type="wh">226, 79</p><p type="color">255, 0, 0</p><p type="colorEdges">102, 255, 102</p><p type="coordinates">916, 1454</p><tags><tag>word</tag></tags></rectangle><rectangle><p type="text">who</p><p type="orientation">0</p><p type="wh">131, 56</p><p type="color">255, 0, 0</p><p type="colorEdges">102, 255, 102</p><p type="coordinates">1195, 1458</p><tags><tag>word</tag></tags></rectangle><rectangle><p type="text">came</p><p type="orientation">0</p><p type="wh">178, 35</p><p type="color">255, 0, 0</p><p type="colorEdges">102, 255, 102</p><p type="coordinates">1348, 1479</p><tags><tag>word</tag></tags></rectangle><rectangle><p type="text">down</p><p type="orientation">0</p><p type="wh">206, 48</p><p type="color">255, 0, 0</p><p type="colorEdges">102, 255, 102</p><p type="coordinates">1560, 1462</p><tags><tag>word</tag></tags></rectangle><rectangle><p type="text">from</p><p type="orientation">0</p><p type="wh">202, 116</p><p type="color">255, 0, 0</p><p type="colorEdges">102, 255, 102</p><p type="coordinates">284, 1510</p><tags><tag>word</tag></tags></rectangle><rectangle><p type="text">fort</p><p type="orientation">0</p><p type="wh">183, 83</p><p type="color">255, 0, 0</p><p type="colorEdges">102, 255, 102</p><p type="coordinates">499, 1518</p><tags><tag>word</tag></tags></rectangle><rectangle><p type="text">cumberland</p><p type="orientation">0</p><p type="wh">566, 100</p><p type="color">255, 0, 0</p><p type="colorEdges">102, 255, 102</p><p type="coordinates">672, 1518</p><tags><tag>word</tag></tags></rectangle><rectangle><p type="text">with</p><p type="orientation">0</p><p type="wh">215, 104</p><p type="color">255, 0, 0</p><p type="colorEdges">102, 255, 102</p><p type="coordinates">1235, 1518</p><tags><tag>word</tag></tags></rectangle><rectangle><p type="text">colonel</p><p type="orientation">0</p><p type="wh">307, 66</p><p type="color">255, 0, 0</p><p type="colorEdges">102, 255, 102</p><p type="coordinates">1472, 1531</p><tags><tag>word</tag></tags></rectangle><rectangle><p type="text">washington</p><p type="orientation">0</p><p type="wh">444, 106</p><p type="color">255, 0, 0</p><p type="colorEdges">102, 255, 102</p><p type="coordinates">271, 1599</p><tags><tag>word</tag></tags></rectangle><rectangle><p type="text">are</p><p type="orientation">0</p><p type="wh">108, 31</p><p type="color">255, 0, 0</p><p type="colorEdges">102, 255, 102</p><p type="coordinates">731, 1647</p><tags><tag>word</tag></tags></rectangle><rectangle><p type="text">immediately</p><p type="orientation">0</p><p type="wh">527, 100</p><p type="color">255, 0, 0</p><p type="colorEdges">102, 255, 102</p><p type="coordinates">864, 1618</p><tags><tag>word</tag></tags></rectangle><rectangle><p type="text">to</p><p type="orientation">0</p><p type="wh">84, 63</p><p type="color">255, 0, 0</p><p type="colorEdges">102, 255, 102</p><p type="coordinates">1379, 1626</p><tags><tag>word</tag></tags></rectangle><rectangle><p type="text">go</p><p type="orientation">0</p><p type="wh">80, 54</p><p type="color">255, 0, 0</p><p type="colorEdges">102, 255, 102</p><p type="coordinates">1475, 1647</p><tags><tag>word</tag></tags></rectangle><rectangle><p type="text">recrui</p><p type="orientation">0</p><p type="wh">270, 56</p><p type="color">255, 0, 0</p><p type="colorEdges">102, 255, 102</p><p type="coordinates">1568, 1618</p><tags><tag>word</tag></tags></rectangle><rectangle><p type="text">ting</p><p type="orientation">0</p><p type="wh">163, 114</p><p type="color">255, 0, 0</p><p type="colorEdges">102, 255, 102</p><p type="coordinates">275, 1683</p><tags><tag>word</tag></tags></rectangle><rectangle><p type="text">and</p><p type="orientation">0</p><p type="wh">135, 44</p><p type="color">255, 0, 0</p><p type="colorEdges">102, 255, 102</p><p type="coordinates">456, 1726</p><tags><tag>word</tag></tags></rectangle><rectangle><p type="text">they</p><p type="orientation">0</p><p type="wh">163, 79</p><p type="color">255, 0, 0</p><p type="colorEdges">102, 255, 102</p><p type="coordinates">615, 1706</p><tags><tag>word</tag></tags></rectangle><rectangle><p type="text">are</p><p type="orientation">0</p><p type="wh">95, 60</p><p type="color">255, 0, 0</p><p type="colorEdges">102, 255, 102</p><p type="coordinates">803, 1722</p><tags><tag>word</tag></tags></rectangle><rectangle><p type="text">allowed</p><p type="orientation">0</p><p type="wh">392, 64</p><p type="color">255, 0, 0</p><p type="colorEdges">102, 255, 102</p><p type="coordinates">899, 1710</p><tags><tag>word</tag></tags></rectangle><rectangle><p type="text">until</p><p type="orientation">0</p><p type="wh">204, 63</p><p type="color">255, 0, 0</p><p type="colorEdges">102, 255, 102</p><p type="coordinates">1259, 1699</p><tags><tag>word</tag></tags></rectangle><rectangle><p type="text">the</p><p type="orientation">0</p><p type="wh">115, 75</p><p type="color">255, 0, 0</p><p type="colorEdges">102, 255, 102</p><p type="coordinates">1464, 1691</p><tags><tag>word</tag></tags></rectangle><rectangle><p type="text">1st</p><p type="orientation">0</p><p type="wh">89, 107</p><p type="color">255, 0, 0</p><p type="colorEdges">102, 255, 102</p><p type="coordinates">1595, 1678</p><tags><tag>word</tag></tags></rectangle><rectangle><p type="text">of</p><p type="orientation">0</p><p type="wh">92, 81</p><p type="color">255, 0, 0</p><p type="colorEdges">102, 255, 102</p><p type="coordinates">1665, 1699</p><tags><tag>word</tag></tags></rectangle><rectangle><p type="text">de</p><p type="orientation">0</p><p type="wh">118, 71</p><p type="color">255, 0, 0</p><p type="colorEdges">102, 255, 102</p><p type="coordinates">1740, 1691</p><tags><tag>word</tag></tags></rectangle><rectangle><p type="text">cember</p><p type="orientation">0</p><p type="wh">235, 87</p><p type="color">255, 0, 0</p><p type="colorEdges">102, 255, 102</p><p type="coordinates">275, 1770</p><tags><tag>word</tag></tags></rectangle><rectangle><p type="text">at</p><p type="orientation">0</p><p type="wh">107, 50</p><p type="color">255, 0, 0</p><p type="colorEdges">102, 255, 102</p><p type="coordinates">571, 1799</p><tags><tag>word</tag></tags></rectangle><rectangle><p type="text">which</p><p type="orientation">0</p><p type="wh">259, 75</p><p type="color">255, 0, 0</p><p type="colorEdges">102, 255, 102</p><p type="coordinates">704, 1778</p><tags><tag>word</tag></tags></rectangle><rectangle><p type="text">time</p><p type="orientation">0</p><p type="wh">183, 62</p><p type="color">255, 0, 0</p><p type="colorEdges">102, 255, 102</p><p type="coordinates">975, 1787</p><tags><tag>word</tag></tags></rectangle><rectangle><p type="text">if</p><p type="orientation">0</p><p type="wh">80, 91</p><p type="color">255, 0, 0</p><p type="colorEdges">102, 255, 102</p><p type="coordinates">1167, 1787</p><tags><tag>word</tag></tags></rectangle><rectangle><p type="text">they</p><p type="orientation">0</p><p type="wh">167, 107</p><p type="color">255, 0, 0</p><p type="colorEdges">102, 255, 102</p><p type="coordinates">1263, 1778</p><tags><tag>word</tag></tags></rectangle><rectangle><p type="text">do</p><p type="orientation">0</p><p type="wh">87, 54</p><p type="color">255, 0, 0</p><p type="colorEdges">102, 255, 102</p><p type="coordinates">1448, 1795</p><tags><tag>word</tag></tags></rectangle><rectangle><p type="text">not</p><p type="orientation">0</p><p type="wh">171, 50</p><p type="color">255, 0, 0</p><p type="colorEdges">102, 255, 102</p><p type="coordinates">1560, 1803</p><tags><tag>word</tag></tags></rectangle><rectangle><p type="text">punctually</p><p type="orientation">0</p><p type="wh">431, 88</p><p type="color">255, 0, 0</p><p type="colorEdges">102, 255, 102</p><p type="coordinates">284, 1882</p><tags><tag>word</tag></tags></rectangle><rectangle><p type="text">appear</p><p type="orientation">0</p><p type="wh">242, 71</p><p type="color">255, 0, 0</p><p type="colorEdges">102, 255, 102</p><p type="coordinates">728, 1899</p><tags><tag>word</tag></tags></rectangle><rectangle><p type="text">at</p><p type="orientation">0</p><p type="wh">100, 46</p><p type="color">255, 0, 0</p><p type="colorEdges">102, 255, 102</p><p type="coordinates">1003, 1891</p><tags><tag>word</tag></tags></rectangle><rectangle><p type="text">the</p><p type="orientation">0</p><p type="wh">115, 71</p><p type="color">255, 0, 0</p><p type="colorEdges">102, 255, 102</p><p type="coordinates">1115, 1866</p><tags><tag>word</tag></tags></rectangle><rectangle><p type="text">place</p><p type="orientation">0</p><p type="wh">207, 103</p><p type="color">255, 0, 0</p><p type="colorEdges">102, 255, 102</p><p type="coordinates">1243, 1859</p><tags><tag>word</tag></tags></rectangle><rectangle><p type="text">of</p><p type="orientation">0</p><p type="wh">112, 96</p><p type="color">255, 0, 0</p><p type="colorEdges">102, 255, 102</p><p type="coordinates">1451, 1866</p><tags><tag>word</tag></tags></rectangle><rectangle><p type="text">rendez</p><p type="orientation">0</p><p type="wh">263, 100</p><p type="color">255, 0, 0</p><p type="colorEdges">102, 255, 102</p><p type="coordinates">1551, 1866</p><tags><tag>word</tag></tags></rectangle><rectangle><p type="text">vous</p><p type="orientation">0</p><p type="wh">163, 39</p><p type="color">255, 0, 0</p><p type="colorEdges">102, 255, 102</p><p type="coordinates">288, 1987</p><tags><tag>word</tag></tags></rectangle><rectangle><p type="text">assigned</p><p type="orientation">0</p><p type="wh">331, 98</p><p type="color">255, 0, 0</p><p type="colorEdges">102, 255, 102</p><p type="coordinates">464, 1955</p><tags><tag>word</tag></tags></rectangle><rectangle><p type="text">them</p><p type="orientation">0</p><p type="wh">207, 90</p><p type="color">255, 0, 0</p><p type="colorEdges">102, 255, 102</p><p type="coordinates">807, 1955</p><tags><tag>word</tag></tags></rectangle><rectangle><p type="text">they</p><p type="orientation">0</p><p type="wh">167, 98</p><p type="color">255, 0, 0</p><p type="colorEdges">102, 255, 102</p><p type="coordinates">1023, 1955</p><tags><tag>word</tag></tags></rectangle><rectangle><p type="text">will</p><p type="orientation">0</p><p type="wh">167, 56</p><p type="color">255, 0, 0</p><p type="colorEdges">102, 255, 102</p><p type="coordinates">1211, 1966</p><tags><tag>word</tag></tags></rectangle><rectangle><p type="text">be</p><p type="orientation">0</p><p type="wh">84, 63</p><p type="color">255, 0, 0</p><p type="colorEdges">102, 255, 102</p><p type="coordinates">1379, 1959</p><tags><tag>word</tag></tags></rectangle><rectangle><p type="text">tried</p><p type="orientation">0</p><p type="wh">160, 83</p><p type="color">255, 0, 0</p><p type="colorEdges">102, 255, 102</p><p type="coordinates">1475, 1962</p><tags><tag>word</tag></tags></rectangle><rectangle><p type="text">by</p><p type="orientation">0</p><p type="wh">96, 79</p><p type="color">255, 0, 0</p><p type="colorEdges">102, 255, 102</p><p type="coordinates">1627, 1966</p><tags><tag>word</tag></tags></rectangle><rectangle><p type="text">a</p><p type="orientation">0</p><p type="wh">74, 71</p><p type="color">255, 0, 0</p><p type="colorEdges">102, 255, 102</p><p type="coordinates">1712, 1970</p><tags><tag>word</tag></tags></rectangle><rectangle><p type="text">court</p><p type="orientation">0</p><p type="wh">211, 79</p><p type="color">255, 0, 0</p><p type="colorEdges">102, 255, 102</p><p type="coordinates">295, 2030</p><tags><tag>word</tag></tags></rectangle><rectangle><p type="text">martial</p><p type="orientation">0</p><p type="wh">339, 96</p><p type="color">255, 0, 0</p><p type="colorEdges">102, 255, 102</p><p type="coordinates">504, 2026</p><tags><tag>word</tag></tags></rectangle><rectangle><p type="text">for</p><p type="orientation">0</p><p type="wh">108, 87</p><p type="color">255, 0, 0</p><p type="colorEdges">102, 255, 102</p><p type="coordinates">851, 2043</p><tags><tag>word</tag></tags></rectangle><rectangle><p type="text">disobedience</p><p type="orientation">0</p><p type="wh">503, 66</p><p type="color">255, 0, 0</p><p type="colorEdges">102, 255, 102</p><p type="coordinates">1008, 2043</p><tags><tag>word</tag></tags></rectangle><rectangle><p type="text">of</p><p type="orientation">0</p><p type="wh">98, 83</p><p type="color">255, 0, 0</p><p type="colorEdges">102, 255, 102</p><p type="coordinates">1520, 2051</p><tags><tag>word</tag></tags></rectangle><rectangle><p type="text">orders</p><p type="orientation">0</p><p type="wh">227, 62</p><p type="color">255, 0, 0</p><p type="colorEdges">102, 255, 102</p><p type="coordinates">1592, 2051</p><tags><tag>word</tag></tags></rectangle><rectangle><p type="text">they</p><p type="orientation">0</p><p type="wh">183, 104</p><p type="color">255, 0, 0</p><p type="colorEdges">102, 255, 102</p><p type="coordinates">347, 2118</p><tags><tag>word</tag></tags></rectangle><rectangle><p type="text">are</p><p type="orientation">0</p><p type="wh">111, 34</p><p type="color">255, 0, 0</p><p type="colorEdges">102, 255, 102</p><p type="coordinates">543, 2159</p><tags><tag>word</tag></tags></rectangle><rectangle><p type="text">to</p><p type="orientation">0</p><p type="wh">75, 60</p><p type="color">255, 0, 0</p><p type="colorEdges">102, 255, 102</p><p type="coordinates">696, 2130</p><tags><tag>word</tag></tags></rectangle><rectangle><p type="text">wait</p><p type="orientation">0</p><p type="wh">182, 47</p><p type="color">255, 0, 0</p><p type="colorEdges">102, 255, 102</p><p type="coordinates">792, 2143</p><tags><tag>word</tag></tags></rectangle><rectangle><p type="text">upon</p><p type="orientation">0</p><p type="wh">192, 71</p><p type="color">255, 0, 0</p><p type="colorEdges">102, 255, 102</p><p type="coordinates">1003, 2151</p><tags><tag>word</tag></tags></rectangle><rectangle><p type="text">the</p><p type="orientation">0</p><p type="wh">118, 64</p><p type="color">255, 0, 0</p><p type="colorEdges">102, 255, 102</p><p type="coordinates">1208, 2126</p><tags><tag>word</tag></tags></rectangle><rectangle><p type="text">aid</p><p type="orientation">0</p><p type="wh">143, 75</p><p type="color">255, 0, 0</p><p type="colorEdges">102, 255, 102</p><p type="coordinates">1348, 2126</p><tags><tag>word</tag></tags></rectangle><rectangle><p type="text">de</p><p type="orientation">0</p><p type="wh">91, 79</p><p type="color">255, 0, 0</p><p type="colorEdges">102, 255, 102</p><p type="coordinates">1492, 2130</p><tags><tag>word</tag></tags></rectangle><rectangle><p type="text">camp</p><p type="orientation">0</p><p type="wh">207, 70</p><p type="color">255, 0, 0</p><p type="colorEdges">102, 255, 102</p><p type="coordinates">1603, 2143</p><tags><tag>word</tag></tags></rectangle><rectangle><p type="text">at</p><p type="orientation">0</p><p type="wh">98, 56</p><p type="color">255, 0, 0</p><p type="colorEdges">102, 255, 102</p><p type="coordinates">292, 2222</p><tags><tag>word</tag></tags></rectangle><rectangle><p type="text">one</p><p type="orientation">0</p><p type="wh">131, 35</p><p type="color">255, 0, 0</p><p type="colorEdges">102, 255, 102</p><p type="coordinates">423, 2243</p><tags><tag>word</tag></tags></rectangle><rectangle><p type="text">of</p><p type="orientation">0</p><p type="wh">107, 94</p><p type="color">255, 0, 0</p><p type="colorEdges">102, 255, 102</p><p type="coordinates">584, 2211</p><tags><tag>word</tag></tags></rectangle><rectangle><p type="text">the</p><p type="orientation">0</p><p type="wh">126, 79</p><p type="color">255, 0, 0</p><p type="colorEdges">102, 255, 102</p><p type="coordinates">648, 2203</p><tags><tag>word</tag></tags></rectangle><rectangle><p type="text">clock</p><p type="orientation">0</p><p type="wh">238, 82</p><p type="color">255, 0, 0</p><p type="colorEdges">102, 255, 102</p><p type="coordinates">800, 2211</p><tags><tag>word</tag></tags></rectangle><rectangle><p type="text">to</p><p type="orientation">0</p><p type="wh">67, 56</p><p type="color">255, 0, 0</p><p type="colorEdges">102, 255, 102</p><p type="coordinates">1056, 2222</p><tags><tag>word</tag></tags></rectangle><rectangle><p type="text">receive</p><p type="orientation">0</p><p type="wh">235, 44</p><p type="color">255, 0, 0</p><p type="colorEdges">102, 255, 102</p><p type="coordinates">1167, 2238</p><tags><tag>word</tag></tags></rectangle><rectangle><p type="text">their</p><p type="orientation">0</p><p type="wh">170, 67</p><p type="color">255, 0, 0</p><p type="colorEdges">102, 255, 102</p><p type="coordinates">1448, 2211</p><tags><tag>word</tag></tags></rectangle><rectangle><p type="text">recrui</p><p type="orientation">0</p><p type="wh">215, 56</p><p type="color">255, 0, 0</p><p type="colorEdges">102, 255, 102</p><p type="coordinates">1619, 2222</p><tags><tag>word</tag></tags></rectangle><rectangle><p type="text">ting</p><p type="orientation">0</p><p type="wh">132, 82</p><p type="color">255, 0, 0</p><p type="colorEdges">102, 255, 102</p><p type="coordinates">295, 2315</p><tags><tag>word</tag></tags></rectangle><rectangle><p type="text">instructions</p><p type="orientation">0</p><p type="wh">458, 83</p><p type="color">255, 0, 0</p><p type="colorEdges">102, 255, 102</p><p type="coordinates">436, 2282</p><tags><tag>word</tag></tags></rectangle><rectangle><p type="text">each</p><p type="orientation">0</p><p type="wh">220, 70</p><p type="color">255, 0, 0</p><p type="colorEdges">102, 255, 102</p><p type="coordinates">955, 2295</p><tags><tag>word</tag></tags></rectangle><rectangle><p type="text">officer</p><p type="orientation">0</p><p type="wh">228, 75</p><p type="color">255, 0, 0</p><p type="colorEdges">102, 255, 102</p><p type="coordinates">1187, 2311</p><tags><tag>word</tag></tags></rectangle><rectangle><p type="text">present</p><p type="orientation">0</p><p type="wh">279, 75</p><p type="color">255, 0, 0</p><p type="colorEdges">102, 255, 102</p><p type="coordinates">1411, 2315</p><tags><tag>word</tag></tags></rectangle><rectangle><p type="text">to</p><p type="orientation">0</p><p type="wh">56, 71</p><p type="color">255, 0, 0</p><p type="colorEdges">102, 255, 102</p><p type="coordinates">1719, 2299</p><tags><tag>word</tag></tags></rectangle><rectangle><p type="text">give</p><p type="orientation">0</p><p type="wh">127, 63</p><p type="color">255, 0, 0</p><p type="colorEdges">102, 255, 102</p><p type="coordinates">1775, 2311</p><tags><tag>word</tag></tags></rectangle><rectangle><p type="text">in</p><p type="orientation">0</p><p type="wh">91, 34</p><p type="color">255, 0, 0</p><p type="colorEdges">102, 255, 102</p><p type="coordinates">295, 2415</p><tags><tag>word</tag></tags></rectangle><rectangle><p type="text">a</p><p type="orientation">0</p><p type="wh">67, 58</p><p type="color">255, 0, 0</p><p type="colorEdges">102, 255, 102</p><p type="coordinates">399, 2399</p><tags><tag>word</tag></tags></rectangle><rectangle><p type="text">return</p><p type="orientation">0</p><p type="wh">311, 83</p><p type="color">255, 0, 0</p><p type="colorEdges">102, 255, 102</p><p type="coordinates">480, 2382</p><tags><tag>word</tag></tags></rectangle><rectangle><p type="text">immediately</p><p type="orientation">0</p><p type="wh">543, 75</p><p type="color">255, 0, 0</p><p type="colorEdges">102, 255, 102</p><p type="coordinates">796, 2382</p><tags><tag>word</tag></tags></rectangle><rectangle><p type="text">of</p><p type="orientation">0</p><p type="wh">83, 71</p><p type="color">255, 0, 0</p><p type="colorEdges">102, 255, 102</p><p type="coordinates">1352, 2390</p><tags><tag>word</tag></tags></rectangle><rectangle><p type="text">the</p><p type="orientation">0</p><p type="wh">126, 67</p><p type="color">255, 0, 0</p><p type="colorEdges">102, 255, 102</p><p type="coordinates">1440, 2390</p><tags><tag>word</tag></tags></rectangle><rectangle><p type="text">number</p><p type="orientation">0</p><p type="wh">263, 54</p><p type="color">255, 0, 0</p><p type="colorEdges">102, 255, 102</p><p type="coordinates">1571, 2399</p><tags><tag>word</tag></tags></rectangle><rectangle><p type="text">of</p><p type="orientation">0</p><p type="wh">84, 79</p><p type="color">255, 0, 0</p><p type="colorEdges">102, 255, 102</p><p type="coordinates">299, 2470</p><tags><tag>word</tag></tags></rectangle><rectangle><p type="text">men</p><p type="orientation">0</p><p type="wh">214, 44</p><p type="color">255, 0, 0</p><p type="colorEdges">102, 255, 102</p><p type="coordinates">368, 2494</p><tags><tag>word</tag></tags></rectangle><rectangle><p type="text">he</p><p type="orientation">0</p><p type="wh">115, 75</p><p type="color">255, 0, 0</p><p type="colorEdges">102, 255, 102</p><p type="coordinates">567, 2459</p><tags><tag>word</tag></tags></rectangle><rectangle><p type="text">has</p><p type="orientation">0</p><p type="wh">150, 75</p><p type="color">255, 0, 0</p><p type="colorEdges">102, 255, 102</p><p type="coordinates">696, 2459</p><tags><tag>word</tag></tags></rectangle><rectangle><p type="text">enlisted</p><p type="orientation">0</p><p type="wh">304, 71</p><p type="color">255, 0, 0</p><p type="colorEdges">102, 255, 102</p><p type="coordinates">875, 2463</p><tags><tag>word</tag></tags></rectangle><rectangle><p type="text">one</p><p type="orientation">0</p><p type="wh">167, 64</p><p type="color">255, 0, 0</p><p type="colorEdges">102, 255, 102</p><p type="coordinates">1300, 2470</p><tags><tag>word</tag></tags></rectangle><rectangle><p type="text">subaltern</p><p type="orientation">0</p><p type="wh">386, 90</p><p type="color">255, 0, 0</p><p type="colorEdges">102, 255, 102</p><p type="coordinates">1468, 2459</p><tags><tag>word</tag></tags></rectangle><rectangle><p type="text">one</p><p type="orientation">0</p><p type="wh">108, 35</p><p type="color">255, 0, 0</p><p type="colorEdges">102, 255, 102</p><p type="coordinates">299, 2586</p><tags><tag>word</tag></tags></rectangle><rectangle><p type="text">sergeant</p><p type="orientation">0</p><p type="wh">320, 111</p><p type="color">255, 0, 0</p><p type="colorEdges">102, 255, 102</p><p type="coordinates">443, 2538</p><tags><tag>word</tag></tags></rectangle><rectangle><p type="text">one</p><p type="orientation">0</p><p type="wh">135, 35</p><p type="color">255, 0, 0</p><p type="colorEdges">102, 255, 102</p><p type="coordinates">783, 2586</p><tags><tag>word</tag></tags></rectangle><rectangle><p type="text">corporal</p><p type="orientation">0</p><p type="wh">355, 107</p><p type="color">255, 0, 0</p><p type="colorEdges">102, 255, 102</p><p type="coordinates">951, 2546</p><tags><tag>word</tag></tags></rectangle><rectangle><p type="text">one</p><p type="orientation">0</p><p type="wh">115, 35</p><p type="color">255, 0, 0</p><p type="colorEdges">102, 255, 102</p><p type="coordinates">1331, 2586</p><tags><tag>word</tag></tags></rectangle><rectangle><p type="text">drummer</p><p type="orientation">0</p><p type="wh">387, 87</p><p type="color">255, 0, 0</p><p type="colorEdges">102, 255, 102</p><p type="coordinates">1475, 2551</p><tags><tag>word</tag></tags></rectangle><rectangle><p type="text">and</p><p type="orientation">0</p><p type="wh">159, 66</p><p type="color">255, 0, 0</p><p type="colorEdges">102, 255, 102</p><p type="coordinates">288, 2651</p><tags><tag>word</tag></tags></rectangle><rectangle><p type="text">twenty</p><p type="orientation">0</p><p type="wh">262, 75</p><p type="color">255, 0, 0</p><p type="colorEdges">102, 255, 102</p><p type="coordinates">464, 2646</p><tags><tag>word</tag></tags></rectangle><rectangle><p type="text">five</p><p type="orientation">0</p><p type="wh">147, 100</p><p type="color">255, 0, 0</p><p type="colorEdges">102, 255, 102</p><p type="coordinates">755, 2630</p><tags><tag>word</tag></tags></rectangle><rectangle><p type="text">private</p><p type="orientation">0</p><p type="wh">283, 83</p><p type="color">255, 0, 0</p><p type="colorEdges">102, 255, 102</p><p type="coordinates">899, 2655</p><tags><tag>word</tag></tags></rectangle><rectangle><p type="text">men</p><p type="orientation">0</p><p type="wh">191, 47</p><p type="color">255, 0, 0</p><p type="colorEdges">102, 255, 102</p><p type="coordinates">1239, 2674</p><tags><tag>word</tag></tags></rectangle><rectangle><p type="text">are</p><p type="orientation">0</p><p type="wh">126, 62</p><p type="color">255, 0, 0</p><p type="colorEdges">102, 255, 102</p><p type="coordinates">1448, 2655</p><tags><tag>word</tag></tags></rectangle><rectangle><p type="text">to</p><p type="orientation">0</p><p type="wh">88, 87</p><p type="color">255, 0, 0</p><p type="colorEdges">102, 255, 102</p><p type="coordinates">1571, 2651</p><tags><tag>word</tag></tags></rectangle><rectangle><p type="text">mount</p><p type="orientation">0</p><p type="wh">231, 79</p><p type="color">255, 0, 0</p><p type="colorEdges">102, 255, 102</p><p type="coordinates">1647, 2651</p><tags><tag>word</tag></tags></rectangle><rectangle><p type="text">guard</p><p type="orientation">0</p><p type="wh">303, 75</p><p type="color">255, 0, 0</p><p type="colorEdges">102, 255, 102</p><p type="coordinates">288, 2726</p><tags><tag>word</tag></tags></rectangle><rectangle><p type="text">today</p><p type="orientation">0</p><p type="wh">266, 83</p><p type="color">255, 0, 0</p><p type="colorEdges">102, 255, 102</p><p type="coordinates">584, 2738</p><tags><tag>word</tag></tags></rectangle><rectangle><p type="text">and</p><p type="orientation">0</p><p type="wh">203, 71</p><p type="color">255, 0, 0</p><p type="colorEdges">102, 255, 102</p><p type="coordinates">835, 2746</p><tags><tag>word</tag></tags></rectangle><rectangle><p type="text">to</p><p type="orientation">0</p><p type="wh">63, 79</p><p type="color">255, 0, 0</p><p type="colorEdges">102, 255, 102</p><p type="coordinates">1036, 2734</p><tags><tag>word</tag></tags></rectangle><rectangle><p type="text">be</p><p type="orientation">0</p><p type="wh">139, 67</p><p type="color">255, 0, 0</p><p type="colorEdges">102, 255, 102</p><p type="coordinates">1104, 2738</p><tags><tag>word</tag></tags></rectangle><rectangle><p type="text">relieved</p><p type="orientation">0</p><p type="wh">300, 67</p><p type="color">255, 0, 0</p><p type="colorEdges">102, 255, 102</p><p type="coordinates">1235, 2738</p><tags><tag>word</tag></tags></rectangle><rectangle><p type="text">to</p><p type="orientation">0</p><p type="wh">87, 67</p><p type="color">255, 0, 0</p><p type="colorEdges">102, 255, 102</p><p type="coordinates">1551, 2742</p><tags><tag>word</tag></tags></rectangle><rectangle><p type="text">morrow</p><p type="orientation">0</p><p type="wh">259, 75</p><p type="color">255, 0, 0</p><p type="colorEdges">102, 255, 102</p><p type="coordinates">1651, 2738</p><tags><tag>word</tag></tags></rectangle><rectangle><p type="text">at</p><p type="orientation">0</p><p type="wh">111, 59</p><p type="color">255, 0, 0</p><p type="colorEdges">102, 255, 102</p><p type="coordinates">288, 2823</p><tags><tag>word</tag></tags></rectangle><rectangle><p type="text">ten</p><p type="orientation">0</p><p type="wh">132, 59</p><p type="color">255, 0, 0</p><p type="colorEdges">102, 255, 102</p><p type="coordinates">419, 2823</p><tags><tag>word</tag></tags></rectangle><rectangle><p type="text">oclock</p><p type="orientation">0</p><p type="wh">307, 71</p><p type="color">255, 0, 0</p><p type="colorEdges">102, 255, 102</p><p type="coordinates">563, 2823</p><tags><tag>word</tag></tags></rectangle><rectangle><p type="text">all</p><p type="orientation">0</p><p type="wh">115, 70</p><p type="color">255, 0, 0</p><p type="colorEdges">102, 255, 102</p><p type="coordinates">1104, 2803</p><tags><tag>word</tag></tags></rectangle><rectangle><p type="text">reports</p><p type="orientation">0</p><p type="wh">270, 91</p><p type="color">255, 0, 0</p><p type="colorEdges">102, 255, 102</p><p type="coordinates">1224, 2811</p><tags><tag>word</tag></tags></rectangle><rectangle><p type="text">and</p><p type="orientation">0</p><p type="wh">148, 79</p><p type="color">255, 0, 0</p><p type="colorEdges">102, 255, 102</p><p type="coordinates">1479, 2823</p><tags><tag>word</tag></tags></rectangle><rectangle><p type="text">returns</p><p type="orientation">0</p><p type="wh">314, 83</p><p type="color">255, 0, 0</p><p type="colorEdges">102, 255, 102</p><p type="coordinates">1612, 2819</p><tags><tag>word</tag></tags></rectangle><rectangle><p type="text">are</p><p type="orientation">0</p><p type="wh">115, 35</p><p type="color">255, 0, 0</p><p type="colorEdges">102, 255, 102</p><p type="coordinates">299, 2934</p><tags><tag>word</tag></tags></rectangle><rectangle><p type="text">to</p><p type="orientation">0</p><p type="wh">56, 42</p><p type="color">255, 0, 0</p><p type="colorEdges">102, 255, 102</p><p type="coordinates">471, 2919</p><tags><tag>word</tag></tags></rectangle><rectangle><p type="text">be</p><p type="orientation">0</p><p type="wh">115, 67</p><p type="color">255, 0, 0</p><p type="colorEdges">102, 255, 102</p><p type="coordinates">556, 2894</p><tags><tag>word</tag></tags></rectangle><rectangle><p type="text">made</p><p type="orientation">0</p><p type="wh">255, 62</p><p type="color">255, 0, 0</p><p type="colorEdges">102, 255, 102</p><p type="coordinates">700, 2911</p><tags><tag>word</tag></tags></rectangle><rectangle><p type="text">to</p><p type="orientation">0</p><p type="wh">63, 50</p><p type="color">255, 0, 0</p><p type="colorEdges">102, 255, 102</p><p type="coordinates">1003, 2907</p><tags><tag>word</tag></tags></rectangle><rectangle><p type="text">the</p><p type="orientation">0</p><p type="wh">119, 71</p><p type="color">255, 0, 0</p><p type="colorEdges">102, 255, 102</p><p type="coordinates">1084, 2894</p><tags><tag>word</tag></tags></rectangle><rectangle><p type="text">aid</p><p type="orientation">0</p><p type="wh">131, 50</p><p type="color">255, 0, 0</p><p type="colorEdges">102, 255, 102</p><p type="coordinates">1219, 2911</p><tags><tag>word</tag></tags></rectangle><rectangle><p type="text">de</p><p type="orientation">0</p><p type="wh">78, 54</p><p type="color">255, 0, 0</p><p type="colorEdges">102, 255, 102</p><p type="coordinates">1368, 2907</p><tags><tag>word</tag></tags></rectangle><rectangle><p type="text">camp</p><p type="orientation">0</p><p type="wh">235, 71</p><p type="color">255, 0, 0</p><p type="colorEdges">102, 255, 102</p><p type="coordinates">1472, 2919</p><tags><tag>word</tag></tags></rectangle></rectangle></content></data>