<?xml version='1.0' encoding='utf-8'?>
<data descr="TU Dortmund, LSXII Informatik, patrec, Image Annotation." ver="2016-10-15 v0.1.2"><content><rectangle><p type="text" /><rectangle><p type="text">274</p><p type="orientation">0</p><p type="wh">211, 118</p><p type="color">255, 0, 0</p><p type="colorEdges">102, 255, 102</p><p type="coordinates">147, 183</p><tags><tag>word</tag></tags></rectangle><rectangle><p type="text">letters</p><p type="orientation">0</p><p type="wh">312, 127</p><p type="color">255, 0, 0</p><p type="colorEdges">102, 255, 102</p><p type="coordinates">343, 166</p><tags><tag>word</tag></tags></rectangle><rectangle><p type="text">orders</p><p type="orientation">0</p><p type="wh">284, 107</p><p type="color">255, 0, 0</p><p type="colorEdges">102, 255, 102</p><p type="coordinates">647, 183</p><tags><tag>word</tag></tags></rectangle><rectangle><p type="text">and</p><p type="orientation">0</p><p type="wh">196, 87</p><p type="color">255, 0, 0</p><p type="colorEdges">102, 255, 102</p><p type="coordinates">923, 206</p><tags><tag>word</tag></tags></rectangle><rectangle><p type="text">instructions</p><p type="orientation">0</p><p type="wh">508, 123</p><p type="color">255, 0, 0</p><p type="colorEdges">102, 255, 102</p><p type="coordinates">1119, 170</p><tags><tag>word</tag></tags></rectangle><rectangle><p type="text">october</p><p type="orientation">0</p><p type="wh">268, 99</p><p type="color">255, 0, 0</p><p type="colorEdges">102, 255, 102</p><p type="coordinates">1619, 183</p><tags><tag>word</tag></tags></rectangle><rectangle><p type="text">1755</p><p type="orientation">0</p><p type="wh">134, 96</p><p type="color">255, 0, 0</p><p type="colorEdges">102, 255, 102</p><p type="coordinates">1880, 186</p><tags><tag>word</tag></tags></rectangle><rectangle><p type="text">delivered</p><p type="orientation">0</p><p type="wh">334, 68</p><p type="color">255, 0, 0</p><p type="colorEdges">102, 255, 102</p><p type="coordinates">352, 370</p><tags><tag>word</tag></tags></rectangle><rectangle><p type="text">out</p><p type="orientation">0</p><p type="wh">144, 51</p><p type="color">255, 0, 0</p><p type="colorEdges">102, 255, 102</p><p type="coordinates">699, 382</p><tags><tag>word</tag></tags></rectangle><rectangle><p type="text">to</p><p type="orientation">0</p><p type="wh">72, 50</p><p type="color">255, 0, 0</p><p type="colorEdges">102, 255, 102</p><p type="coordinates">851, 379</p><tags><tag>word</tag></tags></rectangle><rectangle><p type="text">the</p><p type="orientation">0</p><p type="wh">135, 74</p><p type="color">255, 0, 0</p><p type="colorEdges">102, 255, 102</p><p type="coordinates">943, 359</p><tags><tag>word</tag></tags></rectangle><rectangle><p type="text">companies</p><p type="orientation">0</p><p type="wh">430, 100</p><p type="color">255, 0, 0</p><p type="colorEdges">102, 255, 102</p><p type="coordinates">1092, 350</p><tags><tag>word</tag></tags></rectangle><rectangle><p type="text">according</p><p type="orientation">0</p><p type="wh">340, 75</p><p type="color">255, 0, 0</p><p type="colorEdges">102, 255, 102</p><p type="coordinates">1535, 379</p><tags><tag>word</tag></tags></rectangle><rectangle><p type="text">to</p><p type="orientation">0</p><p type="wh">56, 54</p><p type="color">255, 0, 0</p><p type="colorEdges">102, 255, 102</p><p type="coordinates">343, 471</p><tags><tag>word</tag></tags></rectangle><rectangle><p type="text">the</p><p type="orientation">0</p><p type="wh">131, 70</p><p type="color">255, 0, 0</p><p type="colorEdges">102, 255, 102</p><p type="coordinates">420, 455</p><tags><tag>word</tag></tags></rectangle><rectangle><p type="text">return</p><p type="orientation">0</p><p type="wh">310, 68</p><p type="color">255, 0, 0</p><p type="colorEdges">102, 255, 102</p><p type="coordinates">564, 450</p><tags><tag>word</tag></tags></rectangle><rectangle><p type="text">made</p><p type="orientation">0</p><p type="wh">232, 88</p><p type="color">255, 0, 0</p><p type="colorEdges">102, 255, 102</p><p type="coordinates">887, 462</p><tags><tag>word</tag></tags></rectangle><rectangle><p type="text">me</p><p type="orientation">0</p><p type="wh">157, 45</p><p type="color">255, 0, 0</p><p type="colorEdges">102, 255, 102</p><p type="coordinates">1150, 476</p><tags><tag>word</tag></tags></rectangle><rectangle><p type="text">at</p><p type="orientation">0</p><p type="wh">127, 72</p><p type="color">255, 0, 0</p><p type="colorEdges">102, 255, 102</p><p type="coordinates">1315, 462</p><tags><tag>word</tag></tags></rectangle><rectangle><p type="text">fort</p><p type="orientation">0</p><p type="wh">168, 68</p><p type="color">255, 0, 0</p><p type="colorEdges">102, 255, 102</p><p type="coordinates">1459, 446</p><tags><tag>word</tag></tags></rectangle><rectangle><p type="text">cum</p><p type="orientation">0</p><p type="wh">216, 63</p><p type="color">255, 0, 0</p><p type="colorEdges">102, 255, 102</p><p type="coordinates">1635, 446</p><tags><tag>word</tag></tags></rectangle><rectangle><p type="text">berland</p><p type="orientation">0</p><p type="wh">327, 87</p><p type="color">255, 0, 0</p><p type="colorEdges">102, 255, 102</p><p type="coordinates">343, 535</p><tags><tag>word</tag></tags></rectangle><rectangle><p type="text">october</p><p type="orientation">0</p><p type="wh">287, 78</p><p type="color">255, 0, 0</p><p type="colorEdges">102, 255, 102</p><p type="coordinates">675, 535</p><tags><tag>word</tag></tags></rectangle><rectangle><p type="text">26th</p><p type="orientation">0</p><p type="wh">128, 86</p><p type="color">255, 0, 0</p><p type="colorEdges">102, 255, 102</p><p type="coordinates">975, 519</p><tags><tag>word</tag></tags></rectangle><rectangle><p type="text">i</p><p type="orientation">0</p><p type="wh">110, 86</p><p type="color">255, 0, 0</p><p type="colorEdges">102, 255, 102</p><p type="coordinates">1220, 515</p><tags><tag>word</tag></tags></rectangle><rectangle><p type="text">have</p><p type="orientation">0</p><p type="wh">235, 79</p><p type="color">255, 0, 0</p><p type="colorEdges">102, 255, 102</p><p type="coordinates">1268, 522</p><tags><tag>word</tag></tags></rectangle><rectangle><p type="text">sent</p><p type="orientation">0</p><p type="wh">183, 52</p><p type="color">255, 0, 0</p><p type="colorEdges">102, 255, 102</p><p type="coordinates">1516, 542</p><tags><tag>word</tag></tags></rectangle><rectangle><p type="text">more</p><p type="orientation">0</p><p type="wh">170, 31</p><p type="color">255, 0, 0</p><p type="colorEdges">102, 255, 102</p><p type="coordinates">1692, 563</p><tags><tag>word</tag></tags></rectangle><rectangle><p type="text">suits</p><p type="orientation">0</p><p type="wh">191, 91</p><p type="color">255, 0, 0</p><p type="colorEdges">102, 255, 102</p><p type="coordinates">335, 611</p><tags><tag>word</tag></tags></rectangle><rectangle><p type="text">than</p><p type="orientation">0</p><p type="wh">203, 79</p><p type="color">255, 0, 0</p><p type="colorEdges">102, 255, 102</p><p type="coordinates">539, 614</p><tags><tag>word</tag></tags></rectangle><rectangle><p type="text">are</p><p type="orientation">0</p><p type="wh">142, 35</p><p type="color">255, 0, 0</p><p type="colorEdges">102, 255, 102</p><p type="coordinates">760, 655</p><tags><tag>word</tag></tags></rectangle><rectangle><p type="text">necessary</p><p type="orientation">0</p><p type="wh">372, 99</p><p type="color">255, 0, 0</p><p type="colorEdges">102, 255, 102</p><p type="coordinates">915, 623</p><tags><tag>word</tag></tags></rectangle><rectangle><p type="text">in</p><p type="orientation">0</p><p type="wh">106, 72</p><p type="color">255, 0, 0</p><p type="colorEdges">102, 255, 102</p><p type="coordinates">1312, 614</p><tags><tag>word</tag></tags></rectangle><rectangle><p type="text">case</p><p type="orientation">0</p><p type="wh">147, 40</p><p type="color">255, 0, 0</p><p type="colorEdges">102, 255, 102</p><p type="coordinates">1436, 646</p><tags><tag>word</tag></tags></rectangle><rectangle><p type="text">of</p><p type="orientation">0</p><p type="wh">91, 91</p><p type="color">255, 0, 0</p><p type="colorEdges">102, 255, 102</p><p type="coordinates">1596, 618</p><tags><tag>word</tag></tags></rectangle><rectangle><p type="text">getting</p><p type="orientation">0</p><p type="wh">243, 92</p><p type="color">255, 0, 0</p><p type="colorEdges">102, 255, 102</p><p type="coordinates">1663, 630</p><tags><tag>word</tag></tags></rectangle><rectangle><p type="text">a</p><p type="orientation">0</p><p type="wh">56, 44</p><p type="color">255, 0, 0</p><p type="colorEdges">102, 255, 102</p><p type="coordinates">335, 738</p><tags><tag>word</tag></tags></rectangle><rectangle><p type="text">recruit</p><p type="orientation">0</p><p type="wh">359, 75</p><p type="color">255, 0, 0</p><p type="colorEdges">102, 255, 102</p><p type="coordinates">399, 710</p><tags><tag>word</tag></tags></rectangle><rectangle><p type="text">c</p><p type="orientation">0</p><p type="wh">95, 54</p><p type="color">255, 0, 0</p><p type="colorEdges">102, 255, 102</p><p type="coordinates">760, 715</p><tags><tag>word</tag></tags></rectangle><rectangle><p type="text">you</p><p type="orientation">0</p><p type="wh">164, 91</p><p type="color">255, 0, 0</p><p type="colorEdges">102, 255, 102</p><p type="coordinates">895, 710</p><tags><tag>word</tag></tags></rectangle><rectangle><p type="text">must</p><p type="orientation">0</p><p type="wh">235, 54</p><p type="color">255, 0, 0</p><p type="colorEdges">102, 255, 102</p><p type="coordinates">1083, 715</p><tags><tag>word</tag></tags></rectangle><rectangle><p type="text">do</p><p type="orientation">0</p><p type="wh">95, 52</p><p type="color">255, 0, 0</p><p type="colorEdges">102, 255, 102</p><p type="coordinates">1331, 710</p><tags><tag>word</tag></tags></rectangle><rectangle><p type="text">the</p><p type="orientation">0</p><p type="wh">139, 68</p><p type="color">255, 0, 0</p><p type="colorEdges">102, 255, 102</p><p type="coordinates">1452, 698</p><tags><tag>word</tag></tags></rectangle><rectangle><p type="text">best</p><p type="orientation">0</p><p type="wh">163, 72</p><p type="color">255, 0, 0</p><p type="colorEdges">102, 255, 102</p><p type="coordinates">1604, 694</p><tags><tag>word</tag></tags></rectangle><rectangle><p type="text">you</p><p type="orientation">0</p><p type="wh">136, 70</p><p type="color">255, 0, 0</p><p type="colorEdges">102, 255, 102</p><p type="coordinates">1767, 715</p><tags><tag>word</tag></tags></rectangle><rectangle><p type="text">can</p><p type="orientation">0</p><p type="wh">150, 38</p><p type="color">255, 0, 0</p><p type="colorEdges">102, 255, 102</p><p type="coordinates">332, 827</p><tags><tag>word</tag></tags></rectangle><rectangle><p type="text">in</p><p type="orientation">0</p><p type="wh">102, 65</p><p type="color">255, 0, 0</p><p type="colorEdges">102, 255, 102</p><p type="coordinates">516, 800</p><tags><tag>word</tag></tags></rectangle><rectangle><p type="text">lodging</p><p type="orientation">0</p><p type="wh">278, 123</p><p type="color">255, 0, 0</p><p type="colorEdges">102, 255, 102</p><p type="coordinates">624, 779</p><tags><tag>word</tag></tags></rectangle><rectangle><p type="text">the</p><p type="orientation">0</p><p type="wh">158, 79</p><p type="color">255, 0, 0</p><p type="colorEdges">102, 255, 102</p><p type="coordinates">892, 786</p><tags><tag>word</tag></tags></rectangle><rectangle><p type="text">men</p><p type="orientation">0</p><p type="wh">220, 59</p><p type="color">255, 0, 0</p><p type="colorEdges">102, 255, 102</p><p type="coordinates">1067, 815</p><tags><tag>word</tag></tags></rectangle><rectangle><p type="text">as</p><p type="orientation">0</p><p type="wh">87, 38</p><p type="color">255, 0, 0</p><p type="colorEdges">102, 255, 102</p><p type="coordinates">1300, 815</p><tags><tag>word</tag></tags></rectangle><rectangle><p type="text">the</p><p type="orientation">0</p><p type="wh">147, 66</p><p type="color">255, 0, 0</p><p type="colorEdges">102, 255, 102</p><p type="coordinates">1408, 783</p><tags><tag>word</tag></tags></rectangle><rectangle><p type="text">barracks</p><p type="orientation">0</p><p type="wh">335, 67</p><p type="color">255, 0, 0</p><p type="colorEdges">102, 255, 102</p><p type="coordinates">1560, 779</p><tags><tag>word</tag></tags></rectangle><rectangle><p type="text">in</p><p type="orientation">0</p><p type="wh">88, 56</p><p type="color">255, 0, 0</p><p type="colorEdges">102, 255, 102</p><p type="coordinates">350, 890</p><tags><tag>word</tag></tags></rectangle><rectangle><p type="text">the</p><p type="orientation">0</p><p type="wh">131, 67</p><p type="color">255, 0, 0</p><p type="colorEdges">102, 255, 102</p><p type="coordinates">459, 878</p><tags><tag>word</tag></tags></rectangle><rectangle><p type="text">fort</p><p type="orientation">0</p><p type="wh">199, 75</p><p type="color">255, 0, 0</p><p type="colorEdges">102, 255, 102</p><p type="coordinates">603, 875</p><tags><tag>word</tag></tags></rectangle><rectangle><p type="text">are</p><p type="orientation">0</p><p type="wh">127, 60</p><p type="color">255, 0, 0</p><p type="colorEdges">102, 255, 102</p><p type="coordinates">832, 894</p><tags><tag>word</tag></tags></rectangle><rectangle><p type="text">full</p><p type="orientation">0</p><p type="wh">212, 86</p><p type="color">255, 0, 0</p><p type="colorEdges">102, 255, 102</p><p type="coordinates">987, 875</p><tags><tag>word</tag></tags></rectangle><rectangle><p type="text">as</p><p type="orientation">0</p><p type="wh">132, 70</p><p type="color">255, 0, 0</p><p type="colorEdges">102, 255, 102</p><p type="coordinates">1235, 871</p><tags><tag>word</tag></tags></rectangle><rectangle><p type="text">sergeant</p><p type="orientation">0</p><p type="wh">331, 118</p><p type="color">255, 0, 0</p><p type="colorEdges">102, 255, 102</p><p type="coordinates">1395, 855</p><tags><tag>word</tag></tags></rectangle><rectangle><p type="text">wil</p><p type="orientation">0</p><p type="wh">160, 71</p><p type="color">255, 0, 0</p><p type="colorEdges">102, 255, 102</p><p type="coordinates">1728, 859</p><tags><tag>word</tag></tags></rectangle><rectangle><p type="text">per</p><p type="orientation">0</p><p type="wh">147, 68</p><p type="color">255, 0, 0</p><p type="colorEdges">102, 255, 102</p><p type="coordinates">335, 990</p><tags><tag>word</tag></tags></rectangle><rectangle><p type="text">is</p><p type="orientation">0</p><p type="wh">67, 59</p><p type="color">255, 0, 0</p><p type="colorEdges">102, 255, 102</p><p type="coordinates">500, 974</p><tags><tag>word</tag></tags></rectangle><rectangle><p type="text">waiting</p><p type="orientation">0</p><p type="wh">327, 96</p><p type="color">255, 0, 0</p><p type="colorEdges">102, 255, 102</p><p type="coordinates">588, 962</p><tags><tag>word</tag></tags></rectangle><rectangle><p type="text">the</p><p type="orientation">0</p><p type="wh">131, 79</p><p type="color">255, 0, 0</p><p type="colorEdges">102, 255, 102</p><p type="coordinates">928, 951</p><tags><tag>word</tag></tags></rectangle><rectangle><p type="text">return</p><p type="orientation">0</p><p type="wh">283, 54</p><p type="color">255, 0, 0</p><p type="colorEdges">102, 255, 102</p><p type="coordinates">1088, 967</p><tags><tag>word</tag></tags></rectangle><rectangle><p type="text">of</p><p type="orientation">0</p><p type="wh">95, 91</p><p type="color">255, 0, 0</p><p type="colorEdges">102, 255, 102</p><p type="coordinates">1372, 962</p><tags><tag>word</tag></tags></rectangle><rectangle><p type="text">the</p><p type="orientation">0</p><p type="wh">122, 80</p><p type="color">255, 0, 0</p><p type="colorEdges">102, 255, 102</p><p type="coordinates">1464, 946</p><tags><tag>word</tag></tags></rectangle><rectangle><p type="text">waggons</p><p type="orientation">0</p><p type="wh">283, 75</p><p type="color">255, 0, 0</p><p type="colorEdges">102, 255, 102</p><p type="coordinates">1615, 974</p><tags><tag>word</tag></tags></rectangle><rectangle><p type="text">from</p><p type="orientation">0</p><p type="wh">219, 103</p><p type="color">255, 0, 0</p><p type="colorEdges">102, 255, 102</p><p type="coordinates">340, 1047</p><tags><tag>word</tag></tags></rectangle><rectangle><p type="text">the</p><p type="orientation">0</p><p type="wh">139, 75</p><p type="color">255, 0, 0</p><p type="colorEdges">102, 255, 102</p><p type="coordinates">580, 1038</p><tags><tag>word</tag></tags></rectangle><rectangle><p type="text">fort</p><p type="orientation">0</p><p type="wh">191, 114</p><p type="color">255, 0, 0</p><p type="colorEdges">102, 255, 102</p><p type="coordinates">724, 1027</p><tags><tag>word</tag></tags></rectangle><rectangle><p type="text">for</p><p type="orientation">0</p><p type="wh">111, 84</p><p type="color">255, 0, 0</p><p type="colorEdges">102, 255, 102</p><p type="coordinates">923, 1050</p><tags><tag>word</tag></tags></rectangle><rectangle><p type="text">necessaries</p><p type="orientation">0</p><p type="wh">423, 107</p><p type="color">255, 0, 0</p><p type="colorEdges">102, 255, 102</p><p type="coordinates">1052, 1043</p><tags><tag>word</tag></tags></rectangle><rectangle><p type="text">for</p><p type="orientation">0</p><p type="wh">132, 91</p><p type="color">255, 0, 0</p><p type="colorEdges">102, 255, 102</p><p type="coordinates">1475, 1038</p><tags><tag>word</tag></tags></rectangle><rectangle><p type="text">captain</p><p type="orientation">0</p><p type="wh">270, 84</p><p type="color">255, 0, 0</p><p type="colorEdges">102, 255, 102</p><p type="coordinates">1624, 1038</p><tags><tag>word</tag></tags></rectangle><rectangle><p type="text">hoggs</p><p type="orientation">0</p><p type="wh">252, 104</p><p type="color">255, 0, 0</p><p type="colorEdges">102, 255, 102</p><p type="coordinates">327, 1130</p><tags><tag>word</tag></tags></rectangle><rectangle><p type="text">company</p><p type="orientation">0</p><p type="wh">439, 100</p><p type="color">255, 0, 0</p><p type="colorEdges">102, 255, 102</p><p type="coordinates">608, 1130</p><tags><tag>word</tag></tags></rectangle><rectangle><p type="text">so</p><p type="orientation">0</p><p type="wh">100, 50</p><p type="color">255, 0, 0</p><p type="colorEdges">102, 255, 102</p><p type="coordinates">1055, 1155</p><tags><tag>word</tag></tags></rectangle><rectangle><p type="text">soon</p><p type="orientation">0</p><p type="wh">188, 58</p><p type="color">255, 0, 0</p><p type="colorEdges">102, 255, 102</p><p type="coordinates">1147, 1151</p><tags><tag>word</tag></tags></rectangle><rectangle><p type="text">as</p><p type="orientation">0</p><p type="wh">95, 35</p><p type="color">255, 0, 0</p><p type="colorEdges">102, 255, 102</p><p type="coordinates">1356, 1158</p><tags><tag>word</tag></tags></rectangle><rectangle><p type="text">they</p><p type="orientation">0</p><p type="wh">166, 98</p><p type="color">255, 0, 0</p><p type="colorEdges">102, 255, 102</p><p type="coordinates">1472, 1123</p><tags><tag>word</tag></tags></rectangle><rectangle><p type="text">arrive</p><p type="orientation">0</p><p type="wh">218, 64</p><p type="color">255, 0, 0</p><p type="colorEdges">102, 255, 102</p><p type="coordinates">1656, 1116</p><tags><tag>word</tag></tags></rectangle><rectangle><p type="text">you</p><p type="orientation">0</p><p type="wh">167, 70</p><p type="color">255, 0, 0</p><p type="colorEdges">102, 255, 102</p><p type="coordinates">340, 1243</p><tags><tag>word</tag></tags></rectangle><rectangle><p type="text">are</p><p type="orientation">0</p><p type="wh">127, 35</p><p type="color">255, 0, 0</p><p type="colorEdges">102, 255, 102</p><p type="coordinates">523, 1250</p><tags><tag>word</tag></tags></rectangle><rectangle><p type="text">to</p><p type="orientation">0</p><p type="wh">64, 54</p><p type="color">255, 0, 0</p><p type="colorEdges">102, 255, 102</p><p type="coordinates">675, 1227</p><tags><tag>word</tag></tags></rectangle><rectangle><p type="text">see</p><p type="orientation">0</p><p type="wh">160, 42</p><p type="color">255, 0, 0</p><p type="colorEdges">102, 255, 102</p><p type="coordinates">771, 1243</p><tags><tag>word</tag></tags></rectangle><rectangle><p type="text">that</p><p type="orientation">0</p><p type="wh">191, 71</p><p type="color">255, 0, 0</p><p type="colorEdges">102, 255, 102</p><p type="coordinates">939, 1210</p><tags><tag>word</tag></tags></rectangle><rectangle><p type="text">he</p><p type="orientation">0</p><p type="wh">86, 72</p><p type="color">255, 0, 0</p><p type="colorEdges">102, 255, 102</p><p type="coordinates">1152, 1206</p><tags><tag>word</tag></tags></rectangle><rectangle><p type="text">receives</p><p type="orientation">0</p><p type="wh">327, 47</p><p type="color">255, 0, 0</p><p type="colorEdges">102, 255, 102</p><p type="coordinates">1243, 1234</p><tags><tag>word</tag></tags></rectangle><rectangle><p type="text">such</p><p type="orientation">0</p><p type="wh">230, 59</p><p type="color">255, 0, 0</p><p type="colorEdges">102, 255, 102</p><p type="coordinates">1588, 1210</p><tags><tag>word</tag></tags></rectangle><rectangle><p type="text">things</p><p type="orientation">0</p><p type="wh">279, 100</p><p type="color">255, 0, 0</p><p type="colorEdges">102, 255, 102</p><p type="coordinates">332, 1298</p><tags><tag>word</tag></tags></rectangle><rectangle><p type="text">as</p><p type="orientation">0</p><p type="wh">83, 36</p><p type="color">255, 0, 0</p><p type="colorEdges">102, 255, 102</p><p type="coordinates">639, 1334</p><tags><tag>word</tag></tags></rectangle><rectangle><p type="text">he</p><p type="orientation">0</p><p type="wh">95, 68</p><p type="color">255, 0, 0</p><p type="colorEdges">102, 255, 102</p><p type="coordinates">740, 1302</p><tags><tag>word</tag></tags></rectangle><rectangle><p type="text">has</p><p type="orientation">0</p><p type="wh">135, 74</p><p type="color">255, 0, 0</p><p type="colorEdges">102, 255, 102</p><p type="coordinates">868, 1291</p><tags><tag>word</tag></tags></rectangle><rectangle><p type="text">orders</p><p type="orientation">0</p><p type="wh">199, 58</p><p type="color">255, 0, 0</p><p type="colorEdges">102, 255, 102</p><p type="coordinates">1039, 1307</p><tags><tag>word</tag></tags></rectangle><rectangle><p type="text">for</p><p type="orientation">0</p><p type="wh">134, 90</p><p type="color">255, 0, 0</p><p type="colorEdges">102, 255, 102</p><p type="coordinates">1248, 1291</p><tags><tag>word</tag></tags></rectangle><rectangle><p type="text">and</p><p type="orientation">0</p><p type="wh">155, 38</p><p type="color">255, 0, 0</p><p type="colorEdges">102, 255, 102</p><p type="coordinates">1392, 1323</p><tags><tag>word</tag></tags></rectangle><rectangle><p type="text">dispatch</p><p type="orientation">0</p><p type="wh">319, 72</p><p type="color">255, 0, 0</p><p type="colorEdges">102, 255, 102</p><p type="coordinates">1571, 1298</p><tags><tag>word</tag></tags></rectangle><rectangle><p type="text">him</p><p type="orientation">0</p><p type="wh">166, 83</p><p type="color">255, 0, 0</p><p type="colorEdges">102, 255, 102</p><p type="coordinates">352, 1374</p><tags><tag>word</tag></tags></rectangle><rectangle><p type="text">immediately</p><p type="orientation">0</p><p type="wh">503, 72</p><p type="color">255, 0, 0</p><p type="colorEdges">102, 255, 102</p><p type="coordinates">512, 1394</p><tags><tag>word</tag></tags></rectangle><rectangle><p type="text">if</p><p type="orientation">0</p><p type="wh">124, 102</p><p type="color">255, 0, 0</p><p type="colorEdges">102, 255, 102</p><p type="coordinates">1047, 1367</p><tags><tag>word</tag></tags></rectangle><rectangle><p type="text">no</p><p type="orientation">0</p><p type="wh">98, 31</p><p type="color">255, 0, 0</p><p type="colorEdges">102, 255, 102</p><p type="coordinates">1160, 1419</p><tags><tag>word</tag></tags></rectangle><rectangle><p type="text">other</p><p type="orientation">0</p><p type="wh">170, 72</p><p type="color">255, 0, 0</p><p type="colorEdges">102, 255, 102</p><p type="coordinates">1284, 1374</p><tags><tag>word</tag></tags></rectangle><rectangle><p type="text">horses</p><p type="orientation">0</p><p type="wh">230, 83</p><p type="color">255, 0, 0</p><p type="colorEdges">102, 255, 102</p><p type="coordinates">1488, 1374</p><tags><tag>word</tag></tags></rectangle><rectangle><p type="text">belong</p><p type="orientation">0</p><p type="wh">183, 92</p><p type="color">255, 0, 0</p><p type="colorEdges">102, 255, 102</p><p type="coordinates">1728, 1374</p><tags><tag>word</tag></tags></rectangle><rectangle><p type="text">ing</p><p type="orientation">0</p><p type="wh">113, 81</p><p type="color">255, 0, 0</p><p type="colorEdges">102, 255, 102</p><p type="coordinates">350, 1480</p><tags><tag>word</tag></tags></rectangle><rectangle><p type="text">to</p><p type="orientation">0</p><p type="wh">64, 55</p><p type="color">255, 0, 0</p><p type="colorEdges">102, 255, 102</p><p type="coordinates">487, 1483</p><tags><tag>word</tag></tags></rectangle><rectangle><p type="text">the</p><p type="orientation">0</p><p type="wh">148, 75</p><p type="color">255, 0, 0</p><p type="colorEdges">102, 255, 102</p><p type="coordinates">587, 1463</p><tags><tag>word</tag></tags></rectangle><rectangle><p type="text">country</p><p type="orientation">0</p><p type="wh">319, 104</p><p type="color">255, 0, 0</p><p type="colorEdges">102, 255, 102</p><p type="coordinates">743, 1470</p><tags><tag>word</tag></tags></rectangle><rectangle><p type="text">can</p><p type="orientation">0</p><p type="wh">139, 34</p><p type="color">255, 0, 0</p><p type="colorEdges">102, 255, 102</p><p type="coordinates">1083, 1495</p><tags><tag>word</tag></tags></rectangle><rectangle><p type="text">be</p><p type="orientation">0</p><p type="wh">98, 71</p><p type="color">255, 0, 0</p><p type="colorEdges">102, 255, 102</p><p type="coordinates">1240, 1458</p><tags><tag>word</tag></tags></rectangle><rectangle><p type="text">had</p><p type="orientation">0</p><p type="wh">174, 75</p><p type="color">255, 0, 0</p><p type="colorEdges">102, 255, 102</p><p type="coordinates">1392, 1458</p><tags><tag>word</tag></tags></rectangle><rectangle><p type="text">here</p><p type="orientation">0</p><p type="wh">156, 64</p><p type="color">255, 0, 0</p><p type="colorEdges">102, 255, 102</p><p type="coordinates">1576, 1458</p><tags><tag>word</tag></tags></rectangle><rectangle><p type="text">one</p><p type="orientation">0</p><p type="wh">147, 31</p><p type="color">255, 0, 0</p><p type="colorEdges">102, 255, 102</p><p type="coordinates">1748, 1495</p><tags><tag>word</tag></tags></rectangle><rectangle><p type="text">of</p><p type="orientation">0</p><p type="wh">103, 95</p><p type="color">255, 0, 0</p><p type="colorEdges">102, 255, 102</p><p type="coordinates">343, 1555</p><tags><tag>word</tag></tags></rectangle><rectangle><p type="text">the</p><p type="orientation">0</p><p type="wh">123, 70</p><p type="color">255, 0, 0</p><p type="colorEdges">102, 255, 102</p><p type="coordinates">423, 1555</p><tags><tag>word</tag></tags></rectangle><rectangle><p type="text">country</p><p type="orientation">0</p><p type="wh">304, 94</p><p type="color">255, 0, 0</p><p type="colorEdges">102, 255, 102</p><p type="coordinates">595, 1559</p><tags><tag>word</tag></tags></rectangle><rectangle><p type="text">teams</p><p type="orientation">0</p><p type="wh">263, 69</p><p type="color">255, 0, 0</p><p type="colorEdges">102, 255, 102</p><p type="coordinates">920, 1556</p><tags><tag>word</tag></tags></rectangle><rectangle><p type="text">must</p><p type="orientation">0</p><p type="wh">230, 63</p><p type="color">255, 0, 0</p><p type="colorEdges">102, 255, 102</p><p type="coordinates">1212, 1562</p><tags><tag>word</tag></tags></rectangle><rectangle><p type="text">be</p><p type="orientation">0</p><p type="wh">70, 67</p><p type="color">255, 0, 0</p><p type="colorEdges">102, 255, 102</p><p type="coordinates">1464, 1546</p><tags><tag>word</tag></tags></rectangle><rectangle><p type="text">stopped</p><p type="orientation">0</p><p type="wh">260, 76</p><p type="color">255, 0, 0</p><p type="colorEdges">102, 255, 102</p><p type="coordinates">1571, 1562</p><tags><tag>word</tag></tags></rectangle><rectangle><p type="text">and</p><p type="orientation">0</p><p type="wh">164, 40</p><p type="color">255, 0, 0</p><p type="colorEdges">102, 255, 102</p><p type="coordinates">335, 1674</p><tags><tag>word</tag></tags></rectangle><rectangle><p type="text">the</p><p type="orientation">0</p><p type="wh">138, 68</p><p type="color">255, 0, 0</p><p type="colorEdges">102, 255, 102</p><p type="coordinates">512, 1642</p><tags><tag>word</tag></tags></rectangle><rectangle><p type="text">horses</p><p type="orientation">0</p><p type="wh">232, 79</p><p type="color">255, 0, 0</p><p type="colorEdges">102, 255, 102</p><p type="coordinates">647, 1631</p><tags><tag>word</tag></tags></rectangle><rectangle><p type="text">given</p><p type="orientation">0</p><p type="wh">216, 88</p><p type="color">255, 0, 0</p><p type="colorEdges">102, 255, 102</p><p type="coordinates">872, 1646</p><tags><tag>word</tag></tags></rectangle><rectangle><p type="text">to</p><p type="orientation">0</p><p type="wh">64, 54</p><p type="color">255, 0, 0</p><p type="colorEdges">102, 255, 102</p><p type="coordinates">1111, 1647</p><tags><tag>word</tag></tags></rectangle><rectangle><p type="text">him</p><p type="orientation">0</p><p type="wh">198, 68</p><p type="color">255, 0, 0</p><p type="colorEdges">102, 255, 102</p><p type="coordinates">1196, 1630</p><tags><tag>word</tag></tags></rectangle><rectangle><p type="text">you</p><p type="orientation">0</p><p type="wh">150, 86</p><p type="color">255, 0, 0</p><p type="colorEdges">102, 255, 102</p><p type="coordinates">1428, 1647</p><tags><tag>word</tag></tags></rectangle><rectangle><p type="text">must</p><p type="orientation">0</p><p type="wh">184, 56</p><p type="color">255, 0, 0</p><p type="colorEdges">102, 255, 102</p><p type="coordinates">1619, 1642</p><tags><tag>word</tag></tags></rectangle><rectangle><p type="text">engage</p><p type="orientation">0</p><p type="wh">283, 54</p><p type="color">255, 0, 0</p><p type="colorEdges">102, 255, 102</p><p type="coordinates">348, 1759</p><tags><tag>word</tag></tags></rectangle><rectangle><p type="text">the</p><p type="orientation">0</p><p type="wh">119, 71</p><p type="color">255, 0, 0</p><p type="colorEdges">102, 255, 102</p><p type="coordinates">636, 1715</p><tags><tag>word</tag></tags></rectangle><rectangle><p type="text">herdsmen</p><p type="orientation">0</p><p type="wh">367, 84</p><p type="color">255, 0, 0</p><p type="colorEdges">102, 255, 102</p><p type="coordinates">791, 1706</p><tags><tag>word</tag></tags></rectangle><rectangle><p type="text">to</p><p type="orientation">0</p><p type="wh">64, 55</p><p type="color">255, 0, 0</p><p type="colorEdges">102, 255, 102</p><p type="coordinates">1179, 1731</p><tags><tag>word</tag></tags></rectangle><rectangle><p type="text">remain</p><p type="orientation">0</p><p type="wh">315, 71</p><p type="color">255, 0, 0</p><p type="colorEdges">102, 255, 102</p><p type="coordinates">1263, 1722</p><tags><tag>word</tag></tags></rectangle><rectangle><p type="text">with</p><p type="orientation">0</p><p type="wh">190, 72</p><p type="color">255, 0, 0</p><p type="colorEdges">102, 255, 102</p><p type="coordinates">1586, 1706</p><tags><tag>word</tag></tags></rectangle><rectangle><p type="text">the</p><p type="orientation">0</p><p type="wh">120, 92</p><p type="color">255, 0, 0</p><p type="colorEdges">102, 255, 102</p><p type="coordinates">343, 1794</p><tags><tag>word</tag></tags></rectangle><rectangle><p type="text">cattle</p><p type="orientation">0</p><p type="wh">222, 72</p><p type="color">255, 0, 0</p><p type="colorEdges">102, 255, 102</p><p type="coordinates">492, 1814</p><tags><tag>word</tag></tags></rectangle><rectangle><p type="text">until</p><p type="orientation">0</p><p type="wh">255, 68</p><p type="color">255, 0, 0</p><p type="colorEdges">102, 255, 102</p><p type="coordinates">732, 1814</p><tags><tag>word</tag></tags></rectangle><rectangle><p type="text">they</p><p type="orientation">0</p><p type="wh">178, 107</p><p type="color">255, 0, 0</p><p type="colorEdges">102, 255, 102</p><p type="coordinates">1008, 1803</p><tags><tag>word</tag></tags></rectangle><rectangle><p type="text">hear</p><p type="orientation">0</p><p type="wh">183, 75</p><p type="color">255, 0, 0</p><p type="colorEdges">102, 255, 102</p><p type="coordinates">1196, 1798</p><tags><tag>word</tag></tags></rectangle><rectangle><p type="text">from</p><p type="orientation">0</p><p type="wh">207, 97</p><p type="color">255, 0, 0</p><p type="colorEdges">102, 255, 102</p><p type="coordinates">1403, 1796</p><tags><tag>word</tag></tags></rectangle><rectangle><p type="text">the</p><p type="orientation">0</p><p type="wh">116, 72</p><p type="color">255, 0, 0</p><p type="colorEdges">102, 255, 102</p><p type="coordinates">1618, 1790</p><tags><tag>word</tag></tags></rectangle><rectangle><p type="text">com</p><p type="orientation">0</p><p type="wh">164, 52</p><p type="color">255, 0, 0</p><p type="colorEdges">102, 255, 102</p><p type="coordinates">1736, 1814</p><tags><tag>word</tag></tags></rectangle><rectangle><p type="text">missary</p><p type="orientation">0</p><p type="wh">315, 98</p><p type="color">255, 0, 0</p><p type="colorEdges">102, 255, 102</p><p type="coordinates">340, 1899</p><tags><tag>word</tag></tags></rectangle><rectangle><p type="text">or</p><p type="orientation">0</p><p type="wh">91, 34</p><p type="color">255, 0, 0</p><p type="colorEdges">102, 255, 102</p><p type="coordinates">680, 1931</p><tags><tag>word</tag></tags></rectangle><rectangle><p type="text">from</p><p type="orientation">0</p><p type="wh">216, 100</p><p type="color">255, 0, 0</p><p type="colorEdges">102, 255, 102</p><p type="coordinates">779, 1890</p><tags><tag>word</tag></tags></rectangle><rectangle><p type="text">me</p><p type="orientation">0</p><p type="wh">155, 40</p><p type="color">255, 0, 0</p><p type="colorEdges">102, 255, 102</p><p type="coordinates">1008, 1922</p><tags><tag>word</tag></tags></rectangle><rectangle><p type="text">you</p><p type="orientation">0</p><p type="wh">183, 91</p><p type="color">255, 0, 0</p><p type="colorEdges">102, 255, 102</p><p type="coordinates">1204, 1906</p><tags><tag>word</tag></tags></rectangle><rectangle><p type="text">must</p><p type="orientation">0</p><p type="wh">227, 56</p><p type="color">255, 0, 0</p><p type="colorEdges">102, 255, 102</p><p type="coordinates">1395, 1902</p><tags><tag>word</tag></tags></rectangle><rectangle><p type="text">engage</p><p type="orientation">0</p><p type="wh">248, 66</p><p type="color">255, 0, 0</p><p type="colorEdges">102, 255, 102</p><p type="coordinates">1619, 1915</p><tags><tag>word</tag></tags></rectangle><rectangle><p type="text">all</p><p type="orientation">0</p><p type="wh">147, 54</p><p type="color">255, 0, 0</p><p type="colorEdges">102, 255, 102</p><p type="coordinates">340, 2003</p><tags><tag>word</tag></tags></rectangle><rectangle><p type="text">the</p><p type="orientation">0</p><p type="wh">146, 88</p><p type="color">255, 0, 0</p><p type="colorEdges">102, 255, 102</p><p type="coordinates">468, 1966</p><tags><tag>word</tag></tags></rectangle><rectangle><p type="text">coopers</p><p type="orientation">0</p><p type="wh">255, 91</p><p type="color">255, 0, 0</p><p type="colorEdges">102, 255, 102</p><p type="coordinates">611, 1986</p><tags><tag>word</tag></tags></rectangle><rectangle><p type="text">you</p><p type="orientation">0</p><p type="wh">147, 60</p><p type="color">255, 0, 0</p><p type="colorEdges">102, 255, 102</p><p type="coordinates">887, 2010</p><tags><tag>word</tag></tags></rectangle><rectangle><p type="text">can</p><p type="orientation">0</p><p type="wh">191, 75</p><p type="color">255, 0, 0</p><p type="colorEdges">102, 255, 102</p><p type="coordinates">1064, 1970</p><tags><tag>word</tag></tags></rectangle><rectangle><p type="text">to</p><p type="orientation">0</p><p type="wh">59, 59</p><p type="color">255, 0, 0</p><p type="colorEdges">102, 255, 102</p><p type="coordinates">1256, 1982</p><tags><tag>word</tag></tags></rectangle><rectangle><p type="text">make</p><p type="orientation">0</p><p type="wh">263, 75</p><p type="color">255, 0, 0</p><p type="colorEdges">102, 255, 102</p><p type="coordinates">1323, 1970</p><tags><tag>word</tag></tags></rectangle><rectangle><p type="text">barrels</p><p type="orientation">0</p><p type="wh">246, 62</p><p type="color">255, 0, 0</p><p type="colorEdges">102, 255, 102</p><p type="coordinates">1596, 1979</p><tags><tag>word</tag></tags></rectangle><rectangle><p type="text">for</p><p type="orientation">0</p><p type="wh">123, 98</p><p type="color">255, 0, 0</p><p type="colorEdges">102, 255, 102</p><p type="coordinates">348, 2067</p><tags><tag>word</tag></tags></rectangle><rectangle><p type="text">packing</p><p type="orientation">0</p><p type="wh">328, 107</p><p type="color">255, 0, 0</p><p type="colorEdges">102, 255, 102</p><p type="coordinates">471, 2058</p><tags><tag>word</tag></tags></rectangle><rectangle><p type="text">the</p><p type="orientation">0</p><p type="wh">115, 84</p><p type="color">255, 0, 0</p><p type="colorEdges">102, 255, 102</p><p type="coordinates">820, 2046</p><tags><tag>word</tag></tags></rectangle><rectangle><p type="text">beef</p><p type="orientation">0</p><p type="wh">212, 86</p><p type="color">255, 0, 0</p><p type="colorEdges">102, 255, 102</p><p type="coordinates">951, 2067</p><tags><tag>word</tag></tags></rectangle><rectangle><p type="text">and</p><p type="orientation">0</p><p type="wh">172, 51</p><p type="color">255, 0, 0</p><p type="colorEdges">102, 255, 102</p><p type="coordinates">1179, 2083</p><tags><tag>word</tag></tags></rectangle><rectangle><p type="text">if</p><p type="orientation">0</p><p type="wh">108, 83</p><p type="color">255, 0, 0</p><p type="colorEdges">102, 255, 102</p><p type="coordinates">1367, 2067</p><tags><tag>word</tag></tags></rectangle><rectangle><p type="text">any</p><p type="orientation">0</p><p type="wh">163, 71</p><p type="color">255, 0, 0</p><p type="colorEdges">102, 255, 102</p><p type="coordinates">1472, 2094</p><tags><tag>word</tag></tags></rectangle><rectangle><p type="text">of</p><p type="orientation">0</p><p type="wh">100, 83</p><p type="color">255, 0, 0</p><p type="colorEdges">102, 255, 102</p><p type="coordinates">1643, 2058</p><tags><tag>word</tag></tags></rectangle><rectangle><p type="text">the</p><p type="orientation">0</p><p type="wh">114, 70</p><p type="color">255, 0, 0</p><p type="colorEdges">102, 255, 102</p><p type="coordinates">1728, 2051</p><tags><tag>word</tag></tags></rectangle><rectangle><p type="text">soldiers</p><p type="orientation">0</p><p type="wh">286, 99</p><p type="color">255, 0, 0</p><p type="colorEdges">102, 255, 102</p><p type="coordinates">348, 2143</p><tags><tag>word</tag></tags></rectangle><rectangle><p type="text">are</p><p type="orientation">0</p><p type="wh">111, 35</p><p type="color">255, 0, 0</p><p type="colorEdges">102, 255, 102</p><p type="coordinates">644, 2182</p><tags><tag>word</tag></tags></rectangle><rectangle><p type="text">coopers</p><p type="orientation">0</p><p type="wh">279, 88</p><p type="color">255, 0, 0</p><p type="colorEdges">102, 255, 102</p><p type="coordinates">804, 2154</p><tags><tag>word</tag></tags></rectangle><rectangle><p type="text">they</p><p type="orientation">0</p><p type="wh">171, 98</p><p type="color">255, 0, 0</p><p type="colorEdges">102, 255, 102</p><p type="coordinates">1103, 2147</p><tags><tag>word</tag></tags></rectangle><rectangle><p type="text">must</p><p type="orientation">0</p><p type="wh">237, 63</p><p type="color">255, 0, 0</p><p type="colorEdges">102, 255, 102</p><p type="coordinates">1294, 2154</p><tags><tag>word</tag></tags></rectangle><rectangle><p type="text">be</p><p type="orientation">0</p><p type="wh">91, 68</p><p type="color">255, 0, 0</p><p type="colorEdges">102, 255, 102</p><p type="coordinates">1539, 2138</p><tags><tag>word</tag></tags></rectangle><rectangle><p type="text">set</p><p type="orientation">0</p><p type="wh">116, 72</p><p type="color">255, 0, 0</p><p type="colorEdges">102, 255, 102</p><p type="coordinates">1648, 2152</p><tags><tag>word</tag></tags></rectangle><rectangle><p type="text">im</p><p type="orientation">0</p><p type="wh">128, 60</p><p type="color">255, 0, 0</p><p type="colorEdges">102, 255, 102</p><p type="coordinates">1770, 2146</p><tags><tag>word</tag></tags></rectangle><rectangle><p type="text">mediately</p><p type="orientation">0</p><p type="wh">431, 79</p><p type="color">255, 0, 0</p><p type="colorEdges">102, 255, 102</p><p type="coordinates">340, 2239</p><tags><tag>word</tag></tags></rectangle><rectangle><p type="text">to</p><p type="orientation">0</p><p type="wh">70, 59</p><p type="color">255, 0, 0</p><p type="colorEdges">102, 255, 102</p><p type="coordinates">776, 2243</p><tags><tag>word</tag></tags></rectangle><rectangle><p type="text">work</p><p type="orientation">0</p><p type="wh">235, 75</p><p type="color">255, 0, 0</p><p type="colorEdges">102, 255, 102</p><p type="coordinates">884, 2227</p><tags><tag>word</tag></tags></rectangle><rectangle><p type="text">you</p><p type="orientation">0</p><p type="wh">183, 87</p><p type="color">255, 0, 0</p><p type="colorEdges">102, 255, 102</p><p type="coordinates">1155, 2250</p><tags><tag>word</tag></tags></rectangle><rectangle><p type="text">are</p><p type="orientation">0</p><p type="wh">111, 35</p><p type="color">255, 0, 0</p><p type="colorEdges">102, 255, 102</p><p type="coordinates">1343, 2267</p><tags><tag>word</tag></tags></rectangle><rectangle><p type="text">to</p><p type="orientation">0</p><p type="wh">67, 59</p><p type="color">255, 0, 0</p><p type="colorEdges">102, 255, 102</p><p type="coordinates">1491, 2239</p><tags><tag>word</tag></tags></rectangle><rectangle><p type="text">receive</p><p type="orientation">0</p><p type="wh">260, 66</p><p type="color">255, 0, 0</p><p type="colorEdges">102, 255, 102</p><p type="coordinates">1574, 2232</p><tags><tag>word</tag></tags></rectangle><rectangle><p type="text">from</p><p type="orientation">0</p><p type="wh">188, 96</p><p type="color">255, 0, 0</p><p type="colorEdges">102, 255, 102</p><p type="coordinates">335, 2326</p><tags><tag>word</tag></tags></rectangle><rectangle><p type="text">the</p><p type="orientation">0</p><p type="wh">142, 74</p><p type="color">255, 0, 0</p><p type="colorEdges">102, 255, 102</p><p type="coordinates">556, 2315</p><tags><tag>word</tag></tags></rectangle><rectangle><p type="text">stores</p><p type="orientation">0</p><p type="wh">212, 83</p><p type="color">255, 0, 0</p><p type="colorEdges">102, 255, 102</p><p type="coordinates">711, 2306</p><tags><tag>word</tag></tags></rectangle><rectangle><p type="text">here</p><p type="orientation">0</p><p type="wh">155, 76</p><p type="color">255, 0, 0</p><p type="colorEdges">102, 255, 102</p><p type="coordinates">936, 2306</p><tags><tag>word</tag></tags></rectangle><rectangle><p type="text">thirty</p><p type="orientation">0</p><p type="wh">240, 114</p><p type="color">255, 0, 0</p><p type="colorEdges">102, 255, 102</p><p type="coordinates">1103, 2303</p><tags><tag>word</tag></tags></rectangle><rectangle><p type="text">pounds</p><p type="orientation">0</p><p type="wh">315, 83</p><p type="color">255, 0, 0</p><p type="colorEdges">102, 255, 102</p><p type="coordinates">1348, 2331</p><tags><tag>word</tag></tags></rectangle><rectangle><p type="text">of</p><p type="orientation">0</p><p type="wh">111, 82</p><p type="color">255, 0, 0</p><p type="colorEdges">102, 255, 102</p><p type="coordinates">1687, 2319</p><tags><tag>word</tag></tags></rectangle><rectangle><p type="text">goose</p><p type="orientation">0</p><p type="wh">207, 92</p><p type="color">255, 0, 0</p><p type="colorEdges">102, 255, 102</p><p type="coordinates">327, 2414</p><tags><tag>word</tag></tags></rectangle><rectangle><p type="text">shot</p><p type="orientation">0</p><p type="wh">203, 79</p><p type="color">255, 0, 0</p><p type="colorEdges">102, 255, 102</p><p type="coordinates">575, 2398</p><tags><tag>word</tag></tags></rectangle><rectangle><p type="text">which</p><p type="orientation">0</p><p type="wh">291, 79</p><p type="color">255, 0, 0</p><p type="colorEdges">102, 255, 102</p><p type="coordinates">804, 2398</p><tags><tag>word</tag></tags></rectangle><rectangle><p type="text">you</p><p type="orientation">0</p><p type="wh">155, 63</p><p type="color">255, 0, 0</p><p type="colorEdges">102, 255, 102</p><p type="coordinates">1108, 2439</p><tags><tag>word</tag></tags></rectangle><rectangle><p type="text">will</p><p type="orientation">0</p><p type="wh">204, 67</p><p type="color">255, 0, 0</p><p type="colorEdges">102, 255, 102</p><p type="coordinates">1307, 2407</p><tags><tag>word</tag></tags></rectangle><rectangle><p type="text">deliver</p><p type="orientation">0</p><p type="wh">286, 74</p><p type="color">255, 0, 0</p><p type="colorEdges">102, 255, 102</p><p type="coordinates">1524, 2407</p><tags><tag>word</tag></tags></rectangle><rectangle><p type="text">to</p><p type="orientation">0</p><p type="wh">67, 51</p><p type="color">255, 0, 0</p><p type="colorEdges">102, 255, 102</p><p type="coordinates">1811, 2414</p><tags><tag>word</tag></tags></rectangle><rectangle><p type="text">captain</p><p type="orientation">0</p><p type="wh">337, 97</p><p type="color">255, 0, 0</p><p type="colorEdges">102, 255, 102</p><p type="coordinates">330, 2487</p><tags><tag>word</tag></tags></rectangle><rectangle><p type="text">ashby</p><p type="orientation">0</p><p type="wh">285, 103</p><p type="color">255, 0, 0</p><p type="colorEdges">102, 255, 102</p><p type="coordinates">682, 2487</p><tags><tag>word</tag></tags></rectangle><rectangle><p type="text">company</p><p type="orientation">0</p><p type="wh">379, 111</p><p type="color">255, 0, 0</p><p type="colorEdges">102, 255, 102</p><p type="coordinates">972, 2487</p><tags><tag>word</tag></tags></rectangle><rectangle><p type="text">as</p><p type="orientation">0</p><p type="wh">79, 38</p><p type="color">255, 0, 0</p><p type="colorEdges">102, 255, 102</p><p type="coordinates">1372, 2519</p><tags><tag>word</tag></tags></rectangle><rectangle><p type="text">you</p><p type="orientation">0</p><p type="wh">188, 75</p><p type="color">255, 0, 0</p><p type="colorEdges">102, 255, 102</p><p type="coordinates">1455, 2519</p><tags><tag>word</tag></tags></rectangle><rectangle><p type="text">pass</p><p type="orientation">0</p><p type="wh">199, 103</p><p type="color">255, 0, 0</p><p type="colorEdges">102, 255, 102</p><p type="coordinates">1627, 2491</p><tags><tag>word</tag></tags></rectangle><rectangle><p type="text">by</p><p type="orientation">0</p><p type="wh">90, 104</p><p type="color">255, 0, 0</p><p type="colorEdges">102, 255, 102</p><p type="coordinates">340, 2570</p><tags><tag>word</tag></tags></rectangle><rectangle><p type="text">directing</p><p type="orientation">0</p><p type="wh">323, 88</p><p type="color">255, 0, 0</p><p type="colorEdges">102, 255, 102</p><p type="coordinates">448, 2586</p><tags><tag>word</tag></tags></rectangle><rectangle><p type="text">him</p><p type="orientation">0</p><p type="wh">176, 76</p><p type="color">255, 0, 0</p><p type="colorEdges">102, 255, 102</p><p type="coordinates">791, 2570</p><tags><tag>word</tag></tags></rectangle><rectangle><p type="text">to</p><p type="orientation">0</p><p type="wh">67, 52</p><p type="color">255, 0, 0</p><p type="colorEdges">102, 255, 102</p><p type="coordinates">992, 2590</p><tags><tag>word</tag></tags></rectangle><rectangle><p type="text">be</p><p type="orientation">0</p><p type="wh">90, 72</p><p type="color">255, 0, 0</p><p type="colorEdges">102, 255, 102</p><p type="coordinates">1088, 2570</p><tags><tag>word</tag></tags></rectangle><rectangle><p type="text">particularly</p><p type="orientation">0</p><p type="wh">467, 82</p><p type="color">255, 0, 0</p><p type="colorEdges">102, 255, 102</p><p type="coordinates">1196, 2583</p><tags><tag>word</tag></tags></rectangle><rectangle><p type="text">care</p><p type="orientation">0</p><p type="wh">196, 58</p><p type="color">255, 0, 0</p><p type="colorEdges">102, 255, 102</p><p type="coordinates">1660, 2586</p><tags><tag>word</tag></tags></rectangle><rectangle><p type="text">ful</p><p type="orientation">0</p><p type="wh">131, 82</p><p type="color">255, 0, 0</p><p type="colorEdges">102, 255, 102</p><p type="coordinates">332, 2675</p><tags><tag>word</tag></tags></rectangle><rectangle><p type="text">of</p><p type="orientation">0</p><p type="wh">83, 79</p><p type="color">255, 0, 0</p><p type="colorEdges">102, 255, 102</p><p type="coordinates">484, 2675</p><tags><tag>word</tag></tags></rectangle><rectangle><p type="text">it</p><p type="orientation">0</p><p type="wh">98, 63</p><p type="color">255, 0, 0</p><p type="colorEdges">102, 255, 102</p><p type="coordinates">572, 2671</p><tags><tag>word</tag></tags></rectangle><rectangle><p type="text">if</p><p type="orientation">0</p><p type="wh">114, 104</p><p type="color">255, 0, 0</p><p type="colorEdges">102, 255, 102</p><p type="coordinates">752, 2650</p><tags><tag>word</tag></tags></rectangle><rectangle><p type="text">either</p><p type="orientation">0</p><p type="wh">219, 70</p><p type="color">255, 0, 0</p><p type="colorEdges">102, 255, 102</p><p type="coordinates">859, 2659</p><tags><tag>word</tag></tags></rectangle><rectangle><p type="text">of</p><p type="orientation">0</p><p type="wh">91, 84</p><p type="color">255, 0, 0</p><p type="colorEdges">102, 255, 102</p><p type="coordinates">1103, 2666</p><tags><tag>word</tag></tags></rectangle><rectangle><p type="text">the</p><p type="orientation">0</p><p type="wh">127, 75</p><p type="color">255, 0, 0</p><p type="colorEdges">102, 255, 102</p><p type="coordinates">1188, 2650</p><tags><tag>word</tag></tags></rectangle><rectangle><p type="text">captains</p><p type="orientation">0</p><p type="wh">340, 99</p><p type="color">255, 0, 0</p><p type="colorEdges">102, 255, 102</p><p type="coordinates">1359, 2655</p><tags><tag>word</tag></tags></rectangle><rectangle><p type="text">of</p><p type="orientation">0</p><p type="wh">100, 82</p><p type="color">255, 0, 0</p><p type="colorEdges">102, 255, 102</p><p type="coordinates">1715, 2659</p><tags><tag>word</tag></tags></rectangle><rectangle><p type="text">the</p><p type="orientation">0</p><p type="wh">114, 75</p><p type="color">255, 0, 0</p><p type="colorEdges">102, 255, 102</p><p type="coordinates">340, 2742</p><tags><tag>word</tag></tags></rectangle><rectangle><p type="text">rangers</p><p type="orientation">0</p><p type="wh">296, 91</p><p type="color">255, 0, 0</p><p type="colorEdges">102, 255, 102</p><p type="coordinates">459, 2758</p><tags><tag>word</tag></tags></rectangle><rectangle><p type="text">should</p><p type="orientation">0</p><p type="wh">299, 75</p><p type="color">255, 0, 0</p><p type="colorEdges">102, 255, 102</p><p type="coordinates">776, 2742</p><tags><tag>word</tag></tags></rectangle><rectangle><p type="text">apply</p><p type="orientation">0</p><p type="wh">222, 103</p><p type="color">255, 0, 0</p><p type="colorEdges">102, 255, 102</p><p type="coordinates">1080, 2746</p><tags><tag>word</tag></tags></rectangle><rectangle><p type="text">to</p><p type="orientation">0</p><p type="wh">82, 59</p><p type="color">255, 0, 0</p><p type="colorEdges">102, 255, 102</p><p type="coordinates">1328, 2758</p><tags><tag>word</tag></tags></rectangle><rectangle><p type="text">you</p><p type="orientation">0</p><p type="wh">155, 55</p><p type="color">255, 0, 0</p><p type="colorEdges">102, 255, 102</p><p type="coordinates">1403, 2762</p><tags><tag>word</tag></tags></rectangle><rectangle><p type="text">for</p><p type="orientation">0</p><p type="wh">144, 84</p><p type="color">255, 0, 0</p><p type="colorEdges">102, 255, 102</p><p type="coordinates">1555, 2742</p><tags><tag>word</tag></tags></rectangle><rectangle><p type="text">ammu</p><p type="orientation">0</p><p type="wh">270, 48</p><p type="color">255, 0, 0</p><p type="colorEdges">102, 255, 102</p><p type="coordinates">1696, 2758</p><tags><tag>word</tag></tags></rectangle><rectangle><p type="text">nition</p><p type="orientation">0</p><p type="wh">251, 75</p><p type="color">255, 0, 0</p><p type="colorEdges">102, 255, 102</p><p type="coordinates">344, 2842</p><tags><tag>word</tag></tags></rectangle><rectangle><p type="text">you</p><p type="orientation">0</p><p type="wh">170, 63</p><p type="color">255, 0, 0</p><p type="colorEdges">102, 255, 102</p><p type="coordinates">616, 2866</p><tags><tag>word</tag></tags></rectangle><rectangle><p type="text">are</p><p type="orientation">0</p><p type="wh">140, 35</p><p type="color">255, 0, 0</p><p type="colorEdges">102, 255, 102</p><p type="coordinates">791, 2866</p><tags><tag>word</tag></tags></rectangle><rectangle><p type="text">to</p><p type="orientation">0</p><p type="wh">58, 50</p><p type="color">255, 0, 0</p><p type="colorEdges">102, 255, 102</p><p type="coordinates">948, 2847</p><tags><tag>word</tag></tags></rectangle><rectangle><p type="text">supply</p><p type="orientation">0</p><p type="wh">287, 96</p><p type="color">255, 0, 0</p><p type="colorEdges">102, 255, 102</p><p type="coordinates">1039, 2838</p><tags><tag>word</tag></tags></rectangle><rectangle><p type="text">him</p><p type="orientation">0</p><p type="wh">179, 70</p><p type="color">255, 0, 0</p><p type="colorEdges">102, 255, 102</p><p type="coordinates">1343, 2827</p><tags><tag>word</tag></tags></rectangle><rectangle><p type="text">from</p><p type="orientation">0</p><p type="wh">199, 88</p><p type="color">255, 0, 0</p><p type="colorEdges">102, 255, 102</p><p type="coordinates">1516, 2822</p><tags><tag>word</tag></tags></rectangle><rectangle><p type="text">the</p><p type="orientation">0</p><p type="wh">150, 76</p><p type="color">255, 0, 0</p><p type="colorEdges">102, 255, 102</p><p type="coordinates">1720, 2814</p><tags><tag>word</tag></tags></rectangle><rectangle><p type="text">fort</p><p type="orientation">0</p><p type="wh">191, 70</p><p type="color">255, 0, 0</p><p type="colorEdges">102, 255, 102</p><p type="coordinates">327, 2923</p><tags><tag>word</tag></tags></rectangle><rectangle><p type="text">a</p><p type="orientation">0</p><p type="wh">142, 107</p><p type="color">255, 0, 0</p><p type="colorEdges">102, 255, 102</p><p type="coordinates">636, 2907</p><tags><tag>word</tag></tags></rectangle><rectangle><p type="text">drummer</p><p type="orientation">0</p><p type="wh">428, 91</p><p type="color">255, 0, 0</p><p type="colorEdges">102, 255, 102</p><p type="coordinates">771, 2907</p><tags><tag>word</tag></tags></rectangle><rectangle><p type="text">with</p><p type="orientation">0</p><p type="wh">216, 72</p><p type="color">255, 0, 0</p><p type="colorEdges">102, 255, 102</p><p type="coordinates">1243, 2910</p><tags><tag>word</tag></tags></rectangle><rectangle><p type="text">his</p><p type="orientation">0</p><p type="wh">126, 76</p><p type="color">255, 0, 0</p><p type="colorEdges">102, 255, 102</p><p type="coordinates">1444, 2910</p><tags><tag>word</tag></tags></rectangle><rectangle><p type="text">drum</p><p type="orientation">0</p><p type="wh">271, 76</p><p type="color">255, 0, 0</p><p type="colorEdges">102, 255, 102</p><p type="coordinates">1552, 2910</p><tags><tag>word</tag></tags></rectangle><rectangle><p type="text">is</p><p type="orientation">0</p><p type="wh">83, 63</p><p type="color">255, 0, 0</p><p type="colorEdges">102, 255, 102</p><p type="coordinates">1820, 2919</p><tags><tag>word</tag></tags></rectangle><rectangle><p type="text">to</p><p type="orientation">0</p><p type="wh">62, 59</p><p type="color">255, 0, 0</p><p type="colorEdges">102, 255, 102</p><p type="coordinates">332, 3019</p><tags><tag>word</tag></tags></rectangle><rectangle><p type="text">be</p><p type="orientation">0</p><p type="wh">84, 72</p><p type="color">255, 0, 0</p><p type="colorEdges">102, 255, 102</p><p type="coordinates">423, 3006</p><tags><tag>word</tag></tags></rectangle><rectangle><p type="text">sent</p><p type="orientation">0</p><p type="wh">175, 63</p><p type="color">255, 0, 0</p><p type="colorEdges">102, 255, 102</p><p type="coordinates">544, 3015</p><tags><tag>word</tag></tags></rectangle><rectangle><p type="text">from</p><p type="orientation">0</p><p type="wh">188, 91</p><p type="color">255, 0, 0</p><p type="colorEdges">102, 255, 102</p><p type="coordinates">727, 3003</p><tags><tag>word</tag></tags></rectangle><rectangle><p type="text">this</p><p type="orientation">0</p><p type="wh">123, 75</p><p type="color">255, 0, 0</p><p type="colorEdges">102, 255, 102</p><p type="coordinates">936, 2999</p><tags><tag>word</tag></tags></rectangle><rectangle><p type="text">place</p><p type="orientation">0</p><p type="wh">219, 91</p><p type="color">255, 0, 0</p><p type="colorEdges">102, 255, 102</p><p type="coordinates">1055, 3006</p><tags><tag>word</tag></tags></rectangle><rectangle><p type="text">with</p><p type="orientation">0</p><p type="wh">199, 70</p><p type="color">255, 0, 0</p><p type="colorEdges">102, 255, 102</p><p type="coordinates">1284, 2999</p><tags><tag>word</tag></tags></rectangle><rectangle><p type="text">sergeant</p><p type="orientation">0</p><p type="wh">343, 123</p><p type="color">255, 0, 0</p><p type="colorEdges">102, 255, 102</p><p type="coordinates">1491, 2983</p><tags><tag>word</tag></tags></rectangle><rectangle><p type="text">wilper</p><p type="orientation">0</p><p type="wh">234, 90</p><p type="color">255, 0, 0</p><p type="colorEdges">102, 255, 102</p><p type="coordinates">348, 3091</p><tags><tag>word</tag></tags></rectangle><rectangle><p type="text">in</p><p type="orientation">0</p><p type="wh">91, 35</p><p type="color">255, 0, 0</p><p type="colorEdges">102, 255, 102</p><p type="coordinates">595, 3123</p><tags><tag>word</tag></tags></rectangle><rectangle><p type="text">the</p><p type="orientation">0</p><p type="wh">124, 68</p><p type="color">255, 0, 0</p><p type="colorEdges">102, 255, 102</p><p type="coordinates">719, 3086</p><tags><tag>word</tag></tags></rectangle><rectangle><p type="text">room</p><p type="orientation">0</p><p type="wh">235, 59</p><p type="color">255, 0, 0</p><p type="colorEdges">102, 255, 102</p><p type="coordinates">848, 3111</p><tags><tag>word</tag></tags></rectangle><rectangle><p type="text">of</p><p type="orientation">0</p><p type="wh">111, 86</p><p type="color">255, 0, 0</p><p type="colorEdges">102, 255, 102</p><p type="coordinates">1072, 3091</p><tags><tag>word</tag></tags></rectangle><rectangle><p type="text">duncan</p><p type="orientation">0</p><p type="wh">367, 83</p><p type="color">255, 0, 0</p><p type="colorEdges">102, 255, 102</p><p type="coordinates">1188, 3075</p><tags><tag>word</tag></tags></rectangle><rectangle><p type="text">ferguson</p><p type="orientation">0</p><p type="wh">355, 115</p><p type="color">255, 0, 0</p><p type="colorEdges">102, 255, 102</p><p type="coordinates">1571, 3075</p><tags><tag>word</tag></tags></rectangle></rectangle></content></data>