<?xml version='1.0' encoding='utf-8'?>
<data descr="TU Dortmund, LSXII Informatik, patrec, Image Annotation." ver="2016-10-15 v0.1.2"><content><rectangle><p type="text" /><rectangle><p type="text">letters</p><p type="orientation">0</p><p type="wh">259, 128</p><p type="color">255, 0, 0</p><p type="colorEdges">102, 255, 102</p><p type="coordinates">192, 114</p><tags><tag>word</tag></tags></rectangle><rectangle><p type="text">orders</p><p type="orientation">0</p><p type="wh">267, 111</p><p type="color">255, 0, 0</p><p type="colorEdges">102, 255, 102</p><p type="coordinates">439, 126</p><tags><tag>word</tag></tags></rectangle><rectangle><p type="text">and</p><p type="orientation">0</p><p type="wh">192, 78</p><p type="color">255, 0, 0</p><p type="colorEdges">102, 255, 102</p><p type="coordinates">719, 159</p><tags><tag>word</tag></tags></rectangle><rectangle><p type="text">instructions</p><p type="orientation">0</p><p type="wh">487, 126</p><p type="color">255, 0, 0</p><p type="colorEdges">102, 255, 102</p><p type="coordinates">928, 119</p><tags><tag>word</tag></tags></rectangle><rectangle><p type="text">october</p><p type="orientation">0</p><p type="wh">254, 83</p><p type="color">255, 0, 0</p><p type="colorEdges">102, 255, 102</p><p type="coordinates">1424, 151</p><tags><tag>word</tag></tags></rectangle><rectangle><p type="text">1755</p><p type="orientation">0</p><p type="wh">151, 78</p><p type="color">255, 0, 0</p><p type="colorEdges">102, 255, 102</p><p type="coordinates">1667, 159</p><tags><tag>word</tag></tags></rectangle><rectangle><p type="text">277</p><p type="orientation">0</p><p type="wh">126, 67</p><p type="color">255, 0, 0</p><p type="colorEdges">102, 255, 102</p><p type="coordinates">1804, 162</p><tags><tag>word</tag></tags></rectangle><rectangle><p type="text">thed</p><p type="orientation">0</p><p type="wh">143, 80</p><p type="color">255, 0, 0</p><p type="colorEdges">102, 255, 102</p><p type="coordinates">183, 322</p><tags><tag>word</tag></tags></rectangle><rectangle><p type="text">tomorrow</p><p type="orientation">0</p><p type="wh">287, 75</p><p type="color">255, 0, 0</p><p type="colorEdges">102, 255, 102</p><p type="coordinates">324, 330</p><tags><tag>word</tag></tags></rectangle><rectangle><p type="text">and</p><p type="orientation">0</p><p type="wh">147, 59</p><p type="color">255, 0, 0</p><p type="colorEdges">102, 255, 102</p><p type="coordinates">636, 343</p><tags><tag>word</tag></tags></rectangle><rectangle><p type="text">to</p><p type="orientation">0</p><p type="wh">66, 75</p><p type="color">255, 0, 0</p><p type="colorEdges">102, 255, 102</p><p type="coordinates">788, 334</p><tags><tag>word</tag></tags></rectangle><rectangle><p type="text">be</p><p type="orientation">0</p><p type="wh">80, 79</p><p type="color">255, 0, 0</p><p type="colorEdges">102, 255, 102</p><p type="coordinates">863, 330</p><tags><tag>word</tag></tags></rectangle><rectangle><p type="text">very</p><p type="orientation">0</p><p type="wh">127, 60</p><p type="color">255, 0, 0</p><p type="colorEdges">102, 255, 102</p><p type="coordinates">952, 362</p><tags><tag>word</tag></tags></rectangle><rectangle><p type="text">particular</p><p type="orientation">0</p><p type="wh">348, 71</p><p type="color">255, 0, 0</p><p type="colorEdges">102, 255, 102</p><p type="coordinates">1083, 338</p><tags><tag>word</tag></tags></rectangle><rectangle><p type="text">in</p><p type="orientation">0</p><p type="wh">99, 60</p><p type="color">255, 0, 0</p><p type="colorEdges">102, 255, 102</p><p type="coordinates">1432, 358</p><tags><tag>word</tag></tags></rectangle><rectangle><p type="text">their</p><p type="orientation">0</p><p type="wh">172, 98</p><p type="color">255, 0, 0</p><p type="colorEdges">102, 255, 102</p><p type="coordinates">1519, 315</p><tags><tag>word</tag></tags></rectangle><rectangle><p type="text">accounts</p><p type="orientation">0</p><p type="wh">231, 47</p><p type="color">255, 0, 0</p><p type="colorEdges">102, 255, 102</p><p type="coordinates">1703, 338</p><tags><tag>word</tag></tags></rectangle><rectangle><p type="text">of</p><p type="orientation">0</p><p type="wh">112, 90</p><p type="color">255, 0, 0</p><p type="colorEdges">102, 255, 102</p><p type="coordinates">183, 419</p><tags><tag>word</tag></tags></rectangle><rectangle><p type="text">what</p><p type="orientation">0</p><p type="wh">176, 62</p><p type="color">255, 0, 0</p><p type="colorEdges">102, 255, 102</p><p type="coordinates">259, 419</p><tags><tag>word</tag></tags></rectangle><rectangle><p type="text">they</p><p type="orientation">0</p><p type="wh">144, 90</p><p type="color">255, 0, 0</p><p type="colorEdges">102, 255, 102</p><p type="coordinates">435, 419</p><tags><tag>word</tag></tags></rectangle><rectangle><p type="text">receive</p><p type="orientation">0</p><p type="wh">263, 38</p><p type="color">255, 0, 0</p><p type="colorEdges">102, 255, 102</p><p type="coordinates">591, 443</p><tags><tag>word</tag></tags></rectangle><rectangle><p type="text">they</p><p type="orientation">0</p><p type="wh">151, 90</p><p type="color">255, 0, 0</p><p type="colorEdges">102, 255, 102</p><p type="coordinates">887, 419</p><tags><tag>word</tag></tags></rectangle><rectangle><p type="text">will</p><p type="orientation">0</p><p type="wh">151, 47</p><p type="color">255, 0, 0</p><p type="colorEdges">102, 255, 102</p><p type="coordinates">1043, 427</p><tags><tag>word</tag></tags></rectangle><rectangle><p type="text">also</p><p type="orientation">0</p><p type="wh">155, 80</p><p type="color">255, 0, 0</p><p type="colorEdges">102, 255, 102</p><p type="coordinates">1203, 414</p><tags><tag>word</tag></tags></rectangle><rectangle><p type="text">receive</p><p type="orientation">0</p><p type="wh">216, 40</p><p type="color">255, 0, 0</p><p type="colorEdges">102, 255, 102</p><p type="coordinates">1375, 438</p><tags><tag>word</tag></tags></rectangle><rectangle><p type="text">arms</p><p type="orientation">0</p><p type="wh">222, 75</p><p type="color">255, 0, 0</p><p type="colorEdges">102, 255, 102</p><p type="coordinates">1604, 419</p><tags><tag>word</tag></tags></rectangle><rectangle><p type="text">so</p><p type="orientation">0</p><p type="wh">76, 62</p><p type="color">255, 0, 0</p><p type="colorEdges">102, 255, 102</p><p type="coordinates">1815, 423</p><tags><tag>word</tag></tags></rectangle><rectangle><p type="text">soon</p><p type="orientation">0</p><p type="wh">140, 66</p><p type="color">255, 0, 0</p><p type="colorEdges">102, 255, 102</p><p type="coordinates">179, 523</p><tags><tag>word</tag></tags></rectangle><rectangle><p type="text">as</p><p type="orientation">0</p><p type="wh">87, 66</p><p type="color">255, 0, 0</p><p type="colorEdges">102, 255, 102</p><p type="coordinates">324, 523</p><tags><tag>word</tag></tags></rectangle><rectangle><p type="text">they</p><p type="orientation">0</p><p type="wh">123, 88</p><p type="color">255, 0, 0</p><p type="colorEdges">102, 255, 102</p><p type="coordinates">407, 506</p><tags><tag>word</tag></tags></rectangle><rectangle><p type="text">arrive</p><p type="orientation">0</p><p type="wh">199, 51</p><p type="color">255, 0, 0</p><p type="colorEdges">102, 255, 102</p><p type="coordinates">523, 523</p><tags><tag>word</tag></tags></rectangle><rectangle><p type="text">from</p><p type="orientation">0</p><p type="wh">147, 79</p><p type="color">255, 0, 0</p><p type="colorEdges">102, 255, 102</p><p type="coordinates">719, 506</p><tags><tag>word</tag></tags></rectangle><rectangle><p type="text">fort</p><p type="orientation">0</p><p type="wh">163, 75</p><p type="color">255, 0, 0</p><p type="colorEdges">102, 255, 102</p><p type="coordinates">871, 510</p><tags><tag>word</tag></tags></rectangle><rectangle><p type="text">cumberland</p><p type="orientation">0</p><p type="wh">427, 82</p><p type="color">255, 0, 0</p><p type="colorEdges">102, 255, 102</p><p type="coordinates">1039, 503</p><tags><tag>word</tag></tags></rectangle><rectangle><p type="text">to</p><p type="orientation">0</p><p type="wh">83, 75</p><p type="color">255, 0, 0</p><p type="colorEdges">102, 255, 102</p><p type="coordinates">1456, 514</p><tags><tag>word</tag></tags></rectangle><rectangle><p type="text">complete</p><p type="orientation">0</p><p type="wh">279, 67</p><p type="color">255, 0, 0</p><p type="colorEdges">102, 255, 102</p><p type="coordinates">1539, 514</p><tags><tag>word</tag></tags></rectangle><rectangle><p type="text">their</p><p type="orientation">0</p><p type="wh">130, 68</p><p type="color">255, 0, 0</p><p type="colorEdges">102, 255, 102</p><p type="coordinates">1808, 510</p><tags><tag>word</tag></tags></rectangle><rectangle><p type="text">recruits</p><p type="orientation">0</p><p type="wh">264, 82</p><p type="color">255, 0, 0</p><p type="colorEdges">102, 255, 102</p><p type="coordinates">183, 575</p><tags><tag>word</tag></tags></rectangle><rectangle><p type="text">they</p><p type="orientation">0</p><p type="wh">151, 95</p><p type="color">255, 0, 0</p><p type="colorEdges">102, 255, 102</p><p type="coordinates">484, 590</p><tags><tag>word</tag></tags></rectangle><rectangle><p type="text">are</p><p type="orientation">0</p><p type="wh">119, 34</p><p type="color">255, 0, 0</p><p type="colorEdges">102, 255, 102</p><p type="coordinates">640, 623</p><tags><tag>word</tag></tags></rectangle><rectangle><p type="text">to</p><p type="orientation">0</p><p type="wh">58, 44</p><p type="color">255, 0, 0</p><p type="colorEdges">102, 255, 102</p><p type="coordinates">768, 610</p><tags><tag>word</tag></tags></rectangle><rectangle><p type="text">see</p><p type="orientation">0</p><p type="wh">99, 38</p><p type="color">255, 0, 0</p><p type="colorEdges">102, 255, 102</p><p type="coordinates">840, 619</p><tags><tag>word</tag></tags></rectangle><rectangle><p type="text">that</p><p type="orientation">0</p><p type="wh">163, 88</p><p type="color">255, 0, 0</p><p type="colorEdges">102, 255, 102</p><p type="coordinates">948, 590</p><tags><tag>word</tag></tags></rectangle><rectangle><p type="text">each</p><p type="orientation">0</p><p type="wh">163, 62</p><p type="color">255, 0, 0</p><p type="colorEdges">102, 255, 102</p><p type="coordinates">1112, 595</p><tags><tag>word</tag></tags></rectangle><rectangle><p type="text">man</p><p type="orientation">0</p><p type="wh">178, 27</p><p type="color">255, 0, 0</p><p type="colorEdges">102, 255, 102</p><p type="coordinates">1288, 627</p><tags><tag>word</tag></tags></rectangle><rectangle><p type="text">distinguishes</p><p type="orientation">0</p><p type="wh">391, 95</p><p type="color">255, 0, 0</p><p type="colorEdges">102, 255, 102</p><p type="coordinates">1484, 590</p><tags><tag>word</tag></tags></rectangle><rectangle><p type="text">his</p><p type="orientation">0</p><p type="wh">88, 84</p><p type="color">255, 0, 0</p><p type="colorEdges">102, 255, 102</p><p type="coordinates">195, 666</p><tags><tag>word</tag></tags></rectangle><rectangle><p type="text">firelock</p><p type="orientation">0</p><p type="wh">299, 86</p><p type="color">255, 0, 0</p><p type="colorEdges">102, 255, 102</p><p type="coordinates">296, 655</p><tags><tag>word</tag></tags></rectangle><rectangle><p type="text">by</p><p type="orientation">0</p><p type="wh">87, 78</p><p type="color">255, 0, 0</p><p type="colorEdges">102, 255, 102</p><p type="coordinates">575, 679</p><tags><tag>word</tag></tags></rectangle><rectangle><p type="text">some</p><p type="orientation">0</p><p type="wh">166, 64</p><p type="color">255, 0, 0</p><p type="colorEdges">102, 255, 102</p><p type="coordinates">656, 686</p><tags><tag>word</tag></tags></rectangle><rectangle><p type="text">particular</p><p type="orientation">0</p><p type="wh">338, 83</p><p type="color">255, 0, 0</p><p type="colorEdges">102, 255, 102</p><p type="coordinates">812, 682</p><tags><tag>word</tag></tags></rectangle><rectangle><p type="text">mark</p><p type="orientation">0</p><p type="wh">240, 88</p><p type="color">255, 0, 0</p><p type="colorEdges">102, 255, 102</p><p type="coordinates">1175, 666</p><tags><tag>word</tag></tags></rectangle><rectangle><p type="text">which</p><p type="orientation">0</p><p type="wh">226, 62</p><p type="color">255, 0, 0</p><p type="colorEdges">102, 255, 102</p><p type="coordinates">1412, 675</p><tags><tag>word</tag></tags></rectangle><rectangle><p type="text">the</p><p type="orientation">0</p><p type="wh">99, 79</p><p type="color">255, 0, 0</p><p type="colorEdges">102, 255, 102</p><p type="coordinates">1644, 658</p><tags><tag>word</tag></tags></rectangle><rectangle><p type="text">sub</p><p type="orientation">0</p><p type="wh">151, 67</p><p type="color">255, 0, 0</p><p type="colorEdges">102, 255, 102</p><p type="coordinates">1752, 666</p><tags><tag>word</tag></tags></rectangle><rectangle><p type="text">alterns</p><p type="orientation">0</p><p type="wh">212, 75</p><p type="color">255, 0, 0</p><p type="colorEdges">102, 255, 102</p><p type="coordinates">195, 758</p><tags><tag>word</tag></tags></rectangle><rectangle><p type="text">of</p><p type="orientation">0</p><p type="wh">107, 95</p><p type="color">255, 0, 0</p><p type="colorEdges">102, 255, 102</p><p type="coordinates">391, 755</p><tags><tag>word</tag></tags></rectangle><rectangle><p type="text">the</p><p type="orientation">0</p><p type="wh">107, 75</p><p type="color">255, 0, 0</p><p type="colorEdges">102, 255, 102</p><p type="coordinates">488, 751</p><tags><tag>word</tag></tags></rectangle><rectangle><p type="text">company</p><p type="orientation">0</p><p type="wh">299, 86</p><p type="color">255, 0, 0</p><p type="colorEdges">102, 255, 102</p><p type="coordinates">624, 771</p><tags><tag>word</tag></tags></rectangle><rectangle><p type="text">are</p><p type="orientation">0</p><p type="wh">127, 66</p><p type="color">255, 0, 0</p><p type="colorEdges">102, 255, 102</p><p type="coordinates">932, 771</p><tags><tag>word</tag></tags></rectangle><rectangle><p type="text">to</p><p type="orientation">0</p><p type="wh">75, 71</p><p type="color">255, 0, 0</p><p type="colorEdges">102, 255, 102</p><p type="coordinates">1055, 762</p><tags><tag>word</tag></tags></rectangle><rectangle><p type="text">enter</p><p type="orientation">0</p><p type="wh">166, 79</p><p type="color">255, 0, 0</p><p type="colorEdges">102, 255, 102</p><p type="coordinates">1140, 758</p><tags><tag>word</tag></tags></rectangle><rectangle><p type="text">in</p><p type="orientation">0</p><p type="wh">79, 32</p><p type="color">255, 0, 0</p><p type="colorEdges">102, 255, 102</p><p type="coordinates">1320, 790</p><tags><tag>word</tag></tags></rectangle><rectangle><p type="text">a</p><p type="orientation">0</p><p type="wh">50, 62</p><p type="color">255, 0, 0</p><p type="colorEdges">102, 255, 102</p><p type="coordinates">1408, 775</p><tags><tag>word</tag></tags></rectangle><rectangle><p type="text">book</p><p type="orientation">0</p><p type="wh">202, 90</p><p type="color">255, 0, 0</p><p type="colorEdges">102, 255, 102</p><p type="coordinates">1472, 747</p><tags><tag>word</tag></tags></rectangle><rectangle><p type="text">they</p><p type="orientation">0</p><p type="wh">143, 95</p><p type="color">255, 0, 0</p><p type="colorEdges">102, 255, 102</p><p type="coordinates">1663, 751</p><tags><tag>word</tag></tags></rectangle><rectangle><p type="text">are</p><p type="orientation">0</p><p type="wh">131, 66</p><p type="color">255, 0, 0</p><p type="colorEdges">102, 255, 102</p><p type="coordinates">1792, 775</p><tags><tag>word</tag></tags></rectangle><rectangle><p type="text">to</p><p type="orientation">0</p><p type="wh">72, 99</p><p type="color">255, 0, 0</p><p type="colorEdges">102, 255, 102</p><p type="coordinates">183, 838</p><tags><tag>word</tag></tags></rectangle><rectangle><p type="text">keep</p><p type="orientation">0</p><p type="wh">152, 95</p><p type="color">255, 0, 0</p><p type="colorEdges">102, 255, 102</p><p type="coordinates">275, 842</p><tags><tag>word</tag></tags></rectangle><rectangle><p type="text">for</p><p type="orientation">0</p><p type="wh">79, 75</p><p type="color">255, 0, 0</p><p type="colorEdges">102, 255, 102</p><p type="coordinates">431, 847</p><tags><tag>word</tag></tags></rectangle><rectangle><p type="text">that</p><p type="orientation">0</p><p type="wh">151, 70</p><p type="color">255, 0, 0</p><p type="colorEdges">102, 255, 102</p><p type="coordinates">535, 847</p><tags><tag>word</tag></tags></rectangle><rectangle><p type="text">purpose</p><p type="orientation">0</p><p type="wh">256, 79</p><p type="color">255, 0, 0</p><p type="colorEdges">102, 255, 102</p><p type="coordinates">691, 862</p><tags><tag>word</tag></tags></rectangle><rectangle><p type="text">every</p><p type="orientation">0</p><p type="wh">186, 94</p><p type="color">255, 0, 0</p><p type="colorEdges">102, 255, 102</p><p type="coordinates">1000, 847</p><tags><tag>word</tag></tags></rectangle><rectangle><p type="text">officer</p><p type="orientation">0</p><p type="wh">180, 78</p><p type="color">255, 0, 0</p><p type="colorEdges">102, 255, 102</p><p type="coordinates">1199, 855</p><tags><tag>word</tag></tags></rectangle><rectangle><p type="text">is</p><p type="orientation">0</p><p type="wh">67, 27</p><p type="color">255, 0, 0</p><p type="colorEdges">102, 255, 102</p><p type="coordinates">1399, 882</p><tags><tag>word</tag></tags></rectangle><rectangle><p type="text">to</p><p type="orientation">0</p><p type="wh">59, 47</p><p type="color">255, 0, 0</p><p type="colorEdges">102, 255, 102</p><p type="coordinates">1488, 862</p><tags><tag>word</tag></tags></rectangle><rectangle><p type="text">provide</p><p type="orientation">0</p><p type="wh">247, 60</p><p type="color">255, 0, 0</p><p type="colorEdges">102, 255, 102</p><p type="coordinates">1559, 862</p><tags><tag>word</tag></tags></rectangle><rectangle><p type="text">an</p><p type="orientation">0</p><p type="wh">107, 59</p><p type="color">255, 0, 0</p><p type="colorEdges">102, 255, 102</p><p type="coordinates">1800, 858</p><tags><tag>word</tag></tags></rectangle><rectangle><p type="text">orderly</p><p type="orientation">0</p><p type="wh">255, 112</p><p type="color">255, 0, 0</p><p type="colorEdges">102, 255, 102</p><p type="coordinates">192, 918</p><tags><tag>word</tag></tags></rectangle><rectangle><p type="text">book</p><p type="orientation">0</p><p type="wh">202, 104</p><p type="color">255, 0, 0</p><p type="colorEdges">102, 255, 102</p><p type="coordinates">456, 918</p><tags><tag>word</tag></tags></rectangle><rectangle><p type="text">to</p><p type="orientation">0</p><p type="wh">83, 83</p><p type="color">255, 0, 0</p><p type="colorEdges">102, 255, 102</p><p type="coordinates">652, 934</p><tags><tag>word</tag></tags></rectangle><rectangle><p type="text">enter</p><p type="orientation">0</p><p type="wh">152, 51</p><p type="color">255, 0, 0</p><p type="colorEdges">102, 255, 102</p><p type="coordinates">743, 947</p><tags><tag>word</tag></tags></rectangle><rectangle><p type="text">the</p><p type="orientation">0</p><p type="wh">103, 67</p><p type="color">255, 0, 0</p><p type="colorEdges">102, 255, 102</p><p type="coordinates">923, 931</p><tags><tag>word</tag></tags></rectangle><rectangle><p type="text">orders</p><p type="orientation">0</p><p type="wh">204, 79</p><p type="color">255, 0, 0</p><p type="colorEdges">102, 255, 102</p><p type="coordinates">1047, 934</p><tags><tag>word</tag></tags></rectangle><rectangle><p type="text">in</p><p type="orientation">0</p><p type="wh">98, 70</p><p type="color">255, 0, 0</p><p type="colorEdges">102, 255, 102</p><p type="coordinates">1248, 947</p><tags><tag>word</tag></tags></rectangle><rectangle><p type="text">as</p><p type="orientation">0</p><p type="wh">100, 75</p><p type="color">255, 0, 0</p><p type="colorEdges">102, 255, 102</p><p type="coordinates">1343, 938</p><tags><tag>word</tag></tags></rectangle><rectangle><p type="text">they</p><p type="orientation">0</p><p type="wh">147, 95</p><p type="color">255, 0, 0</p><p type="colorEdges">102, 255, 102</p><p type="coordinates">1444, 931</p><tags><tag>word</tag></tags></rectangle><rectangle><p type="text">issue</p><p type="orientation">0</p><p type="wh">167, 95</p><p type="color">255, 0, 0</p><p type="colorEdges">102, 255, 102</p><p type="coordinates">1580, 931</p><tags><tag>word</tag></tags></rectangle><rectangle><p type="text">every</p><p type="orientation">0</p><p type="wh">170, 112</p><p type="color">255, 0, 0</p><p type="colorEdges">102, 255, 102</p><p type="coordinates">1764, 918</p><tags><tag>word</tag></tags></rectangle><rectangle><p type="text">day</p><p type="orientation">0</p><p type="wh">142, 106</p><p type="color">255, 0, 0</p><p type="colorEdges">102, 255, 102</p><p type="coordinates">188, 1007</p><tags><tag>word</tag></tags></rectangle><rectangle><p type="text">regularly</p><p type="orientation">0</p><p type="wh">318, 86</p><p type="color">255, 0, 0</p><p type="colorEdges">102, 255, 102</p><p type="coordinates">360, 1027</p><tags><tag>word</tag></tags></rectangle><rectangle><p type="text">that</p><p type="orientation">0</p><p type="wh">175, 68</p><p type="color">255, 0, 0</p><p type="colorEdges">102, 255, 102</p><p type="coordinates">707, 1014</p><tags><tag>word</tag></tags></rectangle><rectangle><p type="text">they</p><p type="orientation">0</p><p type="wh">151, 95</p><p type="color">255, 0, 0</p><p type="colorEdges">102, 255, 102</p><p type="coordinates">887, 1018</p><tags><tag>word</tag></tags></rectangle><rectangle><p type="text">may</p><p type="orientation">0</p><p type="wh">160, 58</p><p type="color">255, 0, 0</p><p type="colorEdges">102, 255, 102</p><p type="coordinates">1063, 1051</p><tags><tag>word</tag></tags></rectangle><rectangle><p type="text">examine</p><p type="orientation">0</p><p type="wh">344, 71</p><p type="color">255, 0, 0</p><p type="colorEdges">102, 255, 102</p><p type="coordinates">1231, 1027</p><tags><tag>word</tag></tags></rectangle><rectangle><p type="text">them</p><p type="orientation">0</p><p type="wh">198, 84</p><p type="color">255, 0, 0</p><p type="colorEdges">102, 255, 102</p><p type="coordinates">1592, 1018</p><tags><tag>word</tag></tags></rectangle><rectangle><p type="text">often</p><p type="orientation">0</p><p type="wh">170, 83</p><p type="color">255, 0, 0</p><p type="colorEdges">102, 255, 102</p><p type="coordinates">1780, 1023</p><tags><tag>word</tag></tags></rectangle><rectangle><p type="text">and</p><p type="orientation">0</p><p type="wh">171, 103</p><p type="color">255, 0, 0</p><p type="colorEdges">102, 255, 102</p><p type="coordinates">195, 1090</p><tags><tag>word</tag></tags></rectangle><rectangle><p type="text">see</p><p type="orientation">0</p><p type="wh">99, 38</p><p type="color">255, 0, 0</p><p type="colorEdges">102, 255, 102</p><p type="coordinates">387, 1131</p><tags><tag>word</tag></tags></rectangle><rectangle><p type="text">they</p><p type="orientation">0</p><p type="wh">138, 103</p><p type="color">255, 0, 0</p><p type="colorEdges">102, 255, 102</p><p type="coordinates">508, 1090</p><tags><tag>word</tag></tags></rectangle><rectangle><p type="text">are</p><p type="orientation">0</p><p type="wh">111, 34</p><p type="color">255, 0, 0</p><p type="colorEdges">102, 255, 102</p><p type="coordinates">660, 1131</p><tags><tag>word</tag></tags></rectangle><rectangle><p type="text">duly</p><p type="orientation">0</p><p type="wh">186, 103</p><p type="color">255, 0, 0</p><p type="colorEdges">102, 255, 102</p><p type="coordinates">816, 1090</p><tags><tag>word</tag></tags></rectangle><rectangle><p type="text">complied</p><p type="orientation">0</p><p type="wh">338, 94</p><p type="color">255, 0, 0</p><p type="colorEdges">102, 255, 102</p><p type="coordinates">1004, 1099</p><tags><tag>word</tag></tags></rectangle><rectangle><p type="text">with</p><p type="orientation">0</p><p type="wh">196, 67</p><p type="color">255, 0, 0</p><p type="colorEdges">102, 255, 102</p><p type="coordinates">1363, 1094</p><tags><tag>word</tag></tags></rectangle><rectangle><p type="text">captain</p><p type="orientation">0</p><p type="wh">287, 88</p><p type="color">255, 0, 0</p><p type="colorEdges">102, 255, 102</p><p type="coordinates">1584, 1094</p><tags><tag>word</tag></tags></rectangle><rectangle><p type="text">bronaugh</p><p type="orientation">0</p><p type="wh">412, 116</p><p type="color">255, 0, 0</p><p type="colorEdges">102, 255, 102</p><p type="coordinates">195, 1166</p><tags><tag>word</tag></tags></rectangle><rectangle><p type="text">lieutenant</p><p type="orientation">0</p><p type="wh">423, 72</p><p type="color">255, 0, 0</p><p type="colorEdges">102, 255, 102</p><p type="coordinates">587, 1186</p><tags><tag>word</tag></tags></rectangle><rectangle><p type="text">stewart</p><p type="orientation">0</p><p type="wh">279, 94</p><p type="color">255, 0, 0</p><p type="colorEdges">102, 255, 102</p><p type="coordinates">1027, 1171</p><tags><tag>word</tag></tags></rectangle><rectangle><p type="text">blegg</p><p type="orientation">0</p><p type="wh">206, 96</p><p type="color">255, 0, 0</p><p type="colorEdges">102, 255, 102</p><p type="coordinates">1320, 1186</p><tags><tag>word</tag></tags></rectangle><rectangle><p type="text">and</p><p type="orientation">0</p><p type="wh">131, 35</p><p type="color">255, 0, 0</p><p type="colorEdges">102, 255, 102</p><p type="coordinates">1551, 1210</p><tags><tag>word</tag></tags></rectangle><rectangle><p type="text">williams</p><p type="orientation">0</p><p type="wh">243, 103</p><p type="color">255, 0, 0</p><p type="colorEdges">102, 255, 102</p><p type="coordinates">1691, 1175</p><tags><tag>word</tag></tags></rectangle><rectangle><p type="text">sent</p><p type="orientation">0</p><p type="wh">179, 119</p><p type="color">255, 0, 0</p><p type="colorEdges">102, 255, 102</p><p type="coordinates">195, 1255</p><tags><tag>word</tag></tags></rectangle><rectangle><p type="text">recruiting</p><p type="orientation">0</p><p type="wh">400, 88</p><p type="color">255, 0, 0</p><p type="colorEdges">102, 255, 102</p><p type="coordinates">395, 1266</p><tags><tag>word</tag></tags></rectangle><rectangle><p type="text">and</p><p type="orientation">0</p><p type="wh">174, 62</p><p type="color">255, 0, 0</p><p type="colorEdges">102, 255, 102</p><p type="coordinates">792, 1283</p><tags><tag>word</tag></tags></rectangle><rectangle><p type="text">to</p><p type="orientation">0</p><p type="wh">71, 75</p><p type="color">255, 0, 0</p><p type="colorEdges">102, 255, 102</p><p type="coordinates">976, 1270</p><tags><tag>word</tag></tags></rectangle><rectangle><p type="text">rendezvous</p><p type="orientation">0</p><p type="wh">419, 84</p><p type="color">255, 0, 0</p><p type="colorEdges">102, 255, 102</p><p type="coordinates">1043, 1266</p><tags><tag>word</tag></tags></rectangle><rectangle><p type="text">at</p><p type="orientation">0</p><p type="wh">131, 78</p><p type="color">255, 0, 0</p><p type="colorEdges">102, 255, 102</p><p type="coordinates">1460, 1283</p><tags><tag>word</tag></tags></rectangle><rectangle><p type="text">alexandri</p><p type="orientation">0</p><p type="wh">326, 59</p><p type="color">255, 0, 0</p><p type="colorEdges">102, 255, 102</p><p type="coordinates">1608, 1275</p><tags><tag>word</tag></tags></rectangle><rectangle><p type="text">a</p><p type="orientation">0</p><p type="wh">76, 54</p><p type="color">255, 0, 0</p><p type="colorEdges">102, 255, 102</p><p type="coordinates">203, 1383</p><tags><tag>word</tag></tags></rectangle><rectangle><p type="text">the</p><p type="orientation">0</p><p type="wh">103, 67</p><p type="color">255, 0, 0</p><p type="colorEdges">102, 255, 102</p><p type="coordinates">304, 1359</p><tags><tag>word</tag></tags></rectangle><rectangle><p type="text">1st</p><p type="orientation">0</p><p type="wh">103, 90</p><p type="color">255, 0, 0</p><p type="colorEdges">102, 255, 102</p><p type="coordinates">423, 1347</p><tags><tag>word</tag></tags></rectangle><rectangle><p type="text">of</p><p type="orientation">0</p><p type="wh">104, 99</p><p type="color">255, 0, 0</p><p type="colorEdges">102, 255, 102</p><p type="coordinates">531, 1355</p><tags><tag>word</tag></tags></rectangle><rectangle><p type="text">december</p><p type="orientation">0</p><p type="wh">374, 111</p><p type="color">255, 0, 0</p><p type="colorEdges">102, 255, 102</p><p type="coordinates">644, 1347</p><tags><tag>word</tag></tags></rectangle><rectangle><p type="text">gw</p><p type="orientation">0</p><p type="wh">151, 111</p><p type="color">255, 0, 0</p><p type="colorEdges">102, 255, 102</p><p type="coordinates">1375, 1399</p><tags><tag>word</tag></tags></rectangle><rectangle><p type="text">31st</p><p type="orientation">0</p><p type="wh">79, 103</p><p type="color">255, 0, 0</p><p type="colorEdges">102, 255, 102</p><p type="coordinates">131, 1575</p><tags><tag>word</tag></tags></rectangle><rectangle><p type="text">to</p><p type="orientation">0</p><p type="wh">135, 68</p><p type="color">255, 0, 0</p><p type="colorEdges">102, 255, 102</p><p type="coordinates">223, 1618</p><tags><tag>word</tag></tags></rectangle><rectangle><p type="text">captain</p><p type="orientation">0</p><p type="wh">351, 111</p><p type="color">255, 0, 0</p><p type="colorEdges">102, 255, 102</p><p type="coordinates">363, 1586</p><tags><tag>word</tag></tags></rectangle><rectangle><p type="text">robert</p><p type="orientation">0</p><p type="wh">307, 64</p><p type="color">255, 0, 0</p><p type="colorEdges">102, 255, 102</p><p type="coordinates">719, 1618</p><tags><tag>word</tag></tags></rectangle><rectangle><p type="text">spotswood</p><p type="orientation">0</p><p type="wh">443, 116</p><p type="color">255, 0, 0</p><p type="colorEdges">102, 255, 102</p><p type="coordinates">1035, 1590</p><tags><tag>word</tag></tags></rectangle><rectangle><p type="text">of</p><p type="orientation">0</p><p type="wh">119, 114</p><p type="color">255, 0, 0</p><p type="colorEdges">102, 255, 102</p><p type="coordinates">1488, 1603</p><tags><tag>word</tag></tags></rectangle><rectangle><p type="text">the</p><p type="orientation">0</p><p type="wh">167, 83</p><p type="color">255, 0, 0</p><p type="colorEdges">102, 255, 102</p><p type="coordinates">1584, 1603</p><tags><tag>word</tag></tags></rectangle><rectangle><p type="text">virginia</p><p type="orientation">0</p><p type="wh">366, 94</p><p type="color">255, 0, 0</p><p type="colorEdges">102, 255, 102</p><p type="coordinates">508, 1699</p><tags><tag>word</tag></tags></rectangle><rectangle><p type="text">regiment</p><p type="orientation">0</p><p type="wh">443, 87</p><p type="color">255, 0, 0</p><p type="colorEdges">102, 255, 102</p><p type="coordinates">871, 1686</p><tags><tag>word</tag></tags></rectangle><rectangle><p type="text">you</p><p type="orientation">0</p><p type="wh">180, 88</p><p type="color">255, 0, 0</p><p type="colorEdges">102, 255, 102</p><p type="coordinates">755, 1790</p><tags><tag>word</tag></tags></rectangle><rectangle><p type="text">are</p><p type="orientation">0</p><p type="wh">119, 55</p><p type="color">255, 0, 0</p><p type="colorEdges">102, 255, 102</p><p type="coordinates">932, 1803</p><tags><tag>word</tag></tags></rectangle><rectangle><p type="text">hereby</p><p type="orientation">0</p><p type="wh">210, 103</p><p type="color">255, 0, 0</p><p type="colorEdges">102, 255, 102</p><p type="coordinates">1088, 1770</p><tags><tag>word</tag></tags></rectangle><rectangle><p type="text">ordered</p><p type="orientation">0</p><p type="wh">280, 52</p><p type="color">255, 0, 0</p><p type="colorEdges">102, 255, 102</p><p type="coordinates">1327, 1798</p><tags><tag>word</tag></tags></rectangle><rectangle><p type="text">as</p><p type="orientation">0</p><p type="wh">83, 27</p><p type="color">255, 0, 0</p><p type="colorEdges">102, 255, 102</p><p type="coordinates">1628, 1814</p><tags><tag>word</tag></tags></rectangle><rectangle><p type="text">soon</p><p type="orientation">0</p><p type="wh">152, 42</p><p type="color">255, 0, 0</p><p type="colorEdges">102, 255, 102</p><p type="coordinates">1727, 1803</p><tags><tag>word</tag></tags></rectangle><rectangle><p type="text">as</p><p type="orientation">0</p><p type="wh">91, 47</p><p type="color">255, 0, 0</p><p type="colorEdges">102, 255, 102</p><p type="coordinates">1879, 1807</p><tags><tag>word</tag></tags></rectangle><rectangle><p type="text">the</p><p type="orientation">0</p><p type="wh">119, 95</p><p type="color">255, 0, 0</p><p type="colorEdges">102, 255, 102</p><p type="coordinates">207, 1846</p><tags><tag>word</tag></tags></rectangle><rectangle><p type="text">clothes</p><p type="orientation">0</p><p type="wh">275, 96</p><p type="color">255, 0, 0</p><p type="colorEdges">102, 255, 102</p><p type="coordinates">348, 1862</p><tags><tag>word</tag></tags></rectangle><rectangle><p type="text">and</p><p type="orientation">0</p><p type="wh">135, 62</p><p type="color">255, 0, 0</p><p type="colorEdges">102, 255, 102</p><p type="coordinates">616, 1883</p><tags><tag>word</tag></tags></rectangle><rectangle><p type="text">arms</p><p type="orientation">0</p><p type="wh">204, 55</p><p type="color">255, 0, 0</p><p type="colorEdges">102, 255, 102</p><p type="coordinates">751, 1890</p><tags><tag>word</tag></tags></rectangle><rectangle><p type="text">arrive</p><p type="orientation">0</p><p type="wh">271, 70</p><p type="color">255, 0, 0</p><p type="colorEdges">102, 255, 102</p><p type="coordinates">956, 1879</p><tags><tag>word</tag></tags></rectangle><rectangle><p type="text">to</p><p type="orientation">0</p><p type="wh">71, 66</p><p type="color">255, 0, 0</p><p type="colorEdges">102, 255, 102</p><p type="coordinates">1239, 1875</p><tags><tag>word</tag></tags></rectangle><rectangle><p type="text">furnish</p><p type="orientation">0</p><p type="wh">315, 99</p><p type="color">255, 0, 0</p><p type="colorEdges">102, 255, 102</p><p type="coordinates">1327, 1859</p><tags><tag>word</tag></tags></rectangle><rectangle><p type="text">all</p><p type="orientation">0</p><p type="wh">119, 55</p><p type="color">255, 0, 0</p><p type="colorEdges">102, 255, 102</p><p type="coordinates">1632, 1879</p><tags><tag>word</tag></tags></rectangle><rectangle><p type="text">the</p><p type="orientation">0</p><p type="wh">147, 72</p><p type="color">255, 0, 0</p><p type="colorEdges">102, 255, 102</p><p type="coordinates">1744, 1862</p><tags><tag>word</tag></tags></rectangle><rectangle><p type="text">men</p><p type="orientation">0</p><p type="wh">200, 71</p><p type="color">255, 0, 0</p><p type="colorEdges">102, 255, 102</p><p type="coordinates">215, 1974</p><tags><tag>word</tag></tags></rectangle><rectangle><p type="text">who</p><p type="orientation">0</p><p type="wh">148, 75</p><p type="color">255, 0, 0</p><p type="colorEdges">102, 255, 102</p><p type="coordinates">427, 1951</p><tags><tag>word</tag></tags></rectangle><rectangle><p type="text">now</p><p type="orientation">0</p><p type="wh">155, 36</p><p type="color">255, 0, 0</p><p type="colorEdges">102, 255, 102</p><p type="coordinates">612, 1990</p><tags><tag>word</tag></tags></rectangle><rectangle><p type="text">rendezvous</p><p type="orientation">0</p><p type="wh">447, 90</p><p type="color">255, 0, 0</p><p type="colorEdges">102, 255, 102</p><p type="coordinates">780, 1951</p><tags><tag>word</tag></tags></rectangle><rectangle><p type="text">at</p><p type="orientation">0</p><p type="wh">119, 90</p><p type="color">255, 0, 0</p><p type="colorEdges">102, 255, 102</p><p type="coordinates">1219, 1951</p><tags><tag>word</tag></tags></rectangle><rectangle><p type="text">fredericksburgh</p><p type="orientation">0</p><p type="wh">588, 107</p><p type="color">255, 0, 0</p><p type="colorEdges">102, 255, 102</p><p type="coordinates">1331, 1942</p><tags><tag>word</tag></tags></rectangle><rectangle><p type="text">with</p><p type="orientation">0</p><p type="wh">212, 107</p><p type="color">255, 0, 0</p><p type="colorEdges">102, 255, 102</p><p type="coordinates">215, 2027</p><tags><tag>word</tag></tags></rectangle><rectangle><p type="text">both</p><p type="orientation">0</p><p type="wh">192, 96</p><p type="color">255, 0, 0</p><p type="colorEdges">102, 255, 102</p><p type="coordinates">431, 2038</p><tags><tag>word</tag></tags></rectangle><rectangle><p type="text">and</p><p type="orientation">0</p><p type="wh">155, 44</p><p type="color">255, 0, 0</p><p type="colorEdges">102, 255, 102</p><p type="coordinates">648, 2066</p><tags><tag>word</tag></tags></rectangle><rectangle><p type="text">march</p><p type="orientation">0</p><p type="wh">303, 75</p><p type="color">255, 0, 0</p><p type="colorEdges">102, 255, 102</p><p type="coordinates">847, 2038</p><tags><tag>word</tag></tags></rectangle><rectangle><p type="text">them</p><p type="orientation">0</p><p type="wh">206, 78</p><p type="color">255, 0, 0</p><p type="colorEdges">102, 255, 102</p><p type="coordinates">1152, 2035</p><tags><tag>word</tag></tags></rectangle><rectangle><p type="text">immediately</p><p type="orientation">0</p><p type="wh">496, 99</p><p type="color">255, 0, 0</p><p type="colorEdges">102, 255, 102</p><p type="coordinates">1359, 2042</p><tags><tag>word</tag></tags></rectangle><rectangle><p type="text">with</p><p type="orientation">0</p><p type="wh">200, 123</p><p type="color">255, 0, 0</p><p type="colorEdges">102, 255, 102</p><p type="coordinates">215, 2107</p><tags><tag>word</tag></tags></rectangle><rectangle><p type="text">the</p><p type="orientation">0</p><p type="wh">119, 70</p><p type="color">255, 0, 0</p><p type="colorEdges">102, 255, 102</p><p type="coordinates">411, 2127</p><tags><tag>word</tag></tags></rectangle><rectangle><p type="text">utmost</p><p type="orientation">0</p><p type="wh">315, 55</p><p type="color">255, 0, 0</p><p type="colorEdges">102, 255, 102</p><p type="coordinates">567, 2142</p><tags><tag>word</tag></tags></rectangle><rectangle><p type="text">dispatch</p><p type="orientation">0</p><p type="wh">344, 108</p><p type="color">255, 0, 0</p><p type="colorEdges">102, 255, 102</p><p type="coordinates">903, 2122</p><tags><tag>word</tag></tags></rectangle><rectangle><p type="text">to</p><p type="orientation">0</p><p type="wh">62, 50</p><p type="color">255, 0, 0</p><p type="colorEdges">102, 255, 102</p><p type="coordinates">1252, 2139</p><tags><tag>word</tag></tags></rectangle><rectangle><p type="text">fort</p><p type="orientation">0</p><p type="wh">159, 66</p><p type="color">255, 0, 0</p><p type="colorEdges">102, 255, 102</p><p type="coordinates">1363, 2127</p><tags><tag>word</tag></tags></rectangle><rectangle><p type="text">cumberland</p><p type="orientation">0</p><p type="wh">399, 71</p><p type="color">255, 0, 0</p><p type="colorEdges">102, 255, 102</p><p type="coordinates">1535, 2118</p><tags><tag>word</tag></tags></rectangle><rectangle><p type="text">to</p><p type="orientation">0</p><p type="wh">72, 107</p><p type="color">255, 0, 0</p><p type="colorEdges">102, 255, 102</p><p type="coordinates">211, 2203</p><tags><tag>word</tag></tags></rectangle><rectangle><p type="text">reinforce</p><p type="orientation">0</p><p type="wh">307, 80</p><p type="color">255, 0, 0</p><p type="colorEdges">102, 255, 102</p><p type="coordinates">308, 2226</p><tags><tag>word</tag></tags></rectangle><rectangle><p type="text">the</p><p type="orientation">0</p><p type="wh">115, 75</p><p type="color">255, 0, 0</p><p type="colorEdges">102, 255, 102</p><p type="coordinates">648, 2207</p><tags><tag>word</tag></tags></rectangle><rectangle><p type="text">garrison</p><p type="orientation">0</p><p type="wh">382, 84</p><p type="color">255, 0, 0</p><p type="colorEdges">102, 255, 102</p><p type="coordinates">792, 2226</p><tags><tag>word</tag></tags></rectangle><rectangle><p type="text">when</p><p type="orientation">0</p><p type="wh">190, 92</p><p type="color">255, 0, 0</p><p type="colorEdges">102, 255, 102</p><p type="coordinates">1260, 2198</p><tags><tag>word</tag></tags></rectangle><rectangle><p type="text">you</p><p type="orientation">0</p><p type="wh">123, 64</p><p type="color">255, 0, 0</p><p type="colorEdges">102, 255, 102</p><p type="coordinates">1456, 2246</p><tags><tag>word</tag></tags></rectangle><rectangle><p type="text">arrive</p><p type="orientation">0</p><p type="wh">194, 36</p><p type="color">255, 0, 0</p><p type="colorEdges">102, 255, 102</p><p type="coordinates">1608, 2242</p><tags><tag>word</tag></tags></rectangle><rectangle><p type="text">at</p><p type="orientation">0</p><p type="wh">111, 79</p><p type="color">255, 0, 0</p><p type="colorEdges">102, 255, 102</p><p type="coordinates">1823, 2203</p><tags><tag>word</tag></tags></rectangle><rectangle><p type="text">winchester</p><p type="orientation">0</p><p type="wh">388, 118</p><p type="color">255, 0, 0</p><p type="colorEdges">102, 255, 102</p><p type="coordinates">219, 2283</p><tags><tag>word</tag></tags></rectangle><rectangle><p type="text">you</p><p type="orientation">0</p><p type="wh">163, 62</p><p type="color">255, 0, 0</p><p type="colorEdges">102, 255, 102</p><p type="coordinates">620, 2331</p><tags><tag>word</tag></tags></rectangle><rectangle><p type="text">must</p><p type="orientation">0</p><p type="wh">230, 58</p><p type="color">255, 0, 0</p><p type="colorEdges">102, 255, 102</p><p type="coordinates">788, 2311</p><tags><tag>word</tag></tags></rectangle><rectangle><p type="text">provide</p><p type="orientation">0</p><p type="wh">268, 82</p><p type="color">255, 0, 0</p><p type="colorEdges">102, 255, 102</p><p type="coordinates">1015, 2315</p><tags><tag>word</tag></tags></rectangle><rectangle><p type="text">your</p><p type="orientation">0</p><p type="wh">178, 62</p><p type="color">255, 0, 0</p><p type="colorEdges">102, 255, 102</p><p type="coordinates">1316, 2331</p><tags><tag>word</tag></tags></rectangle><rectangle><p type="text">men</p><p type="orientation">0</p><p type="wh">208, 34</p><p type="color">255, 0, 0</p><p type="colorEdges">102, 255, 102</p><p type="coordinates">1499, 2331</p><tags><tag>word</tag></tags></rectangle><rectangle><p type="text">with</p><p type="orientation">0</p><p type="wh">140, 99</p><p type="color">255, 0, 0</p><p type="colorEdges">102, 255, 102</p><p type="coordinates">1711, 2287</p><tags><tag>word</tag></tags></rectangle><rectangle><p type="text">car</p><p type="orientation">0</p><p type="wh">99, 92</p><p type="color">255, 0, 0</p><p type="colorEdges">102, 255, 102</p><p type="coordinates">1843, 2294</p><tags><tag>word</tag></tags></rectangle><rectangle><p type="text">tridges</p><p type="orientation">0</p><p type="wh">279, 112</p><p type="color">255, 0, 0</p><p type="colorEdges">102, 255, 102</p><p type="coordinates">211, 2374</p><tags><tag>word</tag></tags></rectangle><rectangle><p type="text">you</p><p type="orientation">0</p><p type="wh">174, 112</p><p type="color">255, 0, 0</p><p type="colorEdges">102, 255, 102</p><p type="coordinates">520, 2374</p><tags><tag>word</tag></tags></rectangle><rectangle><p type="text">are</p><p type="orientation">0</p><p type="wh">119, 36</p><p type="color">255, 0, 0</p><p type="colorEdges">102, 255, 102</p><p type="coordinates">715, 2422</p><tags><tag>word</tag></tags></rectangle><rectangle><p type="text">to</p><p type="orientation">0</p><p type="wh">76, 68</p><p type="color">255, 0, 0</p><p type="colorEdges">102, 255, 102</p><p type="coordinates">875, 2398</p><tags><tag>word</tag></tags></rectangle><rectangle><p type="text">be</p><p type="orientation">0</p><p type="wh">87, 86</p><p type="color">255, 0, 0</p><p type="colorEdges">102, 255, 102</p><p type="coordinates">960, 2383</p><tags><tag>word</tag></tags></rectangle><rectangle><p type="text">very</p><p type="orientation">0</p><p type="wh">160, 60</p><p type="color">255, 0, 0</p><p type="colorEdges">102, 255, 102</p><p type="coordinates">1075, 2422</p><tags><tag>word</tag></tags></rectangle><rectangle><p type="text">careful</p><p type="orientation">0</p><p type="wh">262, 87</p><p type="color">255, 0, 0</p><p type="colorEdges">102, 255, 102</p><p type="coordinates">1260, 2390</p><tags><tag>word</tag></tags></rectangle><rectangle><p type="text">and</p><p type="orientation">0</p><p type="wh">151, 90</p><p type="color">255, 0, 0</p><p type="colorEdges">102, 255, 102</p><p type="coordinates">1531, 2387</p><tags><tag>word</tag></tags></rectangle><rectangle><p type="text">circum</p><p type="orientation">0</p><p type="wh">220, 79</p><p type="color">255, 0, 0</p><p type="colorEdges">102, 255, 102</p><p type="coordinates">1699, 2390</p><tags><tag>word</tag></tags></rectangle><rectangle><p type="text">spect</p><p type="orientation">0</p><p type="wh">204, 106</p><p type="color">255, 0, 0</p><p type="colorEdges">102, 255, 102</p><p type="coordinates">219, 2463</p><tags><tag>word</tag></tags></rectangle><rectangle><p type="text">in</p><p type="orientation">0</p><p type="wh">103, 79</p><p type="color">255, 0, 0</p><p type="colorEdges">102, 255, 102</p><p type="coordinates">427, 2466</p><tags><tag>word</tag></tags></rectangle><rectangle><p type="text">your</p><p type="orientation">0</p><p type="wh">196, 62</p><p type="color">255, 0, 0</p><p type="colorEdges">102, 255, 102</p><p type="coordinates">531, 2507</p><tags><tag>word</tag></tags></rectangle><rectangle><p type="text">march</p><p type="orientation">0</p><p type="wh">368, 96</p><p type="color">255, 0, 0</p><p type="colorEdges">102, 255, 102</p><p type="coordinates">731, 2470</p><tags><tag>word</tag></tags></rectangle><rectangle><p type="text">and</p><p type="orientation">0</p><p type="wh">186, 79</p><p type="color">255, 0, 0</p><p type="colorEdges">102, 255, 102</p><p type="coordinates">1120, 2483</p><tags><tag>word</tag></tags></rectangle><rectangle><p type="text">see</p><p type="orientation">0</p><p type="wh">127, 70</p><p type="color">255, 0, 0</p><p type="colorEdges">102, 255, 102</p><p type="coordinates">1300, 2483</p><tags><tag>word</tag></tags></rectangle><rectangle><p type="text">that</p><p type="orientation">0</p><p type="wh">179, 72</p><p type="color">255, 0, 0</p><p type="colorEdges">102, 255, 102</p><p type="coordinates">1428, 2466</p><tags><tag>word</tag></tags></rectangle><rectangle><p type="text">your</p><p type="orientation">0</p><p type="wh">166, 60</p><p type="color">255, 0, 0</p><p type="colorEdges">102, 255, 102</p><p type="coordinates">1636, 2502</p><tags><tag>word</tag></tags></rectangle><rectangle><p type="text">men</p><p type="orientation">0</p><p type="wh">126, 68</p><p type="color">255, 0, 0</p><p type="colorEdges">102, 255, 102</p><p type="coordinates">1804, 2498</p><tags><tag>word</tag></tags></rectangle><rectangle><p type="text">do</p><p type="orientation">0</p><p type="wh">96, 103</p><p type="color">255, 0, 0</p><p type="colorEdges">102, 255, 102</p><p type="coordinates">223, 2546</p><tags><tag>word</tag></tags></rectangle><rectangle><p type="text">not</p><p type="orientation">0</p><p type="wh">158, 79</p><p type="color">255, 0, 0</p><p type="colorEdges">102, 255, 102</p><p type="coordinates">328, 2555</p><tags><tag>word</tag></tags></rectangle><rectangle><p type="text">on</p><p type="orientation">0</p><p type="wh">104, 36</p><p type="color">255, 0, 0</p><p type="colorEdges">102, 255, 102</p><p type="coordinates">523, 2594</p><tags><tag>word</tag></tags></rectangle><rectangle><p type="text">any</p><p type="orientation">0</p><p type="wh">147, 54</p><p type="color">255, 0, 0</p><p type="colorEdges">102, 255, 102</p><p type="coordinates">652, 2591</p><tags><tag>word</tag></tags></rectangle><rectangle><p type="text">account</p><p type="orientation">0</p><p type="wh">310, 86</p><p type="color">255, 0, 0</p><p type="colorEdges">102, 255, 102</p><p type="coordinates">828, 2559</p><tags><tag>word</tag></tags></rectangle><rectangle><p type="text">whatsoever</p><p type="orientation">0</p><p type="wh">443, 99</p><p type="color">255, 0, 0</p><p type="colorEdges">102, 255, 102</p><p type="coordinates">1148, 2550</p><tags><tag>word</tag></tags></rectangle><rectangle><p type="text">plunder</p><p type="orientation">0</p><p type="wh">287, 87</p><p type="color">255, 0, 0</p><p type="colorEdges">102, 255, 102</p><p type="coordinates">1588, 2555</p><tags><tag>word</tag></tags></rectangle><rectangle><p type="text">or</p><p type="orientation">0</p><p type="wh">63, 56</p><p type="color">255, 0, 0</p><p type="colorEdges">102, 255, 102</p><p type="coordinates">1879, 2574</p><tags><tag>word</tag></tags></rectangle><rectangle><p type="text">pillage</p><p type="orientation">0</p><p type="wh">271, 112</p><p type="color">255, 0, 0</p><p type="colorEdges">102, 255, 102</p><p type="coordinates">223, 2626</p><tags><tag>word</tag></tags></rectangle><rectangle><p type="text">the</p><p type="orientation">0</p><p type="wh">134, 71</p><p type="color">255, 0, 0</p><p type="colorEdges">102, 255, 102</p><p type="coordinates">512, 2639</p><tags><tag>word</tag></tags></rectangle><rectangle><p type="text">houses</p><p type="orientation">0</p><p type="wh">243, 88</p><p type="color">255, 0, 0</p><p type="colorEdges">102, 255, 102</p><p type="coordinates">660, 2622</p><tags><tag>word</tag></tags></rectangle><rectangle><p type="text">which</p><p type="orientation">0</p><p type="wh">234, 68</p><p type="color">255, 0, 0</p><p type="colorEdges">102, 255, 102</p><p type="coordinates">932, 2642</p><tags><tag>word</tag></tags></rectangle><rectangle><p type="text">the</p><p type="orientation">0</p><p type="wh">123, 71</p><p type="color">255, 0, 0</p><p type="colorEdges">102, 255, 102</p><p type="coordinates">1171, 2639</p><tags><tag>word</tag></tags></rectangle><rectangle><p type="text">people</p><p type="orientation">0</p><p type="wh">234, 75</p><p type="color">255, 0, 0</p><p type="colorEdges">102, 255, 102</p><p type="coordinates">1288, 2650</p><tags><tag>word</tag></tags></rectangle><rectangle><p type="text">have</p><p type="orientation">0</p><p type="wh">192, 71</p><p type="color">255, 0, 0</p><p type="colorEdges">102, 255, 102</p><p type="coordinates">1527, 2635</p><tags><tag>word</tag></tags></rectangle><rectangle><p type="text">deserted</p><p type="orientation">0</p><p type="wh">227, 60</p><p type="color">255, 0, 0</p><p type="colorEdges">102, 255, 102</p><p type="coordinates">1727, 2650</p><tags><tag>word</tag></tags></rectangle><rectangle><p type="text">or</p><p type="orientation">0</p><p type="wh">96, 114</p><p type="color">255, 0, 0</p><p type="colorEdges">102, 255, 102</p><p type="coordinates">215, 2711</p><tags><tag>word</tag></tags></rectangle><rectangle><p type="text">any</p><p type="orientation">0</p><p type="wh">143, 55</p><p type="color">255, 0, 0</p><p type="colorEdges">102, 255, 102</p><p type="coordinates">324, 2763</p><tags><tag>word</tag></tags></rectangle><rectangle><p type="text">others</p><p type="orientation">0</p><p type="wh">218, 82</p><p type="color">255, 0, 0</p><p type="colorEdges">102, 255, 102</p><p type="coordinates">468, 2715</p><tags><tag>word</tag></tags></rectangle><rectangle><p type="text">or</p><p type="orientation">0</p><p type="wh">88, 64</p><p type="color">255, 0, 0</p><p type="colorEdges">102, 255, 102</p><p type="coordinates">691, 2746</p><tags><tag>word</tag></tags></rectangle><rectangle><p type="text">plantations</p><p type="orientation">0</p><p type="wh">495, 82</p><p type="color">255, 0, 0</p><p type="colorEdges">102, 255, 102</p><p type="coordinates">784, 2715</p><tags><tag>word</tag></tags></rectangle><rectangle><p type="text">lieutenant</p><p type="orientation">0</p><p type="wh">403, 86</p><p type="color">255, 0, 0</p><p type="colorEdges">102, 255, 102</p><p type="coordinates">1375, 2715</p><tags><tag>word</tag></tags></rectangle><rectangle><p type="text">fra</p><p type="orientation">0</p><p type="wh">127, 64</p><p type="color">255, 0, 0</p><p type="colorEdges">102, 255, 102</p><p type="coordinates">1800, 2726</p><tags><tag>word</tag></tags></rectangle><rectangle><p type="text">zier</p><p type="orientation">0</p><p type="wh">171, 123</p><p type="color">255, 0, 0</p><p type="colorEdges">102, 255, 102</p><p type="coordinates">215, 2798</p><tags><tag>word</tag></tags></rectangle><rectangle><p type="text">and</p><p type="orientation">0</p><p type="wh">180, 58</p><p type="color">255, 0, 0</p><p type="colorEdges">102, 255, 102</p><p type="coordinates">391, 2839</p><tags><tag>word</tag></tags></rectangle><rectangle><p type="text">ensign</p><p type="orientation">0</p><p type="wh">279, 98</p><p type="color">255, 0, 0</p><p type="colorEdges">102, 255, 102</p><p type="coordinates">579, 2807</p><tags><tag>word</tag></tags></rectangle><rectangle><p type="text">carter</p><p type="orientation">0</p><p type="wh">244, 86</p><p type="color">255, 0, 0</p><p type="colorEdges">102, 255, 102</p><p type="coordinates">867, 2807</p><tags><tag>word</tag></tags></rectangle><rectangle><p type="text">are</p><p type="orientation">0</p><p type="wh">155, 83</p><p type="color">255, 0, 0</p><p type="colorEdges">102, 255, 102</p><p type="coordinates">1108, 2822</p><tags><tag>word</tag></tags></rectangle><rectangle><p type="text">appointed</p><p type="orientation">0</p><p type="wh">374, 96</p><p type="color">255, 0, 0</p><p type="colorEdges">102, 255, 102</p><p type="coordinates">1276, 2818</p><tags><tag>word</tag></tags></rectangle><rectangle><p type="text">to</p><p type="orientation">0</p><p type="wh">75, 68</p><p type="color">255, 0, 0</p><p type="colorEdges">102, 255, 102</p><p type="coordinates">1644, 2818</p><tags><tag>word</tag></tags></rectangle><rectangle><p type="text">this</p><p type="orientation">0</p><p type="wh">148, 86</p><p type="color">255, 0, 0</p><p type="colorEdges">102, 255, 102</p><p type="coordinates">1719, 2807</p><tags><tag>word</tag></tags></rectangle><rectangle><p type="text">com</p><p type="orientation">0</p><p type="wh">107, 68</p><p type="color">255, 0, 0</p><p type="colorEdges">102, 255, 102</p><p type="coordinates">1855, 2818</p><tags><tag>word</tag></tags></rectangle><rectangle><p type="text">mand</p><p type="orientation">0</p><p type="wh">283, 70</p><p type="color">255, 0, 0</p><p type="colorEdges">102, 255, 102</p><p type="coordinates">219, 2907</p><tags><tag>word</tag></tags></rectangle><rectangle><p type="text">given</p><p type="orientation">0</p><p type="wh">242, 118</p><p type="color">255, 0, 0</p><p type="colorEdges">102, 255, 102</p><p type="coordinates">772, 2959</p><tags><tag>word</tag></tags></rectangle><rectangle><p type="text">c</p><p type="orientation">0</p><p type="wh">76, 62</p><p type="color">255, 0, 0</p><p type="colorEdges">102, 255, 102</p><p type="coordinates">1027, 2983</p><tags><tag>word</tag></tags></rectangle><rectangle><p type="text">gw</p><p type="orientation">0</p><p type="wh">188, 86</p><p type="color">255, 0, 0</p><p type="colorEdges">102, 255, 102</p><p type="coordinates">1375, 3043</p><tags><tag>word</tag></tags></rectangle></rectangle></content></data>