<?xml version='1.0' encoding='utf-8'?>
<data descr="TU Dortmund, LSXII Informatik, patrec, Image Annotation." ver="2016-10-15 v0.1.2"><content><rectangle><p type="text" /><rectangle><p type="text">letters</p><p type="orientation">0</p><p type="wh">299, 127</p><p type="color">255, 0, 0</p><p type="colorEdges">102, 255, 102</p><p type="coordinates">183, 99</p><tags><tag>word</tag></tags></rectangle><rectangle><p type="text">orders</p><p type="orientation">0</p><p type="wh">247, 99</p><p type="color">255, 0, 0</p><p type="colorEdges">102, 255, 102</p><p type="coordinates">476, 127</p><tags><tag>word</tag></tags></rectangle><rectangle><p type="text">and</p><p type="orientation">0</p><p type="wh">203, 95</p><p type="color">255, 0, 0</p><p type="colorEdges">102, 255, 102</p><p type="coordinates">720, 139</p><tags><tag>word</tag></tags></rectangle><rectangle><p type="text">instructions</p><p type="orientation">0</p><p type="wh">499, 131</p><p type="color">255, 0, 0</p><p type="colorEdges">102, 255, 102</p><p type="coordinates">920, 119</p><tags><tag>word</tag></tags></rectangle><rectangle><p type="text">november</p><p type="orientation">0</p><p type="wh">347, 92</p><p type="color">255, 0, 0</p><p type="colorEdges">102, 255, 102</p><p type="coordinates">1424, 142</p><tags><tag>word</tag></tags></rectangle><rectangle><p type="text">1755</p><p type="orientation">0</p><p type="wh">131, 68</p><p type="color">255, 0, 0</p><p type="colorEdges">102, 255, 102</p><p type="coordinates">1759, 162</p><tags><tag>word</tag></tags></rectangle><rectangle><p type="text">279</p><p type="orientation">0</p><p type="wh">95, 68</p><p type="color">255, 0, 0</p><p type="colorEdges">102, 255, 102</p><p type="coordinates">1884, 166</p><tags><tag>word</tag></tags></rectangle><rectangle><p type="text">two</p><p type="orientation">0</p><p type="wh">106, 59</p><p type="color">255, 0, 0</p><p type="colorEdges">102, 255, 102</p><p type="coordinates">200, 335</p><tags><tag>word</tag></tags></rectangle><rectangle><p type="text">pence</p><p type="orientation">0</p><p type="wh">176, 68</p><p type="color">255, 0, 0</p><p type="colorEdges">102, 255, 102</p><p type="coordinates">315, 326</p><tags><tag>word</tag></tags></rectangle><rectangle><p type="text">per</p><p type="orientation">0</p><p type="wh">102, 48</p><p type="color">255, 0, 0</p><p type="colorEdges">102, 255, 102</p><p type="coordinates">508, 342</p><tags><tag>word</tag></tags></rectangle><rectangle><p type="text">month</p><p type="orientation">0</p><p type="wh">280, 75</p><p type="color">255, 0, 0</p><p type="colorEdges">102, 255, 102</p><p type="coordinates">599, 315</p><tags><tag>word</tag></tags></rectangle><rectangle><p type="text">from</p><p type="orientation">0</p><p type="wh">148, 95</p><p type="color">255, 0, 0</p><p type="colorEdges">102, 255, 102</p><p type="coordinates">891, 303</p><tags><tag>word</tag></tags></rectangle><rectangle><p type="text">each</p><p type="orientation">0</p><p type="wh">194, 82</p><p type="color">255, 0, 0</p><p type="colorEdges">102, 255, 102</p><p type="coordinates">1076, 303</p><tags><tag>word</tag></tags></rectangle><rectangle><p type="text">non</p><p type="orientation">0</p><p type="wh">163, 58</p><p type="color">255, 0, 0</p><p type="colorEdges">102, 255, 102</p><p type="coordinates">1264, 319</p><tags><tag>word</tag></tags></rectangle><rectangle><p type="text">commissioned</p><p type="orientation">0</p><p type="wh">468, 103</p><p type="color">255, 0, 0</p><p type="colorEdges">102, 255, 102</p><p type="coordinates">1467, 287</p><tags><tag>word</tag></tags></rectangle><rectangle><p type="text">officer</p><p type="orientation">0</p><p type="wh">210, 96</p><p type="color">255, 0, 0</p><p type="colorEdges">102, 255, 102</p><p type="coordinates">204, 390</p><tags><tag>word</tag></tags></rectangle><rectangle><p type="text">and</p><p type="orientation">0</p><p type="wh">152, 35</p><p type="color">255, 0, 0</p><p type="colorEdges">102, 255, 102</p><p type="coordinates">431, 426</p><tags><tag>word</tag></tags></rectangle><rectangle><p type="text">soldier</p><p type="orientation">0</p><p type="wh">256, 71</p><p type="color">255, 0, 0</p><p type="colorEdges">102, 255, 102</p><p type="coordinates">611, 386</p><tags><tag>word</tag></tags></rectangle><rectangle><p type="text">for</p><p type="orientation">0</p><p type="wh">87, 88</p><p type="color">255, 0, 0</p><p type="colorEdges">102, 255, 102</p><p type="coordinates">879, 386</p><tags><tag>word</tag></tags></rectangle><rectangle><p type="text">purchasing</p><p type="orientation">0</p><p type="wh">444, 104</p><p type="color">255, 0, 0</p><p type="colorEdges">102, 255, 102</p><p type="coordinates">983, 378</p><tags><tag>word</tag></tags></rectangle><rectangle><p type="text">medicines</p><p type="orientation">0</p><p type="wh">444, 87</p><p type="color">255, 0, 0</p><p type="colorEdges">102, 255, 102</p><p type="coordinates">1431, 382</p><tags><tag>word</tag></tags></rectangle><rectangle><p type="text">this</p><p type="orientation">0</p><p type="wh">122, 75</p><p type="color">255, 0, 0</p><p type="colorEdges">102, 255, 102</p><p type="coordinates">200, 478</p><tags><tag>word</tag></tags></rectangle><rectangle><p type="text">is</p><p type="orientation">0</p><p type="wh">71, 87</p><p type="color">255, 0, 0</p><p type="colorEdges">102, 255, 102</p><p type="coordinates">336, 483</p><tags><tag>word</tag></tags></rectangle><rectangle><p type="text">to</p><p type="orientation">0</p><p type="wh">83, 83</p><p type="color">255, 0, 0</p><p type="colorEdges">102, 255, 102</p><p type="coordinates">411, 487</p><tags><tag>word</tag></tags></rectangle><rectangle><p type="text">be</p><p type="orientation">0</p><p type="wh">86, 63</p><p type="color">255, 0, 0</p><p type="colorEdges">102, 255, 102</p><p type="coordinates">512, 474</p><tags><tag>word</tag></tags></rectangle><rectangle><p type="text">paid</p><p type="orientation">0</p><p type="wh">232, 84</p><p type="color">255, 0, 0</p><p type="colorEdges">102, 255, 102</p><p type="coordinates">599, 478</p><tags><tag>word</tag></tags></rectangle><rectangle><p type="text">to</p><p type="orientation">0</p><p type="wh">63, 75</p><p type="color">255, 0, 0</p><p type="colorEdges">102, 255, 102</p><p type="coordinates">852, 483</p><tags><tag>word</tag></tags></rectangle><rectangle><p type="text">the</p><p type="orientation">0</p><p type="wh">128, 79</p><p type="color">255, 0, 0</p><p type="colorEdges">102, 255, 102</p><p type="coordinates">915, 474</p><tags><tag>word</tag></tags></rectangle><rectangle><p type="text">surgeon</p><p type="orientation">0</p><p type="wh">271, 108</p><p type="color">255, 0, 0</p><p type="colorEdges">102, 255, 102</p><p type="coordinates">1052, 462</p><tags><tag>word</tag></tags></rectangle><rectangle><p type="text">quarterly</p><p type="orientation">0</p><p type="wh">355, 103</p><p type="color">255, 0, 0</p><p type="colorEdges">102, 255, 102</p><p type="coordinates">1359, 459</p><tags><tag>word</tag></tags></rectangle><rectangle><p type="text">there</p><p type="orientation">0</p><p type="wh">167, 79</p><p type="color">255, 0, 0</p><p type="colorEdges">102, 255, 102</p><p type="coordinates">1732, 462</p><tags><tag>word</tag></tags></rectangle><rectangle><p type="text">is</p><p type="orientation">0</p><p type="wh">63, 56</p><p type="color">255, 0, 0</p><p type="colorEdges">102, 255, 102</p><p type="coordinates">1887, 478</p><tags><tag>word</tag></tags></rectangle><rectangle><p type="text">also</p><p type="orientation">0</p><p type="wh">114, 54</p><p type="color">255, 0, 0</p><p type="colorEdges">102, 255, 102</p><p type="coordinates">208, 583</p><tags><tag>word</tag></tags></rectangle><rectangle><p type="text">six</p><p type="orientation">0</p><p type="wh">107, 56</p><p type="color">255, 0, 0</p><p type="colorEdges">102, 255, 102</p><p type="coordinates">339, 586</p><tags><tag>word</tag></tags></rectangle><rectangle><p type="text">pence</p><p type="orientation">0</p><p type="wh">179, 72</p><p type="color">255, 0, 0</p><p type="colorEdges">102, 255, 102</p><p type="coordinates">455, 586</p><tags><tag>word</tag></tags></rectangle><rectangle><p type="text">per</p><p type="orientation">0</p><p type="wh">100, 52</p><p type="color">255, 0, 0</p><p type="colorEdges">102, 255, 102</p><p type="coordinates">659, 590</p><tags><tag>word</tag></tags></rectangle><rectangle><p type="text">month</p><p type="orientation">0</p><p type="wh">283, 71</p><p type="color">255, 0, 0</p><p type="colorEdges">102, 255, 102</p><p type="coordinates">787, 558</p><tags><tag>word</tag></tags></rectangle><rectangle><p type="text">to</p><p type="orientation">0</p><p type="wh">63, 46</p><p type="color">255, 0, 0</p><p type="colorEdges">102, 255, 102</p><p type="coordinates">1067, 575</p><tags><tag>word</tag></tags></rectangle><rectangle><p type="text">be</p><p type="orientation">0</p><p type="wh">76, 67</p><p type="color">255, 0, 0</p><p type="colorEdges">102, 255, 102</p><p type="coordinates">1151, 554</p><tags><tag>word</tag></tags></rectangle><rectangle><p type="text">stopped</p><p type="orientation">0</p><p type="wh">254, 84</p><p type="color">255, 0, 0</p><p type="colorEdges">102, 255, 102</p><p type="coordinates">1252, 562</p><tags><tag>word</tag></tags></rectangle><rectangle><p type="text">from</p><p type="orientation">0</p><p type="wh">188, 79</p><p type="color">255, 0, 0</p><p type="colorEdges">102, 255, 102</p><p type="coordinates">1499, 554</p><tags><tag>word</tag></tags></rectangle><rectangle><p type="text">the</p><p type="orientation">0</p><p type="wh">111, 64</p><p type="color">255, 0, 0</p><p type="colorEdges">102, 255, 102</p><p type="coordinates">1692, 546</p><tags><tag>word</tag></tags></rectangle><rectangle><p type="text">drum</p><p type="orientation">0</p><p type="wh">143, 108</p><p type="color">255, 0, 0</p><p type="colorEdges">102, 255, 102</p><p type="coordinates">1807, 546</p><tags><tag>word</tag></tags></rectangle><rectangle><p type="text">mers</p><p type="orientation">0</p><p type="wh">159, 35</p><p type="color">255, 0, 0</p><p type="colorEdges">102, 255, 102</p><p type="coordinates">200, 686</p><tags><tag>word</tag></tags></rectangle><rectangle><p type="text">to</p><p type="orientation">0</p><p type="wh">50, 46</p><p type="color">255, 0, 0</p><p type="colorEdges">102, 255, 102</p><p type="coordinates">396, 667</p><tags><tag>word</tag></tags></rectangle><rectangle><p type="text">be</p><p type="orientation">0</p><p type="wh">84, 75</p><p type="color">255, 0, 0</p><p type="colorEdges">102, 255, 102</p><p type="coordinates">479, 642</p><tags><tag>word</tag></tags></rectangle><rectangle><p type="text">paid</p><p type="orientation">0</p><p type="wh">160, 52</p><p type="color">255, 0, 0</p><p type="colorEdges">102, 255, 102</p><p type="coordinates">575, 674</p><tags><tag>word</tag></tags></rectangle><rectangle><p type="text">to</p><p type="orientation">0</p><p type="wh">51, 42</p><p type="color">255, 0, 0</p><p type="colorEdges">102, 255, 102</p><p type="coordinates">751, 663</p><tags><tag>word</tag></tags></rectangle><rectangle><p type="text">the</p><p type="orientation">0</p><p type="wh">107, 75</p><p type="color">255, 0, 0</p><p type="colorEdges">102, 255, 102</p><p type="coordinates">823, 634</p><tags><tag>word</tag></tags></rectangle><rectangle><p type="text">drum</p><p type="orientation">0</p><p type="wh">234, 67</p><p type="color">255, 0, 0</p><p type="colorEdges">102, 255, 102</p><p type="coordinates">944, 638</p><tags><tag>word</tag></tags></rectangle><rectangle><p type="text">major</p><p type="orientation">0</p><p type="wh">230, 87</p><p type="color">255, 0, 0</p><p type="colorEdges">102, 255, 102</p><p type="coordinates">1180, 651</p><tags><tag>word</tag></tags></rectangle><rectangle><p type="text">for</p><p type="orientation">0</p><p type="wh">102, 88</p><p type="color">255, 0, 0</p><p type="colorEdges">102, 255, 102</p><p type="coordinates">1404, 638</p><tags><tag>word</tag></tags></rectangle><rectangle><p type="text">teaching</p><p type="orientation">0</p><p type="wh">292, 108</p><p type="color">255, 0, 0</p><p type="colorEdges">102, 255, 102</p><p type="coordinates">1535, 634</p><tags><tag>word</tag></tags></rectangle><rectangle><p type="text">them</p><p type="orientation">0</p><p type="wh">150, 87</p><p type="color">255, 0, 0</p><p type="colorEdges">102, 255, 102</p><p type="coordinates">1812, 630</p><tags><tag>word</tag></tags></rectangle><rectangle><p type="text">and</p><p type="orientation">0</p><p type="wh">139, 44</p><p type="color">255, 0, 0</p><p type="colorEdges">102, 255, 102</p><p type="coordinates">200, 766</p><tags><tag>word</tag></tags></rectangle><rectangle><p type="text">repairing</p><p type="orientation">0</p><p type="wh">302, 72</p><p type="color">255, 0, 0</p><p type="colorEdges">102, 255, 102</p><p type="coordinates">344, 754</p><tags><tag>word</tag></tags></rectangle><rectangle><p type="text">the</p><p type="orientation">0</p><p type="wh">124, 75</p><p type="color">255, 0, 0</p><p type="colorEdges">102, 255, 102</p><p type="coordinates">635, 726</p><tags><tag>word</tag></tags></rectangle><rectangle><p type="text">drums</p><p type="orientation">0</p><p type="wh">351, 67</p><p type="color">255, 0, 0</p><p type="colorEdges">102, 255, 102</p><p type="coordinates">751, 730</p><tags><tag>word</tag></tags></rectangle><rectangle><p type="text">these</p><p type="orientation">0</p><p type="wh">219, 79</p><p type="color">255, 0, 0</p><p type="colorEdges">102, 255, 102</p><p type="coordinates">1099, 718</p><tags><tag>word</tag></tags></rectangle><rectangle><p type="text">deductions</p><p type="orientation">0</p><p type="wh">387, 75</p><p type="color">255, 0, 0</p><p type="colorEdges">102, 255, 102</p><p type="coordinates">1332, 735</p><tags><tag>word</tag></tags></rectangle><rectangle><p type="text">you</p><p type="orientation">0</p><p type="wh">155, 67</p><p type="color">255, 0, 0</p><p type="colorEdges">102, 255, 102</p><p type="coordinates">1723, 743</p><tags><tag>word</tag></tags></rectangle><rectangle><p type="text">are</p><p type="orientation">0</p><p type="wh">90, 59</p><p type="color">255, 0, 0</p><p type="colorEdges">102, 255, 102</p><p type="coordinates">1872, 747</p><tags><tag>word</tag></tags></rectangle><rectangle><p type="text">hereby</p><p type="orientation">0</p><p type="wh">214, 107</p><p type="color">255, 0, 0</p><p type="colorEdges">102, 255, 102</p><p type="coordinates">200, 810</p><tags><tag>word</tag></tags></rectangle><rectangle><p type="text">ordered</p><p type="orientation">0</p><p type="wh">275, 71</p><p type="color">255, 0, 0</p><p type="colorEdges">102, 255, 102</p><p type="coordinates">443, 835</p><tags><tag>word</tag></tags></rectangle><rectangle><p type="text">to</p><p type="orientation">0</p><p type="wh">63, 59</p><p type="color">255, 0, 0</p><p type="colorEdges">102, 255, 102</p><p type="coordinates">703, 835</p><tags><tag>word</tag></tags></rectangle><rectangle><p type="text">make</p><p type="orientation">0</p><p type="wh">182, 67</p><p type="color">255, 0, 0</p><p type="colorEdges">102, 255, 102</p><p type="coordinates">804, 823</p><tags><tag>word</tag></tags></rectangle><rectangle><p type="text">each</p><p type="orientation">0</p><p type="wh">175, 66</p><p type="color">255, 0, 0</p><p type="colorEdges">102, 255, 102</p><p type="coordinates">1016, 819</p><tags><tag>word</tag></tags></rectangle><rectangle><p type="text">pay</p><p type="orientation">0</p><p type="wh">114, 78</p><p type="color">255, 0, 0</p><p type="colorEdges">102, 255, 102</p><p type="coordinates">1188, 835</p><tags><tag>word</tag></tags></rectangle><rectangle><p type="text">day</p><p type="orientation">0</p><p type="wh">128, 94</p><p type="color">255, 0, 0</p><p type="colorEdges">102, 255, 102</p><p type="coordinates">1335, 819</p><tags><tag>word</tag></tags></rectangle><rectangle><p type="text">unless</p><p type="orientation">0</p><p type="wh">272, 83</p><p type="color">255, 0, 0</p><p type="colorEdges">102, 255, 102</p><p type="coordinates">1487, 802</p><tags><tag>word</tag></tags></rectangle><rectangle><p type="text">coun</p><p type="orientation">0</p><p type="wh">150, 34</p><p type="color">255, 0, 0</p><p type="colorEdges">102, 255, 102</p><p type="coordinates">1752, 835</p><tags><tag>word</tag></tags></rectangle><rectangle><p type="text">termanded</p><p type="orientation">0</p><p type="wh">379, 63</p><p type="color">255, 0, 0</p><p type="colorEdges">102, 255, 102</p><p type="coordinates">216, 915</p><tags><tag>word</tag></tags></rectangle><rectangle><p type="text">by</p><p type="orientation">0</p><p type="wh">75, 94</p><p type="color">255, 0, 0</p><p type="colorEdges">102, 255, 102</p><p type="coordinates">604, 903</p><tags><tag>word</tag></tags></rectangle><rectangle><p type="text">the</p><p type="orientation">0</p><p type="wh">118, 71</p><p type="color">255, 0, 0</p><p type="colorEdges">102, 255, 102</p><p type="coordinates">696, 903</p><tags><tag>word</tag></tags></rectangle><rectangle><p type="text">governor</p><p type="orientation">0</p><p type="wh">303, 76</p><p type="color">255, 0, 0</p><p type="colorEdges">102, 255, 102</p><p type="coordinates">823, 898</p><tags><tag>word</tag></tags></rectangle><rectangle><p type="text">or</p><p type="orientation">0</p><p type="wh">104, 52</p><p type="color">255, 0, 0</p><p type="colorEdges">102, 255, 102</p><p type="coordinates">1135, 922</p><tags><tag>word</tag></tags></rectangle><rectangle><p type="text">myself</p><p type="orientation">0</p><p type="wh">259, 99</p><p type="color">255, 0, 0</p><p type="colorEdges">102, 255, 102</p><p type="coordinates">1252, 898</p><tags><tag>word</tag></tags></rectangle><rectangle><p type="text">if</p><p type="orientation">0</p><p type="wh">123, 96</p><p type="color">255, 0, 0</p><p type="colorEdges">102, 255, 102</p><p type="coordinates">1588, 882</p><tags><tag>word</tag></tags></rectangle><rectangle><p type="text">any</p><p type="orientation">0</p><p type="wh">134, 86</p><p type="color">255, 0, 0</p><p type="colorEdges">102, 255, 102</p><p type="coordinates">1720, 907</p><tags><tag>word</tag></tags></rectangle><rectangle><p type="text">non</p><p type="orientation">0</p><p type="wh">111, 71</p><p type="color">255, 0, 0</p><p type="colorEdges">102, 255, 102</p><p type="coordinates">1863, 903</p><tags><tag>word</tag></tags></rectangle><rectangle><p type="text">commissioned</p><p type="orientation">0</p><p type="wh">459, 82</p><p type="color">255, 0, 0</p><p type="colorEdges">102, 255, 102</p><p type="coordinates">208, 1003</p><tags><tag>word</tag></tags></rectangle><rectangle><p type="text">officer</p><p type="orientation">0</p><p type="wh">206, 107</p><p type="color">255, 0, 0</p><p type="colorEdges">102, 255, 102</p><p type="coordinates">676, 974</p><tags><tag>word</tag></tags></rectangle><rectangle><p type="text">or</p><p type="orientation">0</p><p type="wh">66, 31</p><p type="color">255, 0, 0</p><p type="colorEdges">102, 255, 102</p><p type="coordinates">908, 1022</p><tags><tag>word</tag></tags></rectangle><rectangle><p type="text">soldier</p><p type="orientation">0</p><p type="wh">254, 79</p><p type="color">255, 0, 0</p><p type="colorEdges">102, 255, 102</p><p type="coordinates">992, 974</p><tags><tag>word</tag></tags></rectangle><rectangle><p type="text">should</p><p type="orientation">0</p><p type="wh">274, 67</p><p type="color">255, 0, 0</p><p type="colorEdges">102, 255, 102</p><p type="coordinates">1264, 982</p><tags><tag>word</tag></tags></rectangle><rectangle><p type="text">happen</p><p type="orientation">0</p><p type="wh">251, 96</p><p type="color">255, 0, 0</p><p type="colorEdges">102, 255, 102</p><p type="coordinates">1547, 974</p><tags><tag>word</tag></tags></rectangle><rectangle><p type="text">to</p><p type="orientation">0</p><p type="wh">68, 46</p><p type="color">255, 0, 0</p><p type="colorEdges">102, 255, 102</p><p type="coordinates">1807, 991</p><tags><tag>word</tag></tags></rectangle><rectangle><p type="text">die</p><p type="orientation">0</p><p type="wh">119, 59</p><p type="color">255, 0, 0</p><p type="colorEdges">102, 255, 102</p><p type="coordinates">211, 1087</p><tags><tag>word</tag></tags></rectangle><rectangle><p type="text">he</p><p type="orientation">0</p><p type="wh">110, 88</p><p type="color">255, 0, 0</p><p type="colorEdges">102, 255, 102</p><p type="coordinates">348, 1058</p><tags><tag>word</tag></tags></rectangle><rectangle><p type="text">is</p><p type="orientation">0</p><p type="wh">71, 40</p><p type="color">255, 0, 0</p><p type="colorEdges">102, 255, 102</p><p type="coordinates">495, 1102</p><tags><tag>word</tag></tags></rectangle><rectangle><p type="text">to</p><p type="orientation">0</p><p type="wh">46, 47</p><p type="color">255, 0, 0</p><p type="colorEdges">102, 255, 102</p><p type="coordinates">628, 1090</p><tags><tag>word</tag></tags></rectangle><rectangle><p type="text">be</p><p type="orientation">0</p><p type="wh">95, 62</p><p type="color">255, 0, 0</p><p type="colorEdges">102, 255, 102</p><p type="coordinates">700, 1075</p><tags><tag>word</tag></tags></rectangle><rectangle><p type="text">continued</p><p type="orientation">0</p><p type="wh">328, 54</p><p type="color">255, 0, 0</p><p type="colorEdges">102, 255, 102</p><p type="coordinates">807, 1083</p><tags><tag>word</tag></tags></rectangle><rectangle><p type="text">on</p><p type="orientation">0</p><p type="wh">95, 36</p><p type="color">255, 0, 0</p><p type="colorEdges">102, 255, 102</p><p type="coordinates">1151, 1106</p><tags><tag>word</tag></tags></rectangle><rectangle><p type="text">the</p><p type="orientation">0</p><p type="wh">119, 71</p><p type="color">255, 0, 0</p><p type="colorEdges">102, 255, 102</p><p type="coordinates">1267, 1071</p><tags><tag>word</tag></tags></rectangle><rectangle><p type="text">pay</p><p type="orientation">0</p><p type="wh">179, 67</p><p type="color">255, 0, 0</p><p type="colorEdges">102, 255, 102</p><p type="coordinates">1380, 1098</p><tags><tag>word</tag></tags></rectangle><rectangle><p type="text">roll</p><p type="orientation">0</p><p type="wh">179, 84</p><p type="color">255, 0, 0</p><p type="colorEdges">102, 255, 102</p><p type="coordinates">1556, 1062</p><tags><tag>word</tag></tags></rectangle><rectangle><p type="text">as</p><p type="orientation">0</p><p type="wh">63, 50</p><p type="color">255, 0, 0</p><p type="colorEdges">102, 255, 102</p><p type="coordinates">1740, 1087</p><tags><tag>word</tag></tags></rectangle><rectangle><p type="text">an</p><p type="orientation">0</p><p type="wh">75, 63</p><p type="color">255, 0, 0</p><p type="colorEdges">102, 255, 102</p><p type="coordinates">1803, 1087</p><tags><tag>word</tag></tags></rectangle><rectangle><p type="text">ef</p><p type="orientation">0</p><p type="wh">66, 87</p><p type="color">255, 0, 0</p><p type="colorEdges">102, 255, 102</p><p type="coordinates">1892, 1071</p><tags><tag>word</tag></tags></rectangle><rectangle><p type="text">fective</p><p type="orientation">0</p><p type="wh">227, 94</p><p type="color">255, 0, 0</p><p type="colorEdges">102, 255, 102</p><p type="coordinates">216, 1167</p><tags><tag>word</tag></tags></rectangle><rectangle><p type="text">man</p><p type="orientation">0</p><p type="wh">194, 40</p><p type="color">255, 0, 0</p><p type="colorEdges">102, 255, 102</p><p type="coordinates">464, 1190</p><tags><tag>word</tag></tags></rectangle><rectangle><p type="text">for</p><p type="orientation">0</p><p type="wh">103, 90</p><p type="color">255, 0, 0</p><p type="colorEdges">102, 255, 102</p><p type="coordinates">671, 1155</p><tags><tag>word</tag></tags></rectangle><rectangle><p type="text">twenty</p><p type="orientation">0</p><p type="wh">227, 75</p><p type="color">255, 0, 0</p><p type="colorEdges">102, 255, 102</p><p type="coordinates">804, 1167</p><tags><tag>word</tag></tags></rectangle><rectangle><p type="text">eight</p><p type="orientation">0</p><p type="wh">174, 102</p><p type="color">255, 0, 0</p><p type="colorEdges">102, 255, 102</p><p type="coordinates">1060, 1151</p><tags><tag>word</tag></tags></rectangle><rectangle><p type="text">days</p><p type="orientation">0</p><p type="wh">175, 86</p><p type="color">255, 0, 0</p><p type="colorEdges">102, 255, 102</p><p type="coordinates">1252, 1163</p><tags><tag>word</tag></tags></rectangle><rectangle><p type="text">to</p><p type="orientation">0</p><p type="wh">54, 46</p><p type="color">255, 0, 0</p><p type="colorEdges">102, 255, 102</p><p type="coordinates">1448, 1167</p><tags><tag>word</tag></tags></rectangle><rectangle><p type="text">pay</p><p type="orientation">0</p><p type="wh">155, 71</p><p type="color">255, 0, 0</p><p type="colorEdges">102, 255, 102</p><p type="coordinates">1499, 1171</p><tags><tag>word</tag></tags></rectangle><rectangle><p type="text">for</p><p type="orientation">0</p><p type="wh">107, 100</p><p type="color">255, 0, 0</p><p type="colorEdges">102, 255, 102</p><p type="coordinates">1667, 1138</p><tags><tag>word</tag></tags></rectangle><rectangle><p type="text">his</p><p type="orientation">0</p><p type="wh">111, 63</p><p type="color">255, 0, 0</p><p type="colorEdges">102, 255, 102</p><p type="coordinates">1791, 1146</p><tags><tag>word</tag></tags></rectangle><rectangle><p type="text">coffin</p><p type="orientation">0</p><p type="wh">227, 90</p><p type="color">255, 0, 0</p><p type="colorEdges">102, 255, 102</p><p type="coordinates">211, 1251</p><tags><tag>word</tag></tags></rectangle><rectangle><p type="text">c</p><p type="orientation">0</p><p type="wh">99, 90</p><p type="color">255, 0, 0</p><p type="colorEdges">102, 255, 102</p><p type="coordinates">440, 1251</p><tags><tag>word</tag></tags></rectangle><rectangle><p type="text">i</p><p type="orientation">0</p><p type="wh">58, 83</p><p type="color">255, 0, 0</p><p type="colorEdges">102, 255, 102</p><p type="coordinates">744, 1235</p><tags><tag>word</tag></tags></rectangle><rectangle><p type="text">am</p><p type="orientation">0</p><p type="wh">136, 71</p><p type="color">255, 0, 0</p><p type="colorEdges">102, 255, 102</p><p type="coordinates">799, 1258</p><tags><tag>word</tag></tags></rectangle><rectangle><p type="text">c</p><p type="orientation">0</p><p type="wh">107, 62</p><p type="color">255, 0, 0</p><p type="colorEdges">102, 255, 102</p><p type="coordinates">951, 1243</p><tags><tag>word</tag></tags></rectangle><rectangle><p type="text">gw</p><p type="orientation">0</p><p type="wh">211, 110</p><p type="color">255, 0, 0</p><p type="colorEdges">102, 255, 102</p><p type="coordinates">1339, 1279</p><tags><tag>word</tag></tags></rectangle><rectangle><p type="text">1st</p><p type="orientation">0</p><p type="wh">111, 128</p><p type="color">255, 0, 0</p><p type="colorEdges">102, 255, 102</p><p type="coordinates">124, 1482</p><tags><tag>word</tag></tags></rectangle><rectangle><p type="text">to</p><p type="orientation">0</p><p type="wh">123, 115</p><p type="color">255, 0, 0</p><p type="colorEdges">102, 255, 102</p><p type="coordinates">228, 1487</p><tags><tag>word</tag></tags></rectangle><rectangle><p type="text">commissary</p><p type="orientation">0</p><p type="wh">427, 131</p><p type="color">255, 0, 0</p><p type="colorEdges">102, 255, 102</p><p type="coordinates">351, 1466</p><tags><tag>word</tag></tags></rectangle><rectangle><p type="text">jones</p><p type="orientation">0</p><p type="wh">203, 122</p><p type="color">255, 0, 0</p><p type="colorEdges">102, 255, 102</p><p type="coordinates">775, 1459</p><tags><tag>word</tag></tags></rectangle><rectangle><p type="text">or</p><p type="orientation">0</p><p type="wh">111, 82</p><p type="color">255, 0, 0</p><p type="colorEdges">102, 255, 102</p><p type="coordinates">1055, 1499</p><tags><tag>word</tag></tags></rectangle><rectangle><p type="text">to</p><p type="orientation">0</p><p type="wh">66, 71</p><p type="color">255, 0, 0</p><p type="colorEdges">102, 255, 102</p><p type="coordinates">1168, 1503</p><tags><tag>word</tag></tags></rectangle><rectangle><p type="text">george</p><p type="orientation">0</p><p type="wh">262, 111</p><p type="color">255, 0, 0</p><p type="colorEdges">102, 255, 102</p><p type="coordinates">1228, 1491</p><tags><tag>word</tag></tags></rectangle><rectangle><p type="text">conway</p><p type="orientation">0</p><p type="wh">307, 94</p><p type="color">255, 0, 0</p><p type="colorEdges">102, 255, 102</p><p type="coordinates">1467, 1491</p><tags><tag>word</tag></tags></rectangle><rectangle><p type="text">you</p><p type="orientation">0</p><p type="wh">174, 92</p><p type="color">255, 0, 0</p><p type="colorEdges">102, 255, 102</p><p type="coordinates">684, 1598</p><tags><tag>word</tag></tags></rectangle><rectangle><p type="text">are</p><p type="orientation">0</p><p type="wh">131, 35</p><p type="color">255, 0, 0</p><p type="colorEdges">102, 255, 102</p><p type="coordinates">896, 1619</p><tags><tag>word</tag></tags></rectangle><rectangle><p type="text">hereby</p><p type="orientation">0</p><p type="wh">258, 107</p><p type="color">255, 0, 0</p><p type="colorEdges">102, 255, 102</p><p type="coordinates">1036, 1583</p><tags><tag>word</tag></tags></rectangle><rectangle><p type="text">ordered</p><p type="orientation">0</p><p type="wh">288, 82</p><p type="color">255, 0, 0</p><p type="colorEdges">102, 255, 102</p><p type="coordinates">1303, 1587</p><tags><tag>word</tag></tags></rectangle><rectangle><p type="text">to</p><p type="orientation">0</p><p type="wh">62, 48</p><p type="color">255, 0, 0</p><p type="colorEdges">102, 255, 102</p><p type="coordinates">1604, 1594</p><tags><tag>word</tag></tags></rectangle><rectangle><p type="text">deliver</p><p type="orientation">0</p><p type="wh">263, 90</p><p type="color">255, 0, 0</p><p type="colorEdges">102, 255, 102</p><p type="coordinates">1663, 1583</p><tags><tag>word</tag></tags></rectangle><rectangle><p type="text">to</p><p type="orientation">0</p><p type="wh">63, 67</p><p type="color">255, 0, 0</p><p type="colorEdges">102, 255, 102</p><p type="coordinates">216, 1703</p><tags><tag>word</tag></tags></rectangle><rectangle><p type="text">sergeant</p><p type="orientation">0</p><p type="wh">343, 103</p><p type="color">255, 0, 0</p><p type="colorEdges">102, 255, 102</p><p type="coordinates">291, 1671</p><tags><tag>word</tag></tags></rectangle><rectangle><p type="text">wilper</p><p type="orientation">0</p><p type="wh">304, 124</p><p type="color">255, 0, 0</p><p type="colorEdges">102, 255, 102</p><p type="coordinates">643, 1646</p><tags><tag>word</tag></tags></rectangle><rectangle><p type="text">taking</p><p type="orientation">0</p><p type="wh">238, 83</p><p type="color">255, 0, 0</p><p type="colorEdges">102, 255, 102</p><p type="coordinates">924, 1678</p><tags><tag>word</tag></tags></rectangle><rectangle><p type="text">his</p><p type="orientation">0</p><p type="wh">122, 75</p><p type="color">255, 0, 0</p><p type="colorEdges">102, 255, 102</p><p type="coordinates">1168, 1674</p><tags><tag>word</tag></tags></rectangle><rectangle><p type="text">receipt</p><p type="orientation">0</p><p type="wh">240, 92</p><p type="color">255, 0, 0</p><p type="colorEdges">102, 255, 102</p><p type="coordinates">1315, 1678</p><tags><tag>word</tag></tags></rectangle><rectangle><p type="text">for</p><p type="orientation">0</p><p type="wh">104, 83</p><p type="color">255, 0, 0</p><p type="colorEdges">102, 255, 102</p><p type="coordinates">1559, 1663</p><tags><tag>word</tag></tags></rectangle><rectangle><p type="text">the</p><p type="orientation">0</p><p type="wh">124, 79</p><p type="color">255, 0, 0</p><p type="colorEdges">102, 255, 102</p><p type="coordinates">1667, 1663</p><tags><tag>word</tag></tags></rectangle><rectangle><p type="text">same</p><p type="orientation">0</p><p type="wh">172, 75</p><p type="color">255, 0, 0</p><p type="colorEdges">102, 255, 102</p><p type="coordinates">1783, 1671</p><tags><tag>word</tag></tags></rectangle><rectangle><p type="text">for</p><p type="orientation">0</p><p type="wh">99, 123</p><p type="color">255, 0, 0</p><p type="colorEdges">102, 255, 102</p><p type="coordinates">216, 1739</p><tags><tag>word</tag></tags></rectangle><rectangle><p type="text">the</p><p type="orientation">0</p><p type="wh">131, 102</p><p type="color">255, 0, 0</p><p type="colorEdges">102, 255, 102</p><p type="coordinates">331, 1739</p><tags><tag>word</tag></tags></rectangle><rectangle><p type="text">use</p><p type="orientation">0</p><p type="wh">124, 38</p><p type="color">255, 0, 0</p><p type="colorEdges">102, 255, 102</p><p type="coordinates">495, 1795</p><tags><tag>word</tag></tags></rectangle><rectangle><p type="text">of</p><p type="orientation">0</p><p type="wh">99, 87</p><p type="color">255, 0, 0</p><p type="colorEdges">102, 255, 102</p><p type="coordinates">652, 1762</p><tags><tag>word</tag></tags></rectangle><rectangle><p type="text">captain</p><p type="orientation">0</p><p type="wh">343, 99</p><p type="color">255, 0, 0</p><p type="colorEdges">102, 255, 102</p><p type="coordinates">748, 1755</p><tags><tag>word</tag></tags></rectangle><rectangle><p type="text">hoggs</p><p type="orientation">0</p><p type="wh">239, 119</p><p type="color">255, 0, 0</p><p type="colorEdges">102, 255, 102</p><p type="coordinates">1103, 1743</p><tags><tag>word</tag></tags></rectangle><rectangle><p type="text">company</p><p type="orientation">0</p><p type="wh">336, 106</p><p type="color">255, 0, 0</p><p type="colorEdges">102, 255, 102</p><p type="coordinates">1383, 1739</p><tags><tag>word</tag></tags></rectangle><rectangle><p type="text">eight</p><p type="orientation">0</p><p type="wh">186, 98</p><p type="color">255, 0, 0</p><p type="colorEdges">102, 255, 102</p><p type="coordinates">1728, 1747</p><tags><tag>word</tag></tags></rectangle><rectangle><p type="text">regimental</p><p type="orientation">0</p><p type="wh">480, 88</p><p type="color">255, 0, 0</p><p type="colorEdges">102, 255, 102</p><p type="coordinates">211, 1854</p><tags><tag>word</tag></tags></rectangle><rectangle><p type="text">coats</p><p type="orientation">0</p><p type="wh">215, 87</p><p type="color">255, 0, 0</p><p type="colorEdges">102, 255, 102</p><p type="coordinates">712, 1846</p><tags><tag>word</tag></tags></rectangle><rectangle><p type="text">ten</p><p type="orientation">0</p><p type="wh">128, 60</p><p type="color">255, 0, 0</p><p type="colorEdges">102, 255, 102</p><p type="coordinates">939, 1850</p><tags><tag>word</tag></tags></rectangle><rectangle><p type="text">waistcoats</p><p type="orientation">0</p><p type="wh">415, 75</p><p type="color">255, 0, 0</p><p type="colorEdges">102, 255, 102</p><p type="coordinates">1079, 1850</p><tags><tag>word</tag></tags></rectangle><rectangle><p type="text">ten</p><p type="orientation">0</p><p type="wh">114, 86</p><p type="color">255, 0, 0</p><p type="colorEdges">102, 255, 102</p><p type="coordinates">1496, 1831</p><tags><tag>word</tag></tags></rectangle><rectangle><p type="text">pair</p><p type="orientation">0</p><p type="wh">194, 59</p><p type="color">255, 0, 0</p><p type="colorEdges">102, 255, 102</p><p type="coordinates">1604, 1854</p><tags><tag>word</tag></tags></rectangle><rectangle><p type="text">of</p><p type="orientation">0</p><p type="wh">87, 82</p><p type="color">255, 0, 0</p><p type="colorEdges">102, 255, 102</p><p type="coordinates">1815, 1831</p><tags><tag>word</tag></tags></rectangle><rectangle><p type="text">breeches</p><p type="orientation">0</p><p type="wh">363, 83</p><p type="color">255, 0, 0</p><p type="colorEdges">102, 255, 102</p><p type="coordinates">220, 1934</p><tags><tag>word</tag></tags></rectangle><rectangle><p type="text">nine</p><p type="orientation">0</p><p type="wh">215, 42</p><p type="color">255, 0, 0</p><p type="colorEdges">102, 255, 102</p><p type="coordinates">599, 1963</p><tags><tag>word</tag></tags></rectangle><rectangle><p type="text">hats</p><p type="orientation">0</p><p type="wh">204, 91</p><p type="color">255, 0, 0</p><p type="colorEdges">102, 255, 102</p><p type="coordinates">823, 1926</p><tags><tag>word</tag></tags></rectangle><rectangle><p type="text">eleven</p><p type="orientation">0</p><p type="wh">275, 91</p><p type="color">255, 0, 0</p><p type="colorEdges">102, 255, 102</p><p type="coordinates">1048, 1926</p><tags><tag>word</tag></tags></rectangle><rectangle><p type="text">shirts</p><p type="orientation">0</p><p type="wh">208, 75</p><p type="color">255, 0, 0</p><p type="colorEdges">102, 255, 102</p><p type="coordinates">1327, 1926</p><tags><tag>word</tag></tags></rectangle><rectangle><p type="text">as</p><p type="orientation">0</p><p type="wh">83, 35</p><p type="color">255, 0, 0</p><p type="colorEdges">102, 255, 102</p><p type="coordinates">1556, 1951</p><tags><tag>word</tag></tags></rectangle><rectangle><p type="text">many</p><p type="orientation">0</p><p type="wh">227, 71</p><p type="color">255, 0, 0</p><p type="colorEdges">102, 255, 102</p><p type="coordinates">1663, 1951</p><tags><tag>word</tag></tags></rectangle><rectangle><p type="text">pair</p><p type="orientation">0</p><p type="wh">175, 56</p><p type="color">255, 0, 0</p><p type="colorEdges">102, 255, 102</p><p type="coordinates">220, 2054</p><tags><tag>word</tag></tags></rectangle><rectangle><p type="text">of</p><p type="orientation">0</p><p type="wh">99, 88</p><p type="color">255, 0, 0</p><p type="colorEdges">102, 255, 102</p><p type="coordinates">404, 2026</p><tags><tag>word</tag></tags></rectangle><rectangle><p type="text">stockings</p><p type="orientation">0</p><p type="wh">350, 100</p><p type="color">255, 0, 0</p><p type="colorEdges">102, 255, 102</p><p type="coordinates">508, 2018</p><tags><tag>word</tag></tags></rectangle><rectangle><p type="text">and</p><p type="orientation">0</p><p type="wh">150, 38</p><p type="color">255, 0, 0</p><p type="colorEdges">102, 255, 102</p><p type="coordinates">884, 2043</p><tags><tag>word</tag></tags></rectangle><rectangle><p type="text">the</p><p type="orientation">0</p><p type="wh">128, 74</p><p type="color">255, 0, 0</p><p type="colorEdges">102, 255, 102</p><p type="coordinates">1055, 2007</p><tags><tag>word</tag></tags></rectangle><rectangle><p type="text">same</p><p type="orientation">0</p><p type="wh">203, 43</p><p type="color">255, 0, 0</p><p type="colorEdges">102, 255, 102</p><p type="coordinates">1207, 2035</p><tags><tag>word</tag></tags></rectangle><rectangle><p type="text">quantity</p><p type="orientation">0</p><p type="wh">362, 59</p><p type="color">255, 0, 0</p><p type="colorEdges">102, 255, 102</p><p type="coordinates">1424, 2026</p><tags><tag>word</tag></tags></rectangle><rectangle><p type="text">of</p><p type="orientation">0</p><p type="wh">119, 79</p><p type="color">255, 0, 0</p><p type="colorEdges">102, 255, 102</p><p type="coordinates">1776, 2010</p><tags><tag>word</tag></tags></rectangle><rectangle><p type="text">shoes</p><p type="orientation">0</p><p type="wh">195, 84</p><p type="color">255, 0, 0</p><p type="colorEdges">102, 255, 102</p><p type="coordinates">228, 2106</p><tags><tag>word</tag></tags></rectangle><rectangle><p type="text">you</p><p type="orientation">0</p><p type="wh">158, 75</p><p type="color">255, 0, 0</p><p type="colorEdges">102, 255, 102</p><p type="coordinates">524, 2119</p><tags><tag>word</tag></tags></rectangle><rectangle><p type="text">are</p><p type="orientation">0</p><p type="wh">143, 46</p><p type="color">255, 0, 0</p><p type="colorEdges">102, 255, 102</p><p type="coordinates">720, 2123</p><tags><tag>word</tag></tags></rectangle><rectangle><p type="text">also</p><p type="orientation">0</p><p type="wh">151, 67</p><p type="color">255, 0, 0</p><p type="colorEdges">102, 255, 102</p><p type="coordinates">876, 2102</p><tags><tag>word</tag></tags></rectangle><rectangle><p type="text">to</p><p type="orientation">0</p><p type="wh">59, 56</p><p type="color">255, 0, 0</p><p type="colorEdges">102, 255, 102</p><p type="coordinates">1052, 2102</p><tags><tag>word</tag></tags></rectangle><rectangle><p type="text">deliver</p><p type="orientation">0</p><p type="wh">259, 71</p><p type="color">255, 0, 0</p><p type="colorEdges">102, 255, 102</p><p type="coordinates">1139, 2094</p><tags><tag>word</tag></tags></rectangle><rectangle><p type="text">to</p><p type="orientation">0</p><p type="wh">58, 48</p><p type="color">255, 0, 0</p><p type="colorEdges">102, 255, 102</p><p type="coordinates">1424, 2106</p><tags><tag>word</tag></tags></rectangle><rectangle><p type="text">the</p><p type="orientation">0</p><p type="wh">110, 74</p><p type="color">255, 0, 0</p><p type="colorEdges">102, 255, 102</p><p type="coordinates">1508, 2091</p><tags><tag>word</tag></tags></rectangle><rectangle><p type="text">said</p><p type="orientation">0</p><p type="wh">228, 71</p><p type="color">255, 0, 0</p><p type="colorEdges">102, 255, 102</p><p type="coordinates">1643, 2087</p><tags><tag>word</tag></tags></rectangle><rectangle><p type="text">wilper</p><p type="orientation">0</p><p type="wh">227, 67</p><p type="color">255, 0, 0</p><p type="colorEdges">102, 255, 102</p><p type="coordinates">228, 2203</p><tags><tag>word</tag></tags></rectangle><rectangle><p type="text">for</p><p type="orientation">0</p><p type="wh">128, 119</p><p type="color">255, 0, 0</p><p type="colorEdges">102, 255, 102</p><p type="coordinates">479, 2163</p><tags><tag>word</tag></tags></rectangle><rectangle><p type="text">the</p><p type="orientation">0</p><p type="wh">134, 79</p><p type="color">255, 0, 0</p><p type="colorEdges">102, 255, 102</p><p type="coordinates">628, 2178</p><tags><tag>word</tag></tags></rectangle><rectangle><p type="text">use</p><p type="orientation">0</p><p type="wh">116, 35</p><p type="color">255, 0, 0</p><p type="colorEdges">102, 255, 102</p><p type="coordinates">787, 2218</p><tags><tag>word</tag></tags></rectangle><rectangle><p type="text">of</p><p type="orientation">0</p><p type="wh">90, 79</p><p type="color">255, 0, 0</p><p type="colorEdges">102, 255, 102</p><p type="coordinates">932, 2186</p><tags><tag>word</tag></tags></rectangle><rectangle><p type="text">the</p><p type="orientation">0</p><p type="wh">131, 63</p><p type="color">255, 0, 0</p><p type="colorEdges">102, 255, 102</p><p type="coordinates">1011, 2186</p><tags><tag>word</tag></tags></rectangle><rectangle><p type="text">said</p><p type="orientation">0</p><p type="wh">172, 56</p><p type="color">255, 0, 0</p><p type="colorEdges">102, 255, 102</p><p type="coordinates">1151, 2190</p><tags><tag>word</tag></tags></rectangle><rectangle><p type="text">company</p><p type="orientation">0</p><p type="wh">351, 95</p><p type="color">255, 0, 0</p><p type="colorEdges">102, 255, 102</p><p type="coordinates">1339, 2175</p><tags><tag>word</tag></tags></rectangle><rectangle><p type="text">twelve</p><p type="orientation">0</p><p type="wh">259, 82</p><p type="color">255, 0, 0</p><p type="colorEdges">102, 255, 102</p><p type="coordinates">1684, 2171</p><tags><tag>word</tag></tags></rectangle><rectangle><p type="text">musquets</p><p type="orientation">0</p><p type="wh">362, 115</p><p type="color">255, 0, 0</p><p type="colorEdges">102, 255, 102</p><p type="coordinates">216, 2255</p><tags><tag>word</tag></tags></rectangle><rectangle><p type="text">twenty</p><p type="orientation">0</p><p type="wh">240, 96</p><p type="color">255, 0, 0</p><p type="colorEdges">102, 255, 102</p><p type="coordinates">611, 2274</p><tags><tag>word</tag></tags></rectangle><rectangle><p type="text">bayonets</p><p type="orientation">0</p><p type="wh">346, 103</p><p type="color">255, 0, 0</p><p type="colorEdges">102, 255, 102</p><p type="coordinates">876, 2270</p><tags><tag>word</tag></tags></rectangle><rectangle><p type="text">and</p><p type="orientation">0</p><p type="wh">140, 43</p><p type="color">255, 0, 0</p><p type="colorEdges">102, 255, 102</p><p type="coordinates">1243, 2283</p><tags><tag>word</tag></tags></rectangle><rectangle><p type="text">ten</p><p type="orientation">0</p><p type="wh">131, 59</p><p type="color">255, 0, 0</p><p type="colorEdges">102, 255, 102</p><p type="coordinates">1404, 2274</p><tags><tag>word</tag></tags></rectangle><rectangle><p type="text">cartouch</p><p type="orientation">0</p><p type="wh">331, 67</p><p type="color">255, 0, 0</p><p type="colorEdges">102, 255, 102</p><p type="coordinates">1540, 2255</p><tags><tag>word</tag></tags></rectangle><rectangle><p type="text">box</p><p type="orientation">0</p><p type="wh">235, 80</p><p type="color">255, 0, 0</p><p type="colorEdges">102, 255, 102</p><p type="coordinates">220, 2362</p><tags><tag>word</tag></tags></rectangle><rectangle><p type="text">out</p><p type="orientation">0</p><p type="wh">150, 71</p><p type="color">255, 0, 0</p><p type="colorEdges">102, 255, 102</p><p type="coordinates">464, 2379</p><tags><tag>word</tag></tags></rectangle><rectangle><p type="text">of</p><p type="orientation">0</p><p type="wh">95, 95</p><p type="color">255, 0, 0</p><p type="colorEdges">102, 255, 102</p><p type="coordinates">623, 2362</p><tags><tag>word</tag></tags></rectangle><rectangle><p type="text">those</p><p type="orientation">0</p><p type="wh">203, 75</p><p type="color">255, 0, 0</p><p type="colorEdges">102, 255, 102</p><p type="coordinates">708, 2358</p><tags><tag>word</tag></tags></rectangle><rectangle><p type="text">arms</p><p type="orientation">0</p><p type="wh">218, 83</p><p type="color">255, 0, 0</p><p type="colorEdges">102, 255, 102</p><p type="coordinates">944, 2371</p><tags><tag>word</tag></tags></rectangle><rectangle><p type="text">now</p><p type="orientation">0</p><p type="wh">155, 75</p><p type="color">255, 0, 0</p><p type="colorEdges">102, 255, 102</p><p type="coordinates">1171, 2371</p><tags><tag>word</tag></tags></rectangle><rectangle><p type="text">in</p><p type="orientation">0</p><p type="wh">95, 50</p><p type="color">255, 0, 0</p><p type="colorEdges">102, 255, 102</p><p type="coordinates">1315, 2375</p><tags><tag>word</tag></tags></rectangle><rectangle><p type="text">store</p><p type="orientation">0</p><p type="wh">162, 86</p><p type="color">255, 0, 0</p><p type="colorEdges">102, 255, 102</p><p type="coordinates">1436, 2339</p><tags><tag>word</tag></tags></rectangle><rectangle><p type="text">gw</p><p type="orientation">0</p><p type="wh">170, 111</p><p type="color">255, 0, 0</p><p type="colorEdges">102, 255, 102</p><p type="coordinates">1496, 2402</p><tags><tag>word</tag></tags></rectangle><rectangle><p type="text">nb</p><p type="orientation">0</p><p type="wh">158, 136</p><p type="color">255, 0, 0</p><p type="colorEdges">102, 255, 102</p><p type="coordinates">232, 2486</p><tags><tag>word</tag></tags></rectangle><rectangle><p type="text">the</p><p type="orientation">0</p><p type="wh">119, 75</p><p type="color">255, 0, 0</p><p type="colorEdges">102, 255, 102</p><p type="coordinates">447, 2531</p><tags><tag>word</tag></tags></rectangle><rectangle><p type="text">bayonets</p><p type="orientation">0</p><p type="wh">355, 90</p><p type="color">255, 0, 0</p><p type="colorEdges">102, 255, 102</p><p type="coordinates">587, 2535</p><tags><tag>word</tag></tags></rectangle><rectangle><p type="text">must</p><p type="orientation">0</p><p type="wh">203, 58</p><p type="color">255, 0, 0</p><p type="colorEdges">102, 255, 102</p><p type="coordinates">975, 2535</p><tags><tag>word</tag></tags></rectangle><rectangle><p type="text">be</p><p type="orientation">0</p><p type="wh">75, 87</p><p type="color">255, 0, 0</p><p type="colorEdges">102, 255, 102</p><p type="coordinates">1207, 2510</p><tags><tag>word</tag></tags></rectangle><rectangle><p type="text">delivered</p><p type="orientation">0</p><p type="wh">338, 54</p><p type="color">255, 0, 0</p><p type="colorEdges">102, 255, 102</p><p type="coordinates">1284, 2535</p><tags><tag>word</tag></tags></rectangle><rectangle><p type="text">out</p><p type="orientation">0</p><p type="wh">147, 79</p><p type="color">255, 0, 0</p><p type="colorEdges">102, 255, 102</p><p type="coordinates">1624, 2518</p><tags><tag>word</tag></tags></rectangle><rectangle><p type="text">of</p><p type="orientation">0</p><p type="wh">87, 94</p><p type="color">255, 0, 0</p><p type="colorEdges">102, 255, 102</p><p type="coordinates">1759, 2503</p><tags><tag>word</tag></tags></rectangle><rectangle><p type="text">those</p><p type="orientation">0</p><p type="wh">131, 68</p><p type="color">255, 0, 0</p><p type="colorEdges">102, 255, 102</p><p type="coordinates">1839, 2510</p><tags><tag>word</tag></tags></rectangle><rectangle><p type="text">loose</p><p type="orientation">0</p><p type="wh">191, 112</p><p type="color">255, 0, 0</p><p type="colorEdges">102, 255, 102</p><p type="coordinates">211, 2594</p><tags><tag>word</tag></tags></rectangle><rectangle><p type="text">ones</p><p type="orientation">0</p><p type="wh">143, 40</p><p type="color">255, 0, 0</p><p type="colorEdges">102, 255, 102</p><p type="coordinates">408, 2650</p><tags><tag>word</tag></tags></rectangle><rectangle><p type="text">in</p><p type="orientation">0</p><p type="wh">95, 35</p><p type="color">255, 0, 0</p><p type="colorEdges">102, 255, 102</p><p type="coordinates">575, 2650</p><tags><tag>word</tag></tags></rectangle><rectangle><p type="text">the</p><p type="orientation">0</p><p type="wh">123, 70</p><p type="color">255, 0, 0</p><p type="colorEdges">102, 255, 102</p><p type="coordinates">679, 2615</p><tags><tag>word</tag></tags></rectangle><rectangle><p type="text">store</p><p type="orientation">0</p><p type="wh">199, 79</p><p type="color">255, 0, 0</p><p type="colorEdges">102, 255, 102</p><p type="coordinates">835, 2606</p><tags><tag>word</tag></tags></rectangle><rectangle><p type="text">you</p><p type="orientation">0</p><p type="wh">152, 78</p><p type="color">255, 0, 0</p><p type="colorEdges">102, 255, 102</p><p type="coordinates">1067, 2631</p><tags><tag>word</tag></tags></rectangle><rectangle><p type="text">are</p><p type="orientation">0</p><p type="wh">143, 35</p><p type="color">255, 0, 0</p><p type="colorEdges">102, 255, 102</p><p type="coordinates">1252, 2638</p><tags><tag>word</tag></tags></rectangle><rectangle><p type="text">also</p><p type="orientation">0</p><p type="wh">155, 75</p><p type="color">255, 0, 0</p><p type="colorEdges">102, 255, 102</p><p type="coordinates">1388, 2610</p><tags><tag>word</tag></tags></rectangle><rectangle><p type="text">ordered</p><p type="orientation">0</p><p type="wh">270, 79</p><p type="color">255, 0, 0</p><p type="colorEdges">102, 255, 102</p><p type="coordinates">1540, 2606</p><tags><tag>word</tag></tags></rectangle><rectangle><p type="text">to</p><p type="orientation">0</p><p type="wh">68, 75</p><p type="color">255, 0, 0</p><p type="colorEdges">102, 255, 102</p><p type="coordinates">1815, 2598</p><tags><tag>word</tag></tags></rectangle><rectangle><p type="text">de</p><p type="orientation">0</p><p type="wh">98, 75</p><p type="color">255, 0, 0</p><p type="colorEdges">102, 255, 102</p><p type="coordinates">1872, 2602</p><tags><tag>word</tag></tags></rectangle><rectangle><p type="text">liver</p><p type="orientation">0</p><p type="wh">196, 86</p><p type="color">255, 0, 0</p><p type="colorEdges">102, 255, 102</p><p type="coordinates">211, 2711</p><tags><tag>word</tag></tags></rectangle><rectangle><p type="text">twenty</p><p type="orientation">0</p><p type="wh">266, 94</p><p type="color">255, 0, 0</p><p type="colorEdges">102, 255, 102</p><p type="coordinates">416, 2703</p><tags><tag>word</tag></tags></rectangle><rectangle><p type="text">blankets</p><p type="orientation">0</p><p type="wh">374, 107</p><p type="color">255, 0, 0</p><p type="colorEdges">102, 255, 102</p><p type="coordinates">708, 2694</p><tags><tag>word</tag></tags></rectangle><rectangle><p type="text">octo</p><p type="orientation">0</p><p type="wh">83, 111</p><p type="color">255, 0, 0</p><p type="colorEdges">102, 255, 102</p><p type="coordinates">72, 2850</p><tags><tag>word</tag></tags></rectangle><rectangle><p type="text">30th</p><p type="orientation">0</p><p type="wh">86, 127</p><p type="color">255, 0, 0</p><p type="colorEdges">102, 255, 102</p><p type="coordinates">140, 2850</p><tags><tag>word</tag></tags></rectangle><rectangle><p type="text">to</p><p type="orientation">0</p><p type="wh">124, 107</p><p type="color">255, 0, 0</p><p type="colorEdges">102, 255, 102</p><p type="coordinates">235, 2858</p><tags><tag>word</tag></tags></rectangle><rectangle><p type="text">sergeant</p><p type="orientation">0</p><p type="wh">379, 136</p><p type="color">255, 0, 0</p><p type="colorEdges">102, 255, 102</p><p type="coordinates">360, 2850</p><tags><tag>word</tag></tags></rectangle><rectangle><p type="text">david</p><p type="orientation">0</p><p type="wh">322, 92</p><p type="color">255, 0, 0</p><p type="colorEdges">102, 255, 102</p><p type="coordinates">748, 2850</p><tags><tag>word</tag></tags></rectangle><rectangle><p type="text">wilper</p><p type="orientation">0</p><p type="wh">280, 115</p><p type="color">255, 0, 0</p><p type="colorEdges">102, 255, 102</p><p type="coordinates">1079, 2850</p><tags><tag>word</tag></tags></rectangle><rectangle><p type="text">of</p><p type="orientation">0</p><p type="wh">128, 96</p><p type="color">255, 0, 0</p><p type="colorEdges">102, 255, 102</p><p type="coordinates">1371, 2858</p><tags><tag>word</tag></tags></rectangle><rectangle><p type="text">the</p><p type="orientation">0</p><p type="wh">151, 83</p><p type="color">255, 0, 0</p><p type="colorEdges">102, 255, 102</p><p type="coordinates">1467, 2850</p><tags><tag>word</tag></tags></rectangle><rectangle><p type="text">virginia</p><p type="orientation">0</p><p type="wh">331, 108</p><p type="color">255, 0, 0</p><p type="colorEdges">102, 255, 102</p><p type="coordinates">1615, 2850</p><tags><tag>word</tag></tags></rectangle><rectangle><p type="text">regiment</p><p type="orientation">0</p><p type="wh">403, 94</p><p type="color">255, 0, 0</p><p type="colorEdges">102, 255, 102</p><p type="coordinates">276, 2951</p><tags><tag>word</tag></tags></rectangle><rectangle><p type="text">you</p><p type="orientation">0</p><p type="wh">179, 98</p><p type="color">255, 0, 0</p><p type="colorEdges">102, 255, 102</p><p type="coordinates">775, 3047</p><tags><tag>word</tag></tags></rectangle><rectangle><p type="text">are</p><p type="orientation">0</p><p type="wh">138, 75</p><p type="color">255, 0, 0</p><p type="colorEdges">102, 255, 102</p><p type="coordinates">968, 3043</p><tags><tag>word</tag></tags></rectangle><rectangle><p type="text">hereby</p><p type="orientation">0</p><p type="wh">244, 118</p><p type="color">255, 0, 0</p><p type="colorEdges">102, 255, 102</p><p type="coordinates">1115, 3011</p><tags><tag>word</tag></tags></rectangle><rectangle><p type="text">ordered</p><p type="orientation">0</p><p type="wh">266, 67</p><p type="color">255, 0, 0</p><p type="colorEdges">102, 255, 102</p><p type="coordinates">1376, 3039</p><tags><tag>word</tag></tags></rectangle><rectangle><p type="text">so</p><p type="orientation">0</p><p type="wh">63, 67</p><p type="color">255, 0, 0</p><p type="colorEdges">102, 255, 102</p><p type="coordinates">1651, 3043</p><tags><tag>word</tag></tags></rectangle><rectangle><p type="text">soon</p><p type="orientation">0</p><p type="wh">167, 83</p><p type="color">255, 0, 0</p><p type="colorEdges">102, 255, 102</p><p type="coordinates">1720, 3035</p><tags><tag>word</tag></tags></rectangle><rectangle><p type="text">as</p><p type="orientation">0</p><p type="wh">87, 71</p><p type="color">255, 0, 0</p><p type="colorEdges">102, 255, 102</p><p type="coordinates">1863, 3035</p><tags><tag>word</tag></tags></rectangle></rectangle></content></data>