<?xml version='1.0' encoding='utf-8'?>
<data descr="TU Dortmund, LSXII Informatik, patrec, Image Annotation." ver="2016-10-15 v0.1.2"><content><rectangle><p type="text" /><rectangle><p type="text">p</p><p type="orientation">0</p><p type="wh">79, 75</p><p type="color">255, 0, 0</p><p type="colorEdges">102, 255, 102</p><p type="coordinates">1807, 66</p><tags><tag>word</tag></tags></rectangle><rectangle><p type="text">301</p><p type="orientation">0</p><p type="wh">107, 58</p><p type="color">255, 0, 0</p><p type="colorEdges">102, 255, 102</p><p type="coordinates">1899, 71</p><tags><tag>word</tag></tags></rectangle><rectangle><p type="text">letters</p><p type="orientation">0</p><p type="wh">262, 111</p><p type="color">255, 0, 0</p><p type="colorEdges">102, 255, 102</p><p type="coordinates">284, 106</p><tags><tag>word</tag></tags></rectangle><rectangle><p type="text">orders</p><p type="orientation">0</p><p type="wh">275, 91</p><p type="color">255, 0, 0</p><p type="colorEdges">102, 255, 102</p><p type="coordinates">568, 134</p><tags><tag>word</tag></tags></rectangle><rectangle><p type="text">and</p><p type="orientation">0</p><p type="wh">203, 78</p><p type="color">255, 0, 0</p><p type="colorEdges">102, 255, 102</p><p type="coordinates">843, 151</p><tags><tag>word</tag></tags></rectangle><rectangle><p type="text">instructions</p><p type="orientation">0</p><p type="wh">550, 115</p><p type="color">255, 0, 0</p><p type="colorEdges">102, 255, 102</p><p type="coordinates">1040, 119</p><tags><tag>word</tag></tags></rectangle><rectangle><p type="text">december</p><p type="orientation">0</p><p type="wh">347, 95</p><p type="color">255, 0, 0</p><p type="colorEdges">102, 255, 102</p><p type="coordinates">1604, 142</p><tags><tag>word</tag></tags></rectangle><rectangle><p type="text">1755</p><p type="orientation">0</p><p type="wh">91, 68</p><p type="color">255, 0, 0</p><p type="colorEdges">102, 255, 102</p><p type="coordinates">1944, 174</p><tags><tag>word</tag></tags></rectangle><rectangle><p type="text">lays</p><p type="orientation">0</p><p type="wh">148, 107</p><p type="color">255, 0, 0</p><p type="colorEdges">102, 255, 102</p><p type="coordinates">291, 315</p><tags><tag>word</tag></tags></rectangle><rectangle><p type="text">may</p><p type="orientation">0</p><p type="wh">200, 79</p><p type="color">255, 0, 0</p><p type="colorEdges">102, 255, 102</p><p type="coordinates">451, 347</p><tags><tag>word</tag></tags></rectangle><rectangle><p type="text">not</p><p type="orientation">0</p><p type="wh">155, 68</p><p type="color">255, 0, 0</p><p type="colorEdges">102, 255, 102</p><p type="coordinates">663, 330</p><tags><tag>word</tag></tags></rectangle><rectangle><p type="text">prove</p><p type="orientation">0</p><p type="wh">232, 75</p><p type="color">255, 0, 0</p><p type="colorEdges">102, 255, 102</p><p type="coordinates">803, 343</p><tags><tag>word</tag></tags></rectangle><rectangle><p type="text">ominous</p><p type="orientation">0</p><p type="wh">320, 72</p><p type="color">255, 0, 0</p><p type="colorEdges">102, 255, 102</p><p type="coordinates">1051, 322</p><tags><tag>word</tag></tags></rectangle><rectangle><p type="text">in</p><p type="orientation">0</p><p type="wh">131, 96</p><p type="color">255, 0, 0</p><p type="colorEdges">102, 255, 102</p><p type="coordinates">1423, 302</p><tags><tag>word</tag></tags></rectangle><rectangle><p type="text">that</p><p type="orientation">0</p><p type="wh">187, 83</p><p type="color">255, 0, 0</p><p type="colorEdges">102, 255, 102</p><p type="coordinates">1572, 315</p><tags><tag>word</tag></tags></rectangle><rectangle><p type="text">case</p><p type="orientation">0</p><p type="wh">167, 51</p><p type="color">255, 0, 0</p><p type="colorEdges">102, 255, 102</p><p type="coordinates">1755, 351</p><tags><tag>word</tag></tags></rectangle><rectangle><p type="text">i</p><p type="orientation">0</p><p type="wh">92, 91</p><p type="color">255, 0, 0</p><p type="colorEdges">102, 255, 102</p><p type="coordinates">1927, 307</p><tags><tag>word</tag></tags></rectangle><rectangle><p type="text">shall</p><p type="orientation">0</p><p type="wh">230, 72</p><p type="color">255, 0, 0</p><p type="colorEdges">102, 255, 102</p><p type="coordinates">284, 406</p><tags><tag>word</tag></tags></rectangle><rectangle><p type="text">not</p><p type="orientation">0</p><p type="wh">163, 59</p><p type="color">255, 0, 0</p><p type="colorEdges">102, 255, 102</p><p type="coordinates">520, 419</p><tags><tag>word</tag></tags></rectangle><rectangle><p type="text">know</p><p type="orientation">0</p><p type="wh">196, 79</p><p type="color">255, 0, 0</p><p type="colorEdges">102, 255, 102</p><p type="coordinates">695, 395</p><tags><tag>word</tag></tags></rectangle><rectangle><p type="text">how</p><p type="orientation">0</p><p type="wh">167, 82</p><p type="color">255, 0, 0</p><p type="colorEdges">102, 255, 102</p><p type="coordinates">895, 399</p><tags><tag>word</tag></tags></rectangle><rectangle><p type="text">to</p><p type="orientation">0</p><p type="wh">74, 60</p><p type="color">255, 0, 0</p><p type="colorEdges">102, 255, 102</p><p type="coordinates">1076, 414</p><tags><tag>word</tag></tags></rectangle><rectangle><p type="text">act</p><p type="orientation">0</p><p type="wh">147, 64</p><p type="color">255, 0, 0</p><p type="colorEdges">102, 255, 102</p><p type="coordinates">1159, 414</p><tags><tag>word</tag></tags></rectangle><rectangle><p type="text">for</p><p type="orientation">0</p><p type="wh">144, 99</p><p type="color">255, 0, 0</p><p type="colorEdges">102, 255, 102</p><p type="coordinates">1331, 406</p><tags><tag>word</tag></tags></rectangle><rectangle><p type="text">i</p><p type="orientation">0</p><p type="wh">91, 86</p><p type="color">255, 0, 0</p><p type="colorEdges">102, 255, 102</p><p type="coordinates">1504, 399</p><tags><tag>word</tag></tags></rectangle><rectangle><p type="text">can</p><p type="orientation">0</p><p type="wh">180, 51</p><p type="color">255, 0, 0</p><p type="colorEdges">102, 255, 102</p><p type="coordinates">1575, 434</p><tags><tag>word</tag></tags></rectangle><rectangle><p type="text">never</p><p type="orientation">0</p><p type="wh">219, 47</p><p type="color">255, 0, 0</p><p type="colorEdges">102, 255, 102</p><p type="coordinates">1771, 438</p><tags><tag>word</tag></tags></rectangle><rectangle><p type="text">submit</p><p type="orientation">0</p><p type="wh">308, 71</p><p type="color">255, 0, 0</p><p type="colorEdges">102, 255, 102</p><p type="coordinates">291, 490</p><tags><tag>word</tag></tags></rectangle><rectangle><p type="text">to</p><p type="orientation">0</p><p type="wh">79, 62</p><p type="color">255, 0, 0</p><p type="colorEdges">102, 255, 102</p><p type="coordinates">615, 503</p><tags><tag>word</tag></tags></rectangle><rectangle><p type="text">the</p><p type="orientation">0</p><p type="wh">151, 79</p><p type="color">255, 0, 0</p><p type="colorEdges">102, 255, 102</p><p type="coordinates">712, 482</p><tags><tag>word</tag></tags></rectangle><rectangle><p type="text">command</p><p type="orientation">0</p><p type="wh">471, 67</p><p type="color">255, 0, 0</p><p type="colorEdges">102, 255, 102</p><p type="coordinates">871, 503</p><tags><tag>word</tag></tags></rectangle><rectangle><p type="text">of</p><p type="orientation">0</p><p type="wh">127, 94</p><p type="color">255, 0, 0</p><p type="colorEdges">102, 255, 102</p><p type="coordinates">1351, 495</p><tags><tag>word</tag></tags></rectangle><rectangle><p type="text">captain</p><p type="orientation">0</p><p type="wh">339, 112</p><p type="color">255, 0, 0</p><p type="colorEdges">102, 255, 102</p><p type="coordinates">1484, 490</p><tags><tag>word</tag></tags></rectangle><rectangle><p type="text">dag</p><p type="orientation">0</p><p type="wh">203, 120</p><p type="color">255, 0, 0</p><p type="colorEdges">102, 255, 102</p><p type="coordinates">1827, 482</p><tags><tag>word</tag></tags></rectangle><rectangle><p type="text">morthy</p><p type="orientation">0</p><p type="wh">255, 116</p><p type="color">255, 0, 0</p><p type="colorEdges">102, 255, 102</p><p type="coordinates">291, 562</p><tags><tag>word</tag></tags></rectangle><rectangle><p type="text">since</p><p type="orientation">0</p><p type="wh">242, 75</p><p type="color">255, 0, 0</p><p type="colorEdges">102, 255, 102</p><p type="coordinates">588, 575</p><tags><tag>word</tag></tags></rectangle><rectangle><p type="text">you</p><p type="orientation">0</p><p type="wh">187, 83</p><p type="color">255, 0, 0</p><p type="colorEdges">102, 255, 102</p><p type="coordinates">816, 606</p><tags><tag>word</tag></tags></rectangle><rectangle><p type="text">have</p><p type="orientation">0</p><p type="wh">230, 87</p><p type="color">255, 0, 0</p><p type="colorEdges">102, 255, 102</p><p type="coordinates">1024, 567</p><tags><tag>word</tag></tags></rectangle><rectangle><p type="text">honoured</p><p type="orientation">0</p><p type="wh">456, 90</p><p type="color">255, 0, 0</p><p type="colorEdges">102, 255, 102</p><p type="coordinates">1263, 567</p><tags><tag>word</tag></tags></rectangle><rectangle><p type="text">me</p><p type="orientation">0</p><p type="wh">115, 42</p><p type="color">255, 0, 0</p><p type="colorEdges">102, 255, 102</p><p type="coordinates">1712, 619</p><tags><tag>word</tag></tags></rectangle><rectangle><p type="text">with</p><p type="orientation">0</p><p type="wh">187, 75</p><p type="color">255, 0, 0</p><p type="colorEdges">102, 255, 102</p><p type="coordinates">1832, 590</p><tags><tag>word</tag></tags></rectangle><rectangle><p type="text">the</p><p type="orientation">0</p><p type="wh">146, 79</p><p type="color">255, 0, 0</p><p type="colorEdges">102, 255, 102</p><p type="coordinates">284, 651</p><tags><tag>word</tag></tags></rectangle><rectangle><p type="text">command</p><p type="orientation">0</p><p type="wh">476, 62</p><p type="color">255, 0, 0</p><p type="colorEdges">102, 255, 102</p><p type="coordinates">451, 671</p><tags><tag>word</tag></tags></rectangle><rectangle><p type="text">of</p><p type="orientation">0</p><p type="wh">99, 95</p><p type="color">255, 0, 0</p><p type="colorEdges">102, 255, 102</p><p type="coordinates">940, 662</p><tags><tag>word</tag></tags></rectangle><rectangle><p type="text">the</p><p type="orientation">0</p><p type="wh">151, 75</p><p type="color">255, 0, 0</p><p type="colorEdges">102, 255, 102</p><p type="coordinates">1035, 662</p><tags><tag>word</tag></tags></rectangle><rectangle><p type="text">virginia</p><p type="orientation">0</p><p type="wh">391, 116</p><p type="color">255, 0, 0</p><p type="colorEdges">102, 255, 102</p><p type="coordinates">1195, 658</p><tags><tag>word</tag></tags></rectangle><rectangle><p type="text">regiment</p><p type="orientation">0</p><p type="wh">390, 120</p><p type="color">255, 0, 0</p><p type="colorEdges">102, 255, 102</p><p type="coordinates">1588, 658</p><tags><tag>word</tag></tags></rectangle><rectangle><p type="text">c</p><p type="orientation">0</p><p type="wh">111, 75</p><p type="color">255, 0, 0</p><p type="colorEdges">102, 255, 102</p><p type="coordinates">295, 738</p><tags><tag>word</tag></tags></rectangle><rectangle><p type="text">the</p><p type="orientation">0</p><p type="wh">124, 80</p><p type="color">255, 0, 0</p><p type="colorEdges">102, 255, 102</p><p type="coordinates">803, 742</p><tags><tag>word</tag></tags></rectangle><rectangle><p type="text">country</p><p type="orientation">0</p><p type="wh">255, 99</p><p type="color">255, 0, 0</p><p type="colorEdges">102, 255, 102</p><p type="coordinates">952, 751</p><tags><tag>word</tag></tags></rectangle><rectangle><p type="text">has</p><p type="orientation">0</p><p type="wh">120, 71</p><p type="color">255, 0, 0</p><p type="colorEdges">102, 255, 102</p><p type="coordinates">1211, 755</p><tags><tag>word</tag></tags></rectangle><rectangle><p type="text">sustained</p><p type="orientation">0</p><p type="wh">319, 68</p><p type="color">255, 0, 0</p><p type="colorEdges">102, 255, 102</p><p type="coordinates">1335, 758</p><tags><tag>word</tag></tags></rectangle><rectangle><p type="text">inconceivable</p><p type="orientation">0</p><p type="wh">388, 64</p><p type="color">255, 0, 0</p><p type="colorEdges">102, 255, 102</p><p type="coordinates">1647, 758</p><tags><tag>word</tag></tags></rectangle><rectangle><p type="text">losses</p><p type="orientation">0</p><p type="wh">151, 95</p><p type="color">255, 0, 0</p><p type="colorEdges">102, 255, 102</p><p type="coordinates">295, 831</p><tags><tag>word</tag></tags></rectangle><rectangle><p type="text">by</p><p type="orientation">0</p><p type="wh">99, 118</p><p type="color">255, 0, 0</p><p type="colorEdges">102, 255, 102</p><p type="coordinates">464, 823</p><tags><tag>word</tag></tags></rectangle><rectangle><p type="text">delaying</p><p type="orientation">0</p><p type="wh">303, 88</p><p type="color">255, 0, 0</p><p type="colorEdges">102, 255, 102</p><p type="coordinates">579, 842</p><tags><tag>word</tag></tags></rectangle><rectangle><p type="text">the</p><p type="orientation">0</p><p type="wh">120, 71</p><p type="color">255, 0, 0</p><p type="colorEdges">102, 255, 102</p><p type="coordinates">879, 838</p><tags><tag>word</tag></tags></rectangle><rectangle><p type="text">commissaries</p><p type="orientation">0</p><p type="wh">431, 99</p><p type="color">255, 0, 0</p><p type="colorEdges">102, 255, 102</p><p type="coordinates">1015, 834</p><tags><tag>word</tag></tags></rectangle><rectangle><p type="text">at</p><p type="orientation">0</p><p type="wh">107, 55</p><p type="color">255, 0, 0</p><p type="colorEdges">102, 255, 102</p><p type="coordinates">1452, 858</p><tags><tag>word</tag></tags></rectangle><rectangle><p type="text">williamsburgh</p><p type="orientation">0</p><p type="wh">467, 103</p><p type="color">255, 0, 0</p><p type="colorEdges">102, 255, 102</p><p type="coordinates">1556, 834</p><tags><tag>word</tag></tags></rectangle><rectangle><p type="text">many</p><p type="orientation">0</p><p type="wh">240, 91</p><p type="color">255, 0, 0</p><p type="colorEdges">102, 255, 102</p><p type="coordinates">299, 931</p><tags><tag>word</tag></tags></rectangle><rectangle><p type="text">of</p><p type="orientation">0</p><p type="wh">92, 99</p><p type="color">255, 0, 0</p><p type="colorEdges">102, 255, 102</p><p type="coordinates">559, 914</p><tags><tag>word</tag></tags></rectangle><rectangle><p type="text">the</p><p type="orientation">0</p><p type="wh">99, 67</p><p type="color">255, 0, 0</p><p type="colorEdges">102, 255, 102</p><p type="coordinates">656, 918</p><tags><tag>word</tag></tags></rectangle><rectangle><p type="text">carolina</p><p type="orientation">0</p><p type="wh">316, 75</p><p type="color">255, 0, 0</p><p type="colorEdges">102, 255, 102</p><p type="coordinates">791, 918</p><tags><tag>word</tag></tags></rectangle><rectangle><p type="text">beeves</p><p type="orientation">0</p><p type="wh">227, 66</p><p type="color">255, 0, 0</p><p type="colorEdges">102, 255, 102</p><p type="coordinates">1128, 927</p><tags><tag>word</tag></tags></rectangle><rectangle><p type="text">are</p><p type="orientation">0</p><p type="wh">102, 43</p><p type="color">255, 0, 0</p><p type="colorEdges">102, 255, 102</p><p type="coordinates">1360, 955</p><tags><tag>word</tag></tags></rectangle><rectangle><p type="text">dead</p><p type="orientation">0</p><p type="wh">198, 64</p><p type="color">255, 0, 0</p><p type="colorEdges">102, 255, 102</p><p type="coordinates">1480, 934</p><tags><tag>word</tag></tags></rectangle><rectangle><p type="text">through</p><p type="orientation">0</p><p type="wh">303, 95</p><p type="color">255, 0, 0</p><p type="colorEdges">102, 255, 102</p><p type="coordinates">1671, 931</p><tags><tag>word</tag></tags></rectangle><rectangle><p type="text">ab</p><p type="orientation">0</p><p type="wh">83, 75</p><p type="color">255, 0, 0</p><p type="colorEdges">102, 255, 102</p><p type="coordinates">1956, 938</p><tags><tag>word</tag></tags></rectangle><rectangle><p type="text">solute</p><p type="orientation">0</p><p type="wh">212, 67</p><p type="color">255, 0, 0</p><p type="colorEdges">102, 255, 102</p><p type="coordinates">295, 1007</p><tags><tag>word</tag></tags></rectangle><rectangle><p type="text">poverty</p><p type="orientation">0</p><p type="wh">260, 92</p><p type="color">255, 0, 0</p><p type="colorEdges">102, 255, 102</p><p type="coordinates">491, 1014</p><tags><tag>word</tag></tags></rectangle><rectangle><p type="text">and</p><p type="orientation">0</p><p type="wh">138, 51</p><p type="color">255, 0, 0</p><p type="colorEdges">102, 255, 102</p><p type="coordinates">800, 1027</p><tags><tag>word</tag></tags></rectangle><rectangle><p type="text">the</p><p type="orientation">0</p><p type="wh">119, 83</p><p type="color">255, 0, 0</p><p type="colorEdges">102, 255, 102</p><p type="coordinates">959, 995</p><tags><tag>word</tag></tags></rectangle><rectangle><p type="text">chief</p><p type="orientation">0</p><p type="wh">216, 86</p><p type="color">255, 0, 0</p><p type="colorEdges">102, 255, 102</p><p type="coordinates">1083, 1007</p><tags><tag>word</tag></tags></rectangle><rectangle><p type="text">part</p><p type="orientation">0</p><p type="wh">176, 75</p><p type="color">255, 0, 0</p><p type="colorEdges">102, 255, 102</p><p type="coordinates">1279, 1018</p><tags><tag>word</tag></tags></rectangle><rectangle><p type="text">of</p><p type="orientation">0</p><p type="wh">95, 91</p><p type="color">255, 0, 0</p><p type="colorEdges">102, 255, 102</p><p type="coordinates">1459, 1007</p><tags><tag>word</tag></tags></rectangle><rectangle><p type="text">them</p><p type="orientation">0</p><p type="wh">174, 60</p><p type="color">255, 0, 0</p><p type="colorEdges">102, 255, 102</p><p type="coordinates">1540, 1018</p><tags><tag>word</tag></tags></rectangle><rectangle><p type="text">too</p><p type="orientation">0</p><p type="wh">90, 51</p><p type="color">255, 0, 0</p><p type="colorEdges">102, 255, 102</p><p type="coordinates">1728, 1027</p><tags><tag>word</tag></tags></rectangle><rectangle><p type="text">poor</p><p type="orientation">0</p><p type="wh">186, 55</p><p type="color">255, 0, 0</p><p type="colorEdges">102, 255, 102</p><p type="coordinates">1804, 1034</p><tags><tag>word</tag></tags></rectangle><rectangle><p type="text">to</p><p type="orientation">0</p><p type="wh">71, 68</p><p type="color">255, 0, 0</p><p type="colorEdges">102, 255, 102</p><p type="coordinates">299, 1090</p><tags><tag>word</tag></tags></rectangle><rectangle><p type="text">slaughter</p><p type="orientation">0</p><p type="wh">343, 107</p><p type="color">255, 0, 0</p><p type="colorEdges">102, 255, 102</p><p type="coordinates">392, 1082</p><tags><tag>word</tag></tags></rectangle><rectangle><p type="text">we</p><p type="orientation">0</p><p type="wh">94, 83</p><p type="color">255, 0, 0</p><p type="colorEdges">102, 255, 102</p><p type="coordinates">864, 1075</p><tags><tag>word</tag></tags></rectangle><rectangle><p type="text">are</p><p type="orientation">0</p><p type="wh">107, 48</p><p type="color">255, 0, 0</p><p type="colorEdges">102, 255, 102</p><p type="coordinates">967, 1110</p><tags><tag>word</tag></tags></rectangle><rectangle><p type="text">at</p><p type="orientation">0</p><p type="wh">107, 54</p><p type="color">255, 0, 0</p><p type="colorEdges">102, 255, 102</p><p type="coordinates">1100, 1107</p><tags><tag>word</tag></tags></rectangle><rectangle><p type="text">a</p><p type="orientation">0</p><p type="wh">52, 42</p><p type="color">255, 0, 0</p><p type="colorEdges">102, 255, 102</p><p type="coordinates">1211, 1123</p><tags><tag>word</tag></tags></rectangle><rectangle><p type="text">loss</p><p type="orientation">0</p><p type="wh">128, 95</p><p type="color">255, 0, 0</p><p type="colorEdges">102, 255, 102</p><p type="coordinates">1279, 1090</p><tags><tag>word</tag></tags></rectangle><rectangle><p type="text">how</p><p type="orientation">0</p><p type="wh">127, 71</p><p type="color">255, 0, 0</p><p type="colorEdges">102, 255, 102</p><p type="coordinates">1407, 1090</p><tags><tag>word</tag></tags></rectangle><rectangle><p type="text">to</p><p type="orientation">0</p><p type="wh">71, 51</p><p type="color">255, 0, 0</p><p type="colorEdges">102, 255, 102</p><p type="coordinates">1540, 1110</p><tags><tag>word</tag></tags></rectangle><rectangle><p type="text">act</p><p type="orientation">0</p><p type="wh">122, 51</p><p type="color">255, 0, 0</p><p type="colorEdges">102, 255, 102</p><p type="coordinates">1628, 1110</p><tags><tag>word</tag></tags></rectangle><rectangle><p type="text">for</p><p type="orientation">0</p><p type="wh">99, 79</p><p type="color">255, 0, 0</p><p type="colorEdges">102, 255, 102</p><p type="coordinates">1748, 1099</p><tags><tag>word</tag></tags></rectangle><rectangle><p type="text">want</p><p type="orientation">0</p><p type="wh">174, 59</p><p type="color">255, 0, 0</p><p type="colorEdges">102, 255, 102</p><p type="coordinates">1852, 1110</p><tags><tag>word</tag></tags></rectangle><rectangle><p type="text">of</p><p type="orientation">0</p><p type="wh">91, 88</p><p type="color">255, 0, 0</p><p type="colorEdges">102, 255, 102</p><p type="coordinates">299, 1166</p><tags><tag>word</tag></tags></rectangle><rectangle><p type="text">the</p><p type="orientation">0</p><p type="wh">111, 71</p><p type="color">255, 0, 0</p><p type="colorEdges">102, 255, 102</p><p type="coordinates">387, 1162</p><tags><tag>word</tag></tags></rectangle><rectangle><p type="text">mutiny</p><p type="orientation">0</p><p type="wh">316, 94</p><p type="color">255, 0, 0</p><p type="colorEdges">102, 255, 102</p><p type="coordinates">527, 1171</p><tags><tag>word</tag></tags></rectangle><rectangle><p type="text">bill</p><p type="orientation">0</p><p type="wh">191, 71</p><p type="color">255, 0, 0</p><p type="colorEdges">102, 255, 102</p><p type="coordinates">855, 1166</p><tags><tag>word</tag></tags></rectangle><rectangle><p type="text">and</p><p type="orientation">0</p><p type="wh">187, 66</p><p type="color">255, 0, 0</p><p type="colorEdges">102, 255, 102</p><p type="coordinates">1083, 1179</p><tags><tag>word</tag></tags></rectangle><rectangle><p type="text">should</p><p type="orientation">0</p><p type="wh">275, 70</p><p type="color">255, 0, 0</p><p type="colorEdges">102, 255, 102</p><p type="coordinates">1263, 1175</p><tags><tag>word</tag></tags></rectangle><rectangle><p type="text">be</p><p type="orientation">0</p><p type="wh">83, 71</p><p type="color">255, 0, 0</p><p type="colorEdges">102, 255, 102</p><p type="coordinates">1536, 1166</p><tags><tag>word</tag></tags></rectangle><rectangle><p type="text">obliged</p><p type="orientation">0</p><p type="wh">258, 103</p><p type="color">255, 0, 0</p><p type="colorEdges">102, 255, 102</p><p type="coordinates">1628, 1171</p><tags><tag>word</tag></tags></rectangle><rectangle><p type="text">to</p><p type="orientation">0</p><p type="wh">70, 58</p><p type="color">255, 0, 0</p><p type="colorEdges">102, 255, 102</p><p type="coordinates">1888, 1183</p><tags><tag>word</tag></tags></rectangle><rectangle><p type="text">your</p><p type="orientation">0</p><p type="wh">151, 96</p><p type="color">255, 0, 0</p><p type="colorEdges">102, 255, 102</p><p type="coordinates">295, 1258</p><tags><tag>word</tag></tags></rectangle><rectangle><p type="text">honour</p><p type="orientation">0</p><p type="wh">279, 84</p><p type="color">255, 0, 0</p><p type="colorEdges">102, 255, 102</p><p type="coordinates">496, 1238</p><tags><tag>word</tag></tags></rectangle><rectangle><p type="text">to</p><p type="orientation">0</p><p type="wh">70, 58</p><p type="color">255, 0, 0</p><p type="colorEdges">102, 255, 102</p><p type="coordinates">796, 1255</p><tags><tag>word</tag></tags></rectangle><rectangle><p type="text">have</p><p type="orientation">0</p><p type="wh">199, 71</p><p type="color">255, 0, 0</p><p type="colorEdges">102, 255, 102</p><p type="coordinates">884, 1251</p><tags><tag>word</tag></tags></rectangle><rectangle><p type="text">fifty</p><p type="orientation">0</p><p type="wh">170, 96</p><p type="color">255, 0, 0</p><p type="colorEdges">102, 255, 102</p><p type="coordinates">1080, 1258</p><tags><tag>word</tag></tags></rectangle><rectangle><p type="text">or</p><p type="orientation">0</p><p type="wh">72, 44</p><p type="color">255, 0, 0</p><p type="colorEdges">102, 255, 102</p><p type="coordinates">1263, 1286</p><tags><tag>word</tag></tags></rectangle><rectangle><p type="text">an</p><p type="orientation">0</p><p type="wh">115, 55</p><p type="color">255, 0, 0</p><p type="colorEdges">102, 255, 102</p><p type="coordinates">1360, 1279</p><tags><tag>word</tag></tags></rectangle><rectangle><p type="text">hundred</p><p type="orientation">0</p><p type="wh">356, 76</p><p type="color">255, 0, 0</p><p type="colorEdges">102, 255, 102</p><p type="coordinates">1487, 1258</p><tags><tag>word</tag></tags></rectangle><rectangle><p type="text">printed</p><p type="orientation">0</p><p type="wh">212, 79</p><p type="color">255, 0, 0</p><p type="colorEdges">102, 255, 102</p><p type="coordinates">1823, 1266</p><tags><tag>word</tag></tags></rectangle><rectangle><p type="text">and</p><p type="orientation">0</p><p type="wh">178, 62</p><p type="color">255, 0, 0</p><p type="colorEdges">102, 255, 102</p><p type="coordinates">304, 1351</p><tags><tag>word</tag></tags></rectangle><rectangle><p type="text">sent</p><p type="orientation">0</p><p type="wh">172, 66</p><p type="color">255, 0, 0</p><p type="colorEdges">102, 255, 102</p><p type="coordinates">491, 1347</p><tags><tag>word</tag></tags></rectangle><rectangle><p type="text">by</p><p type="orientation">0</p><p type="wh">90, 107</p><p type="color">255, 0, 0</p><p type="colorEdges">102, 255, 102</p><p type="coordinates">672, 1338</p><tags><tag>word</tag></tags></rectangle><rectangle><p type="text">the</p><p type="orientation">0</p><p type="wh">126, 71</p><p type="color">255, 0, 0</p><p type="colorEdges">102, 255, 102</p><p type="coordinates">780, 1342</p><tags><tag>word</tag></tags></rectangle><rectangle><p type="text">bearer</p><p type="orientation">0</p><p type="wh">271, 79</p><p type="color">255, 0, 0</p><p type="colorEdges">102, 255, 102</p><p type="coordinates">920, 1342</p><tags><tag>word</tag></tags></rectangle><rectangle><p type="text">there</p><p type="orientation">0</p><p type="wh">203, 79</p><p type="color">255, 0, 0</p><p type="colorEdges">102, 255, 102</p><p type="coordinates">1252, 1338</p><tags><tag>word</tag></tags></rectangle><rectangle><p type="text">is</p><p type="orientation">0</p><p type="wh">67, 59</p><p type="color">255, 0, 0</p><p type="colorEdges">102, 255, 102</p><p type="coordinates">1471, 1362</p><tags><tag>word</tag></tags></rectangle><rectangle><p type="text">a</p><p type="orientation">0</p><p type="wh">64, 42</p><p type="color">255, 0, 0</p><p type="colorEdges">102, 255, 102</p><p type="coordinates">1547, 1379</p><tags><tag>word</tag></tags></rectangle><rectangle><p type="text">clause</p><p type="orientation">0</p><p type="wh">232, 75</p><p type="color">255, 0, 0</p><p type="colorEdges">102, 255, 102</p><p type="coordinates">1615, 1351</p><tags><tag>word</tag></tags></rectangle><rectangle><p type="text">in</p><p type="orientation">0</p><p type="wh">86, 67</p><p type="color">255, 0, 0</p><p type="colorEdges">102, 255, 102</p><p type="coordinates">1856, 1359</p><tags><tag>word</tag></tags></rectangle><rectangle><p type="text">that</p><p type="orientation">0</p><p type="wh">174, 84</p><p type="color">255, 0, 0</p><p type="colorEdges">102, 255, 102</p><p type="coordinates">308, 1418</p><tags><tag>word</tag></tags></rectangle><rectangle><p type="text">bill</p><p type="orientation">0</p><p type="wh">192, 75</p><p type="color">255, 0, 0</p><p type="colorEdges">102, 255, 102</p><p type="coordinates">491, 1427</p><tags><tag>word</tag></tags></rectangle><rectangle><p type="text">which</p><p type="orientation">0</p><p type="wh">230, 79</p><p type="color">255, 0, 0</p><p type="colorEdges">102, 255, 102</p><p type="coordinates">708, 1423</p><tags><tag>word</tag></tags></rectangle><rectangle><p type="text">if</p><p type="orientation">0</p><p type="wh">102, 95</p><p type="color">255, 0, 0</p><p type="colorEdges">102, 255, 102</p><p type="coordinates">940, 1431</p><tags><tag>word</tag></tags></rectangle><rectangle><p type="text">you</p><p type="orientation">0</p><p type="wh">163, 75</p><p type="color">255, 0, 0</p><p type="colorEdges">102, 255, 102</p><p type="coordinates">1019, 1466</p><tags><tag>word</tag></tags></rectangle><rectangle><p type="text">are</p><p type="orientation">0</p><p type="wh">140, 51</p><p type="color">255, 0, 0</p><p type="colorEdges">102, 255, 102</p><p type="coordinates">1207, 1459</p><tags><tag>word</tag></tags></rectangle><rectangle><p type="text">not</p><p type="orientation">0</p><p type="wh">154, 58</p><p type="color">255, 0, 0</p><p type="colorEdges">102, 255, 102</p><p type="coordinates">1360, 1455</p><tags><tag>word</tag></tags></rectangle><rectangle><p type="text">kind</p><p type="orientation">0</p><p type="wh">187, 83</p><p type="color">255, 0, 0</p><p type="colorEdges">102, 255, 102</p><p type="coordinates">1523, 1434</p><tags><tag>word</tag></tags></rectangle><rectangle><p type="text">enough</p><p type="orientation">0</p><p type="wh">295, 99</p><p type="color">255, 0, 0</p><p type="colorEdges">102, 255, 102</p><p type="coordinates">1719, 1438</p><tags><tag>word</tag></tags></rectangle><rectangle><p type="text">to</p><p type="orientation">0</p><p type="wh">66, 51</p><p type="color">255, 0, 0</p><p type="colorEdges">102, 255, 102</p><p type="coordinates">308, 1527</p><tags><tag>word</tag></tags></rectangle><rectangle><p type="text">boviate</p><p type="orientation">0</p><p type="wh">267, 72</p><p type="color">255, 0, 0</p><p type="colorEdges">102, 255, 102</p><p type="coordinates">403, 1510</p><tags><tag>word</tag></tags></rectangle><rectangle><p type="text">will</p><p type="orientation">0</p><p type="wh">188, 72</p><p type="color">255, 0, 0</p><p type="colorEdges">102, 255, 102</p><p type="coordinates">703, 1510</p><tags><tag>word</tag></tags></rectangle><rectangle><p type="text">prevent</p><p type="orientation">0</p><p type="wh">311, 94</p><p type="color">255, 0, 0</p><p type="colorEdges">102, 255, 102</p><p type="coordinates">875, 1523</p><tags><tag>word</tag></tags></rectangle><rectangle><p type="text">entirely</p><p type="orientation">0</p><p type="wh">271, 94</p><p type="color">255, 0, 0</p><p type="colorEdges">102, 255, 102</p><p type="coordinates">1200, 1527</p><tags><tag>word</tag></tags></rectangle><rectangle><p type="text">the</p><p type="orientation">0</p><p type="wh">128, 79</p><p type="color">255, 0, 0</p><p type="colorEdges">102, 255, 102</p><p type="coordinates">1487, 1518</p><tags><tag>word</tag></tags></rectangle><rectangle><p type="text">good</p><p type="orientation">0</p><p type="wh">203, 86</p><p type="color">255, 0, 0</p><p type="colorEdges">102, 255, 102</p><p type="coordinates">1604, 1535</p><tags><tag>word</tag></tags></rectangle><rectangle><p type="text">inten</p><p type="orientation">0</p><p type="wh">215, 62</p><p type="color">255, 0, 0</p><p type="colorEdges">102, 255, 102</p><p type="coordinates">1820, 1523</p><tags><tag>word</tag></tags></rectangle><rectangle><p type="text">tion</p><p type="orientation">0</p><p type="wh">147, 80</p><p type="color">255, 0, 0</p><p type="colorEdges">102, 255, 102</p><p type="coordinates">308, 1594</p><tags><tag>word</tag></tags></rectangle><rectangle><p type="text">of</p><p type="orientation">0</p><p type="wh">107, 94</p><p type="color">255, 0, 0</p><p type="colorEdges">102, 255, 102</p><p type="coordinates">484, 1599</p><tags><tag>word</tag></tags></rectangle><rectangle><p type="text">it</p><p type="orientation">0</p><p type="wh">83, 58</p><p type="color">255, 0, 0</p><p type="colorEdges">102, 255, 102</p><p type="coordinates">584, 1607</p><tags><tag>word</tag></tags></rectangle><rectangle><p type="text">ie</p><p type="orientation">0</p><p type="wh">143, 66</p><p type="color">255, 0, 0</p><p type="colorEdges">102, 255, 102</p><p type="coordinates">712, 1603</p><tags><tag>word</tag></tags></rectangle><rectangle><p type="text">delaying</p><p type="orientation">0</p><p type="wh">359, 107</p><p type="color">255, 0, 0</p><p type="colorEdges">102, 255, 102</p><p type="coordinates">879, 1599</p><tags><tag>word</tag></tags></rectangle><rectangle><p type="text">the</p><p type="orientation">0</p><p type="wh">110, 75</p><p type="color">255, 0, 0</p><p type="colorEdges">102, 255, 102</p><p type="coordinates">1268, 1599</p><tags><tag>word</tag></tags></rectangle><rectangle><p type="text">execution</p><p type="orientation">0</p><p type="wh">351, 72</p><p type="color">255, 0, 0</p><p type="colorEdges">102, 255, 102</p><p type="coordinates">1399, 1610</p><tags><tag>word</tag></tags></rectangle><rectangle><p type="text">of</p><p type="orientation">0</p><p type="wh">106, 79</p><p type="color">255, 0, 0</p><p type="colorEdges">102, 255, 102</p><p type="coordinates">1764, 1614</p><tags><tag>word</tag></tags></rectangle><rectangle><p type="text">sen</p><p type="orientation">0</p><p type="wh">164, 75</p><p type="color">255, 0, 0</p><p type="colorEdges">102, 255, 102</p><p type="coordinates">1859, 1599</p><tags><tag>word</tag></tags></rectangle><rectangle><p type="text">tences</p><p type="orientation">0</p><p type="wh">199, 60</p><p type="color">255, 0, 0</p><p type="colorEdges">102, 255, 102</p><p type="coordinates">308, 1694</p><tags><tag>word</tag></tags></rectangle><rectangle><p type="text">until</p><p type="orientation">0</p><p type="wh">243, 67</p><p type="color">255, 0, 0</p><p type="colorEdges">102, 255, 102</p><p type="coordinates">532, 1683</p><tags><tag>word</tag></tags></rectangle><rectangle><p type="text">your</p><p type="orientation">0</p><p type="wh">210, 79</p><p type="color">255, 0, 0</p><p type="colorEdges">102, 255, 102</p><p type="coordinates">764, 1703</p><tags><tag>word</tag></tags></rectangle><rectangle><p type="text">honour</p><p type="orientation">0</p><p type="wh">338, 80</p><p type="color">255, 0, 0</p><p type="colorEdges">102, 255, 102</p><p type="coordinates">988, 1670</p><tags><tag>word</tag></tags></rectangle><rectangle><p type="text">shall</p><p type="orientation">0</p><p type="wh">223, 75</p><p type="color">255, 0, 0</p><p type="colorEdges">102, 255, 102</p><p type="coordinates">1331, 1679</p><tags><tag>word</tag></tags></rectangle><rectangle><p type="text">be</p><p type="orientation">0</p><p type="wh">102, 75</p><p type="color">255, 0, 0</p><p type="colorEdges">102, 255, 102</p><p type="coordinates">1552, 1679</p><tags><tag>word</tag></tags></rectangle><rectangle><p type="text">made</p><p type="orientation">0</p><p type="wh">228, 60</p><p type="color">255, 0, 0</p><p type="colorEdges">102, 255, 102</p><p type="coordinates">1651, 1694</p><tags><tag>word</tag></tags></rectangle><rectangle><p type="text">ac</p><p type="orientation">0</p><p type="wh">134, 51</p><p type="color">255, 0, 0</p><p type="colorEdges">102, 255, 102</p><p type="coordinates">1892, 1703</p><tags><tag>word</tag></tags></rectangle><rectangle><p type="text">quainted</p><p type="orientation">0</p><p type="wh">371, 96</p><p type="color">255, 0, 0</p><p type="colorEdges">102, 255, 102</p><p type="coordinates">308, 1762</p><tags><tag>word</tag></tags></rectangle><rectangle><p type="text">with</p><p type="orientation">0</p><p type="wh">219, 78</p><p type="color">255, 0, 0</p><p type="colorEdges">102, 255, 102</p><p type="coordinates">679, 1759</p><tags><tag>word</tag></tags></rectangle><rectangle><p type="text">the</p><p type="orientation">0</p><p type="wh">119, 75</p><p type="color">255, 0, 0</p><p type="colorEdges">102, 255, 102</p><p type="coordinates">891, 1759</p><tags><tag>word</tag></tags></rectangle><rectangle><p type="text">proceedings</p><p type="orientation">0</p><p type="wh">494, 111</p><p type="color">255, 0, 0</p><p type="colorEdges">102, 255, 102</p><p type="coordinates">1004, 1762</p><tags><tag>word</tag></tags></rectangle><rectangle><p type="text">of</p><p type="orientation">0</p><p type="wh">108, 99</p><p type="color">255, 0, 0</p><p type="colorEdges">102, 255, 102</p><p type="coordinates">1523, 1770</p><tags><tag>word</tag></tags></rectangle><rectangle><p type="text">the</p><p type="orientation">0</p><p type="wh">115, 79</p><p type="color">255, 0, 0</p><p type="colorEdges">102, 255, 102</p><p type="coordinates">1611, 1766</p><tags><tag>word</tag></tags></rectangle><rectangle><p type="text">court</p><p type="orientation">0</p><p type="wh">210, 75</p><p type="color">255, 0, 0</p><p type="colorEdges">102, 255, 102</p><p type="coordinates">1728, 1766</p><tags><tag>word</tag></tags></rectangle><rectangle><p type="text">this</p><p type="orientation">0</p><p type="wh">171, 88</p><p type="color">255, 0, 0</p><p type="colorEdges">102, 255, 102</p><p type="coordinates">783, 1838</p><tags><tag>word</tag></tags></rectangle><rectangle><p type="text">at</p><p type="orientation">0</p><p type="wh">111, 71</p><p type="color">255, 0, 0</p><p type="colorEdges">102, 255, 102</p><p type="coordinates">983, 1855</p><tags><tag>word</tag></tags></rectangle><rectangle><p type="text">times</p><p type="orientation">0</p><p type="wh">203, 80</p><p type="color">255, 0, 0</p><p type="colorEdges">102, 255, 102</p><p type="coordinates">1096, 1846</p><tags><tag>word</tag></tags></rectangle><rectangle><p type="text">when</p><p type="orientation">0</p><p type="wh">224, 75</p><p type="color">255, 0, 0</p><p type="colorEdges">102, 255, 102</p><p type="coordinates">1299, 1855</p><tags><tag>word</tag></tags></rectangle><rectangle><p type="text">there</p><p type="orientation">0</p><p type="wh">171, 75</p><p type="color">255, 0, 0</p><p type="colorEdges">102, 255, 102</p><p type="coordinates">1523, 1851</p><tags><tag>word</tag></tags></rectangle><rectangle><p type="text">is</p><p type="orientation">0</p><p type="wh">79, 75</p><p type="color">255, 0, 0</p><p type="colorEdges">102, 255, 102</p><p type="coordinates">1703, 1862</p><tags><tag>word</tag></tags></rectangle><rectangle><p type="text">the</p><p type="orientation">0</p><p type="wh">111, 71</p><p type="color">255, 0, 0</p><p type="colorEdges">102, 255, 102</p><p type="coordinates">1775, 1859</p><tags><tag>word</tag></tags></rectangle><rectangle><p type="text">great</p><p type="orientation">0</p><p type="wh">167, 79</p><p type="color">255, 0, 0</p><p type="colorEdges">102, 255, 102</p><p type="coordinates">1872, 1870</p><tags><tag>word</tag></tags></rectangle><rectangle><p type="text">est</p><p type="orientation">0</p><p type="wh">106, 68</p><p type="color">255, 0, 0</p><p type="colorEdges">102, 255, 102</p><p type="coordinates">320, 1938</p><tags><tag>word</tag></tags></rectangle><rectangle><p type="text">occasion</p><p type="orientation">0</p><p type="wh">320, 71</p><p type="color">255, 0, 0</p><p type="colorEdges">102, 255, 102</p><p type="coordinates">435, 1935</p><tags><tag>word</tag></tags></rectangle><rectangle><p type="text">for</p><p type="orientation">0</p><p type="wh">115, 95</p><p type="color">255, 0, 0</p><p type="colorEdges">102, 255, 102</p><p type="coordinates">748, 1935</p><tags><tag>word</tag></tags></rectangle><rectangle><p type="text">expamples</p><p type="orientation">0</p><p type="wh">395, 99</p><p type="color">255, 0, 0</p><p type="colorEdges">102, 255, 102</p><p type="coordinates">891, 1935</p><tags><tag>word</tag></tags></rectangle><rectangle><p type="text">will</p><p type="orientation">0</p><p type="wh">187, 68</p><p type="color">255, 0, 0</p><p type="colorEdges">102, 255, 102</p><p type="coordinates">1311, 1942</p><tags><tag>word</tag></tags></rectangle><rectangle><p type="text">be</p><p type="orientation">0</p><p type="wh">99, 79</p><p type="color">255, 0, 0</p><p type="colorEdges">102, 255, 102</p><p type="coordinates">1491, 1931</p><tags><tag>word</tag></tags></rectangle><rectangle><p type="text">morally</p><p type="orientation">0</p><p type="wh">314, 94</p><p type="color">255, 0, 0</p><p type="colorEdges">102, 255, 102</p><p type="coordinates">1592, 1951</p><tags><tag>word</tag></tags></rectangle><rectangle><p type="text">im</p><p type="orientation">0</p><p type="wh">127, 79</p><p type="color">255, 0, 0</p><p type="colorEdges">102, 255, 102</p><p type="coordinates">1908, 1951</p><tags><tag>word</tag></tags></rectangle><rectangle><p type="text">possible</p><p type="orientation">0</p><p type="wh">300, 103</p><p type="color">255, 0, 0</p><p type="colorEdges">102, 255, 102</p><p type="coordinates">315, 2022</p><tags><tag>word</tag></tags></rectangle><rectangle><p type="text">i</p><p type="orientation">0</p><p type="wh">83, 86</p><p type="color">255, 0, 0</p><p type="colorEdges">102, 255, 102</p><p type="coordinates">647, 2011</p><tags><tag>word</tag></tags></rectangle><rectangle><p type="text">mean</p><p type="orientation">0</p><p type="wh">246, 47</p><p type="color">255, 0, 0</p><p type="colorEdges">102, 255, 102</p><p type="coordinates">708, 2050</p><tags><tag>word</tag></tags></rectangle><rectangle><p type="text">while</p><p type="orientation">0</p><p type="wh">235, 75</p><p type="color">255, 0, 0</p><p type="colorEdges">102, 255, 102</p><p type="coordinates">963, 2022</p><tags><tag>word</tag></tags></rectangle><rectangle><p type="text">we</p><p type="orientation">0</p><p type="wh">115, 51</p><p type="color">255, 0, 0</p><p type="colorEdges">102, 255, 102</p><p type="coordinates">1207, 2046</p><tags><tag>word</tag></tags></rectangle><rectangle><p type="text">are</p><p type="orientation">0</p><p type="wh">119, 52</p><p type="color">255, 0, 0</p><p type="colorEdges">102, 255, 102</p><p type="coordinates">1324, 2050</p><tags><tag>word</tag></tags></rectangle><rectangle><p type="text">on</p><p type="orientation">0</p><p type="wh">111, 43</p><p type="color">255, 0, 0</p><p type="colorEdges">102, 255, 102</p><p type="coordinates">1468, 2059</p><tags><tag>word</tag></tags></rectangle><rectangle><p type="text">our</p><p type="orientation">0</p><p type="wh">128, 47</p><p type="color">255, 0, 0</p><p type="colorEdges">102, 255, 102</p><p type="coordinates">1579, 2050</p><tags><tag>word</tag></tags></rectangle><rectangle><p type="text">march</p><p type="orientation">0</p><p type="wh">280, 67</p><p type="color">255, 0, 0</p><p type="colorEdges">102, 255, 102</p><p type="coordinates">1723, 2035</p><tags><tag>word</tag></tags></rectangle><rectangle><p type="text">perhaps</p><p type="orientation">0</p><p type="wh">283, 107</p><p type="color">255, 0, 0</p><p type="colorEdges">102, 255, 102</p><p type="coordinates">308, 2103</p><tags><tag>word</tag></tags></rectangle><rectangle><p type="text">near</p><p type="orientation">0</p><p type="wh">183, 51</p><p type="color">255, 0, 0</p><p type="colorEdges">102, 255, 102</p><p type="coordinates">624, 2131</p><tags><tag>word</tag></tags></rectangle><rectangle><p type="text">the</p><p type="orientation">0</p><p type="wh">126, 79</p><p type="color">255, 0, 0</p><p type="colorEdges">102, 255, 102</p><p type="coordinates">832, 2103</p><tags><tag>word</tag></tags></rectangle><rectangle><p type="text">ohio</p><p type="orientation">0</p><p type="wh">159, 71</p><p type="color">255, 0, 0</p><p type="colorEdges">102, 255, 102</p><p type="coordinates">967, 2107</p><tags><tag>word</tag></tags></rectangle><rectangle><p type="text">when</p><p type="orientation">0</p><p type="wh">196, 71</p><p type="color">255, 0, 0</p><p type="colorEdges">102, 255, 102</p><p type="coordinates">1159, 2111</p><tags><tag>word</tag></tags></rectangle><rectangle><p type="text">none</p><p type="orientation">0</p><p type="wh">172, 50</p><p type="color">255, 0, 0</p><p type="colorEdges">102, 255, 102</p><p type="coordinates">1371, 2139</p><tags><tag>word</tag></tags></rectangle><rectangle><p type="text">but</p><p type="orientation">0</p><p type="wh">140, 75</p><p type="color">255, 0, 0</p><p type="colorEdges">102, 255, 102</p><p type="coordinates">1563, 2111</p><tags><tag>word</tag></tags></rectangle><rectangle><p type="text">strong</p><p type="orientation">0</p><p type="wh">199, 79</p><p type="color">255, 0, 0</p><p type="colorEdges">102, 255, 102</p><p type="coordinates">1703, 2127</p><tags><tag>word</tag></tags></rectangle><rectangle><p type="text">par</p><p type="orientation">0</p><p type="wh">143, 58</p><p type="color">255, 0, 0</p><p type="colorEdges">102, 255, 102</p><p type="coordinates">1892, 2135</p><tags><tag>word</tag></tags></rectangle><rectangle><p type="text">ties</p><p type="orientation">0</p><p type="wh">108, 71</p><p type="color">255, 0, 0</p><p type="colorEdges">102, 255, 102</p><p type="coordinates">315, 2198</p><tags><tag>word</tag></tags></rectangle><rectangle><p type="text">can</p><p type="orientation">0</p><p type="wh">171, 51</p><p type="color">255, 0, 0</p><p type="colorEdges">102, 255, 102</p><p type="coordinates">435, 2214</p><tags><tag>word</tag></tags></rectangle><rectangle><p type="text">pass</p><p type="orientation">0</p><p type="wh">198, 111</p><p type="color">255, 0, 0</p><p type="colorEdges">102, 255, 102</p><p type="coordinates">584, 2190</p><tags><tag>word</tag></tags></rectangle><rectangle><p type="text">with</p><p type="orientation">0</p><p type="wh">187, 82</p><p type="color">255, 0, 0</p><p type="colorEdges">102, 255, 102</p><p type="coordinates">783, 2187</p><tags><tag>word</tag></tags></rectangle><rectangle><p type="text">safety</p><p type="orientation">0</p><p type="wh">222, 94</p><p type="color">255, 0, 0</p><p type="colorEdges">102, 255, 102</p><p type="coordinates">976, 2207</p><tags><tag>word</tag></tags></rectangle><rectangle><p type="text">at</p><p type="orientation">0</p><p type="wh">107, 60</p><p type="color">255, 0, 0</p><p type="colorEdges">102, 255, 102</p><p type="coordinates">1231, 2218</p><tags><tag>word</tag></tags></rectangle><rectangle><p type="text">all</p><p type="orientation">0</p><p type="wh">142, 60</p><p type="color">255, 0, 0</p><p type="colorEdges">102, 255, 102</p><p type="coordinates">1340, 2218</p><tags><tag>word</tag></tags></rectangle><rectangle><p type="text">times</p><p type="orientation">0</p><p type="wh">194, 79</p><p type="color">255, 0, 0</p><p type="colorEdges">102, 255, 102</p><p type="coordinates">1484, 2203</p><tags><tag>word</tag></tags></rectangle><rectangle><p type="text">it</p><p type="orientation">0</p><p type="wh">84, 71</p><p type="color">255, 0, 0</p><p type="colorEdges">102, 255, 102</p><p type="coordinates">1687, 2207</p><tags><tag>word</tag></tags></rectangle><rectangle><p type="text">must</p><p type="orientation">0</p><p type="wh">183, 62</p><p type="color">255, 0, 0</p><p type="colorEdges">102, 255, 102</p><p type="coordinates">1768, 2207</p><tags><tag>word</tag></tags></rectangle><rectangle><p type="text">be</p><p type="orientation">0</p><p type="wh">75, 71</p><p type="color">255, 0, 0</p><p type="colorEdges">102, 255, 102</p><p type="coordinates">1951, 2187</p><tags><tag>word</tag></tags></rectangle><rectangle><p type="text">attended</p><p type="orientation">0</p><p type="wh">307, 56</p><p type="color">255, 0, 0</p><p type="colorEdges">102, 255, 102</p><p type="coordinates">315, 2298</p><tags><tag>word</tag></tags></rectangle><rectangle><p type="text">with</p><p type="orientation">0</p><p type="wh">183, 75</p><p type="color">255, 0, 0</p><p type="colorEdges">102, 255, 102</p><p type="coordinates">640, 2279</p><tags><tag>word</tag></tags></rectangle><rectangle><p type="text">great</p><p type="orientation">0</p><p type="wh">239, 92</p><p type="color">255, 0, 0</p><p type="colorEdges">102, 255, 102</p><p type="coordinates">803, 2294</p><tags><tag>word</tag></tags></rectangle><rectangle><p type="text">expence</p><p type="orientation">0</p><p type="wh">300, 79</p><p type="color">255, 0, 0</p><p type="colorEdges">102, 255, 102</p><p type="coordinates">1055, 2307</p><tags><tag>word</tag></tags></rectangle><rectangle><p type="text">trouble</p><p type="orientation">0</p><p type="wh">267, 64</p><p type="color">255, 0, 0</p><p type="colorEdges">102, 255, 102</p><p type="coordinates">1380, 2294</p><tags><tag>word</tag></tags></rectangle><rectangle><p type="text">and</p><p type="orientation">0</p><p type="wh">131, 51</p><p type="color">255, 0, 0</p><p type="colorEdges">102, 255, 102</p><p type="coordinates">1651, 2303</p><tags><tag>word</tag></tags></rectangle><rectangle><p type="text">inconve</p><p type="orientation">0</p><p type="wh">262, 71</p><p type="color">255, 0, 0</p><p type="colorEdges">102, 255, 102</p><p type="coordinates">1780, 2283</p><tags><tag>word</tag></tags></rectangle><rectangle><p type="text">niency</p><p type="orientation">0</p><p type="wh">243, 99</p><p type="color">255, 0, 0</p><p type="colorEdges">102, 255, 102</p><p type="coordinates">320, 2374</p><tags><tag>word</tag></tags></rectangle><rectangle><p type="text">this</p><p type="orientation">0</p><p type="wh">146, 79</p><p type="color">255, 0, 0</p><p type="colorEdges">102, 255, 102</p><p type="coordinates">600, 2359</p><tags><tag>word</tag></tags></rectangle><rectangle><p type="text">i</p><p type="orientation">0</p><p type="wh">79, 75</p><p type="color">255, 0, 0</p><p type="colorEdges">102, 255, 102</p><p type="coordinates">771, 2363</p><tags><tag>word</tag></tags></rectangle><rectangle><p type="text">represented</p><p type="orientation">0</p><p type="wh">431, 87</p><p type="color">255, 0, 0</p><p type="colorEdges">102, 255, 102</p><p type="coordinates">843, 2379</p><tags><tag>word</tag></tags></rectangle><rectangle><p type="text">to</p><p type="orientation">0</p><p type="wh">68, 58</p><p type="color">255, 0, 0</p><p type="colorEdges">102, 255, 102</p><p type="coordinates">1283, 2383</p><tags><tag>word</tag></tags></rectangle><rectangle><p type="text">colonel</p><p type="orientation">0</p><p type="wh">298, 79</p><p type="color">255, 0, 0</p><p type="colorEdges">102, 255, 102</p><p type="coordinates">1380, 2366</p><tags><tag>word</tag></tags></rectangle><rectangle><p type="text">corbin</p><p type="orientation">0</p><p type="wh">235, 75</p><p type="color">255, 0, 0</p><p type="colorEdges">102, 255, 102</p><p type="coordinates">1687, 2379</p><tags><tag>word</tag></tags></rectangle><rectangle><p type="text">and</p><p type="orientation">0</p><p type="wh">115, 59</p><p type="color">255, 0, 0</p><p type="colorEdges">102, 255, 102</p><p type="coordinates">1915, 2390</p><tags><tag>word</tag></tags></rectangle><rectangle><p type="text">some</p><p type="orientation">0</p><p type="wh">194, 46</p><p type="color">255, 0, 0</p><p type="colorEdges">102, 255, 102</p><p type="coordinates">320, 2479</p><tags><tag>word</tag></tags></rectangle><rectangle><p type="text">other</p><p type="orientation">0</p><p type="wh">187, 86</p><p type="color">255, 0, 0</p><p type="colorEdges">102, 255, 102</p><p type="coordinates">532, 2439</p><tags><tag>word</tag></tags></rectangle><rectangle><p type="text">gentlemen</p><p type="orientation">0</p><p type="wh">454, 116</p><p type="color">255, 0, 0</p><p type="colorEdges">102, 255, 102</p><p type="coordinates">712, 2450</p><tags><tag>word</tag></tags></rectangle><rectangle><p type="text">of</p><p type="orientation">0</p><p type="wh">107, 94</p><p type="color">255, 0, 0</p><p type="colorEdges">102, 255, 102</p><p type="coordinates">1195, 2459</p><tags><tag>word</tag></tags></rectangle><rectangle><p type="text">the</p><p type="orientation">0</p><p type="wh">128, 79</p><p type="color">255, 0, 0</p><p type="colorEdges">102, 255, 102</p><p type="coordinates">1295, 2459</p><tags><tag>word</tag></tags></rectangle><rectangle><p type="text">council</p><p type="orientation">0</p><p type="wh">314, 60</p><p type="color">255, 0, 0</p><p type="colorEdges">102, 255, 102</p><p type="coordinates">1452, 2474</p><tags><tag>word</tag></tags></rectangle><rectangle><p type="text">when</p><p type="orientation">0</p><p type="wh">183, 67</p><p type="color">255, 0, 0</p><p type="colorEdges">102, 255, 102</p><p type="coordinates">1768, 2474</p><tags><tag>word</tag></tags></rectangle><rectangle><p type="text">i</p><p type="orientation">0</p><p type="wh">75, 83</p><p type="color">255, 0, 0</p><p type="colorEdges">102, 255, 102</p><p type="coordinates">1960, 2455</p><tags><tag>word</tag></tags></rectangle><rectangle><p type="text">was</p><p type="orientation">0</p><p type="wh">138, 51</p><p type="color">255, 0, 0</p><p type="colorEdges">102, 255, 102</p><p type="coordinates">324, 2559</p><tags><tag>word</tag></tags></rectangle><rectangle><p type="text">down</p><p type="orientation">0</p><p type="wh">215, 60</p><p type="color">255, 0, 0</p><p type="colorEdges">102, 255, 102</p><p type="coordinates">475, 2546</p><tags><tag>word</tag></tags></rectangle><rectangle><p type="text">who</p><p type="orientation">0</p><p type="wh">160, 79</p><p type="color">255, 0, 0</p><p type="colorEdges">102, 255, 102</p><p type="coordinates">767, 2535</p><tags><tag>word</tag></tags></rectangle><rectangle><p type="text">said</p><p type="orientation">0</p><p type="wh">210, 71</p><p type="color">255, 0, 0</p><p type="colorEdges">102, 255, 102</p><p type="coordinates">952, 2546</p><tags><tag>word</tag></tags></rectangle><rectangle><p type="text">that</p><p type="orientation">0</p><p type="wh">179, 78</p><p type="color">255, 0, 0</p><p type="colorEdges">102, 255, 102</p><p type="coordinates">1168, 2539</p><tags><tag>word</tag></tags></rectangle><rectangle><p type="text">that</p><p type="orientation">0</p><p type="wh">203, 83</p><p type="color">255, 0, 0</p><p type="colorEdges">102, 255, 102</p><p type="coordinates">1344, 2542</p><tags><tag>word</tag></tags></rectangle><rectangle><p type="text">objection</p><p type="orientation">0</p><p type="wh">340, 103</p><p type="color">255, 0, 0</p><p type="colorEdges">102, 255, 102</p><p type="coordinates">1559, 2546</p><tags><tag>word</tag></tags></rectangle><rectangle><p type="text">to</p><p type="orientation">0</p><p type="wh">84, 59</p><p type="color">255, 0, 0</p><p type="colorEdges">102, 255, 102</p><p type="coordinates">1915, 2555</p><tags><tag>word</tag></tags></rectangle><rectangle><p type="text">the</p><p type="orientation">0</p><p type="wh">135, 75</p><p type="color">255, 0, 0</p><p type="colorEdges">102, 255, 102</p><p type="coordinates">320, 2618</p><tags><tag>word</tag></tags></rectangle><rectangle><p type="text">bill</p><p type="orientation">0</p><p type="wh">194, 72</p><p type="color">255, 0, 0</p><p type="colorEdges">102, 255, 102</p><p type="coordinates">460, 2618</p><tags><tag>word</tag></tags></rectangle><rectangle><p type="text">would</p><p type="orientation">0</p><p type="wh">304, 62</p><p type="color">255, 0, 0</p><p type="colorEdges">102, 255, 102</p><p type="coordinates">679, 2631</p><tags><tag>word</tag></tags></rectangle><rectangle><p type="text">be</p><p type="orientation">0</p><p type="wh">110, 71</p><p type="color">255, 0, 0</p><p type="colorEdges">102, 255, 102</p><p type="coordinates">988, 2622</p><tags><tag>word</tag></tags></rectangle><rectangle><p type="text">removed</p><p type="orientation">0</p><p type="wh">366, 66</p><p type="color">255, 0, 0</p><p type="colorEdges">102, 255, 102</p><p type="coordinates">1116, 2631</p><tags><tag>word</tag></tags></rectangle><rectangle><p type="text">by</p><p type="orientation">0</p><p type="wh">111, 116</p><p type="color">255, 0, 0</p><p type="colorEdges">102, 255, 102</p><p type="coordinates">1500, 2622</p><tags><tag>word</tag></tags></rectangle><rectangle><p type="text">your</p><p type="orientation">0</p><p type="wh">191, 70</p><p type="color">255, 0, 0</p><p type="colorEdges">102, 255, 102</p><p type="coordinates">1611, 2655</p><tags><tag>word</tag></tags></rectangle><rectangle><p type="text">hon</p><p type="orientation">0</p><p type="wh">207, 79</p><p type="color">255, 0, 0</p><p type="colorEdges">102, 255, 102</p><p type="coordinates">1823, 2618</p><tags><tag>word</tag></tags></rectangle><rectangle><p type="text">ours</p><p type="orientation">0</p><p type="wh">147, 51</p><p type="color">255, 0, 0</p><p type="colorEdges">102, 255, 102</p><p type="coordinates">324, 2726</p><tags><tag>word</tag></tags></rectangle><rectangle><p type="text">giving</p><p type="orientation">0</p><p type="wh">288, 124</p><p type="color">255, 0, 0</p><p type="colorEdges">102, 255, 102</p><p type="coordinates">467, 2694</p><tags><tag>word</tag></tags></rectangle><rectangle><p type="text">blank</p><p type="orientation">0</p><p type="wh">311, 75</p><p type="color">255, 0, 0</p><p type="colorEdges">102, 255, 102</p><p type="coordinates">787, 2702</p><tags><tag>word</tag></tags></rectangle><rectangle><p type="text">warrants</p><p type="orientation">0</p><p type="wh">375, 84</p><p type="color">255, 0, 0</p><p type="colorEdges">102, 255, 102</p><p type="coordinates">1103, 2702</p><tags><tag>word</tag></tags></rectangle><rectangle><p type="text">to</p><p type="orientation">0</p><p type="wh">95, 64</p><p type="color">255, 0, 0</p><p type="colorEdges">102, 255, 102</p><p type="coordinates">1500, 2722</p><tags><tag>word</tag></tags></rectangle><rectangle><p type="text">be</p><p type="orientation">0</p><p type="wh">104, 75</p><p type="color">255, 0, 0</p><p type="colorEdges">102, 255, 102</p><p type="coordinates">1599, 2711</p><tags><tag>word</tag></tags></rectangle><rectangle><p type="text">filled</p><p type="orientation">0</p><p type="wh">246, 99</p><p type="color">255, 0, 0</p><p type="colorEdges">102, 255, 102</p><p type="coordinates">1696, 2707</p><tags><tag>word</tag></tags></rectangle><rectangle><p type="text">up</p><p type="orientation">0</p><p type="wh">95, 71</p><p type="color">255, 0, 0</p><p type="colorEdges">102, 255, 102</p><p type="coordinates">1931, 2735</p><tags><tag>word</tag></tags></rectangle><rectangle><p type="text">as</p><p type="orientation">0</p><p type="wh">79, 51</p><p type="color">255, 0, 0</p><p type="colorEdges">102, 255, 102</p><p type="coordinates">324, 2815</p><tags><tag>word</tag></tags></rectangle><rectangle><p type="text">occasion</p><p type="orientation">0</p><p type="wh">315, 68</p><p type="color">255, 0, 0</p><p type="colorEdges">102, 255, 102</p><p type="coordinates">424, 2794</p><tags><tag>word</tag></tags></rectangle><rectangle><p type="text">should</p><p type="orientation">0</p><p type="wh">328, 83</p><p type="color">255, 0, 0</p><p type="colorEdges">102, 255, 102</p><p type="coordinates">755, 2783</p><tags><tag>word</tag></tags></rectangle><rectangle><p type="text">require</p><p type="orientation">0</p><p type="wh">287, 106</p><p type="color">255, 0, 0</p><p type="colorEdges">102, 255, 102</p><p type="coordinates">1080, 2791</p><tags><tag>word</tag></tags></rectangle><rectangle><p type="text">this</p><p type="orientation">0</p><p type="wh">167, 75</p><p type="color">255, 0, 0</p><p type="colorEdges">102, 255, 102</p><p type="coordinates">1399, 2798</p><tags><tag>word</tag></tags></rectangle><rectangle><p type="text">would</p><p type="orientation">0</p><p type="wh">278, 62</p><p type="color">255, 0, 0</p><p type="colorEdges">102, 255, 102</p><p type="coordinates">1572, 2815</p><tags><tag>word</tag></tags></rectangle><rectangle><p type="text">effec</p><p type="orientation">0</p><p type="wh">183, 83</p><p type="color">255, 0, 0</p><p type="colorEdges">102, 255, 102</p><p type="coordinates">1852, 2807</p><tags><tag>word</tag></tags></rectangle><rectangle><p type="text">tually</p><p type="orientation">0</p><p type="wh">219, 99</p><p type="color">255, 0, 0</p><p type="colorEdges">102, 255, 102</p><p type="coordinates">327, 2874</p><tags><tag>word</tag></tags></rectangle><rectangle><p type="text">remedy</p><p type="orientation">0</p><p type="wh">291, 108</p><p type="color">255, 0, 0</p><p type="colorEdges">102, 255, 102</p><p type="coordinates">552, 2878</p><tags><tag>word</tag></tags></rectangle><rectangle><p type="text">all</p><p type="orientation">0</p><p type="wh">147, 62</p><p type="color">255, 0, 0</p><p type="colorEdges">102, 255, 102</p><p type="coordinates">859, 2891</p><tags><tag>word</tag></tags></rectangle><rectangle><p type="text">those</p><p type="orientation">0</p><p type="wh">219, 84</p><p type="color">255, 0, 0</p><p type="colorEdges">102, 255, 102</p><p type="coordinates">1008, 2874</p><tags><tag>word</tag></tags></rectangle><rectangle><p type="text">evils</p><p type="orientation">0</p><p type="wh">199, 75</p><p type="color">255, 0, 0</p><p type="colorEdges">102, 255, 102</p><p type="coordinates">1247, 2887</p><tags><tag>word</tag></tags></rectangle><rectangle><p type="text">and</p><p type="orientation">0</p><p type="wh">167, 55</p><p type="color">255, 0, 0</p><p type="colorEdges">102, 255, 102</p><p type="coordinates">1484, 2907</p><tags><tag>word</tag></tags></rectangle><rectangle><p type="text">put</p><p type="orientation">0</p><p type="wh">179, 88</p><p type="color">255, 0, 0</p><p type="colorEdges">102, 255, 102</p><p type="coordinates">1644, 2894</p><tags><tag>word</tag></tags></rectangle><rectangle><p type="text">things</p><p type="orientation">0</p><p type="wh">191, 96</p><p type="color">255, 0, 0</p><p type="colorEdges">102, 255, 102</p><p type="coordinates">1823, 2894</p><tags><tag>word</tag></tags></rectangle><rectangle><p type="text">in</p><p type="orientation">0</p><p type="wh">83, 70</p><p type="color">255, 0, 0</p><p type="colorEdges">102, 255, 102</p><p type="coordinates">327, 2959</p><tags><tag>word</tag></tags></rectangle><rectangle><p type="text">their</p><p type="orientation">0</p><p type="wh">186, 75</p><p type="color">255, 0, 0</p><p type="colorEdges">102, 255, 102</p><p type="coordinates">448, 2959</p><tags><tag>word</tag></tags></rectangle><rectangle><p type="text">proper</p><p type="orientation">0</p><p type="wh">243, 75</p><p type="color">255, 0, 0</p><p type="colorEdges">102, 255, 102</p><p type="coordinates">636, 2978</p><tags><tag>word</tag></tags></rectangle><rectangle><p type="text">channel</p><p type="orientation">0</p><p type="wh">347, 75</p><p type="color">255, 0, 0</p><p type="colorEdges">102, 255, 102</p><p type="coordinates">907, 2963</p><tags><tag>word</tag></tags></rectangle><rectangle><p type="text">we</p><p type="orientation">0</p><p type="wh">115, 86</p><p type="color">255, 0, 0</p><p type="colorEdges">102, 255, 102</p><p type="coordinates">812, 3039</p><tags><tag>word</tag></tags></rectangle><rectangle><p type="text">suffer</p><p type="orientation">0</p><p type="wh">242, 99</p><p type="color">255, 0, 0</p><p type="colorEdges">102, 255, 102</p><p type="coordinates">940, 3050</p><tags><tag>word</tag></tags></rectangle><rectangle><p type="text">greatly</p><p type="orientation">0</p><p type="wh">284, 99</p><p type="color">255, 0, 0</p><p type="colorEdges">102, 255, 102</p><p type="coordinates">1191, 3054</p><tags><tag>word</tag></tags></rectangle><rectangle><p type="text">for</p><p type="orientation">0</p><p type="wh">115, 99</p><p type="color">255, 0, 0</p><p type="colorEdges">102, 255, 102</p><p type="coordinates">1468, 3059</p><tags><tag>word</tag></tags></rectangle><rectangle><p type="text">want</p><p type="orientation">0</p><p type="wh">206, 60</p><p type="color">255, 0, 0</p><p type="colorEdges">102, 255, 102</p><p type="coordinates">1608, 3078</p><tags><tag>word</tag></tags></rectangle><rectangle><p type="text">of</p><p type="orientation">0</p><p type="wh">90, 99</p><p type="color">255, 0, 0</p><p type="colorEdges">102, 255, 102</p><p type="coordinates">1816, 3063</p><tags><tag>word</tag></tags></rectangle><rectangle><p type="text">ket</p><p type="orientation">0</p><p type="wh">151, 60</p><p type="color">255, 0, 0</p><p type="colorEdges">102, 255, 102</p><p type="coordinates">1879, 3078</p><tags><tag>word</tag></tags></rectangle></rectangle></content></data>