<?xml version='1.0' encoding='utf-8'?>
<data descr="TU Dortmund, LSXII Informatik, patrec, Image Annotation." ver="2016-10-15 v0.1.2"><content><rectangle><p type="text" /><rectangle><p type="text">302</p><p type="orientation">0</p><p type="wh">131, 72</p><p type="color">255, 0, 0</p><p type="colorEdges">102, 255, 102</p><p type="coordinates">99, 142</p><tags><tag>word</tag></tags></rectangle><rectangle><p type="text">letters</p><p type="orientation">0</p><p type="wh">274, 111</p><p type="color">255, 0, 0</p><p type="colorEdges">102, 255, 102</p><p type="coordinates">272, 111</p><tags><tag>word</tag></tags></rectangle><rectangle><p type="text">orders</p><p type="orientation">0</p><p type="wh">243, 80</p><p type="color">255, 0, 0</p><p type="colorEdges">102, 255, 102</p><p type="coordinates">564, 142</p><tags><tag>word</tag></tags></rectangle><rectangle><p type="text">and</p><p type="orientation">0</p><p type="wh">184, 72</p><p type="color">255, 0, 0</p><p type="colorEdges">102, 255, 102</p><p type="coordinates">819, 146</p><tags><tag>word</tag></tags></rectangle><rectangle><p type="text">instructions</p><p type="orientation">0</p><p type="wh">532, 99</p><p type="color">255, 0, 0</p><p type="colorEdges">102, 255, 102</p><p type="coordinates">999, 135</p><tags><tag>word</tag></tags></rectangle><rectangle><p type="text">december</p><p type="orientation">0</p><p type="wh">320, 95</p><p type="color">255, 0, 0</p><p type="colorEdges">102, 255, 102</p><p type="coordinates">1543, 131</p><tags><tag>word</tag></tags></rectangle><rectangle><p type="text">1755</p><p type="orientation">0</p><p type="wh">119, 60</p><p type="color">255, 0, 0</p><p type="colorEdges">102, 255, 102</p><p type="coordinates">1859, 170</p><tags><tag>word</tag></tags></rectangle><rectangle><p type="text">kettles</p><p type="orientation">0</p><p type="wh">230, 79</p><p type="color">255, 0, 0</p><p type="colorEdges">102, 255, 102</p><p type="coordinates">268, 311</p><tags><tag>word</tag></tags></rectangle><rectangle><p type="text">those</p><p type="orientation">0</p><p type="wh">203, 71</p><p type="color">255, 0, 0</p><p type="colorEdges">102, 255, 102</p><p type="coordinates">532, 319</p><tags><tag>word</tag></tags></rectangle><rectangle><p type="text">sent</p><p type="orientation">0</p><p type="wh">183, 59</p><p type="color">255, 0, 0</p><p type="colorEdges">102, 255, 102</p><p type="coordinates">735, 335</p><tags><tag>word</tag></tags></rectangle><rectangle><p type="text">from</p><p type="orientation">0</p><p type="wh">192, 86</p><p type="color">255, 0, 0</p><p type="colorEdges">102, 255, 102</p><p type="coordinates">911, 323</p><tags><tag>word</tag></tags></rectangle><rectangle><p type="text">below</p><p type="orientation">0</p><p type="wh">190, 72</p><p type="color">255, 0, 0</p><p type="colorEdges">102, 255, 102</p><p type="coordinates">1100, 326</p><tags><tag>word</tag></tags></rectangle><rectangle><p type="text">being</p><p type="orientation">0</p><p type="wh">203, 98</p><p type="color">255, 0, 0</p><p type="colorEdges">102, 255, 102</p><p type="coordinates">1292, 323</p><tags><tag>word</tag></tags></rectangle><rectangle><p type="text">tin</p><p type="orientation">0</p><p type="wh">134, 63</p><p type="color">255, 0, 0</p><p type="colorEdges">102, 255, 102</p><p type="coordinates">1504, 331</p><tags><tag>word</tag></tags></rectangle><rectangle><p type="text">are</p><p type="orientation">0</p><p type="wh">115, 39</p><p type="color">255, 0, 0</p><p type="colorEdges">102, 255, 102</p><p type="coordinates">1656, 359</p><tags><tag>word</tag></tags></rectangle><rectangle><p type="text">of</p><p type="orientation">0</p><p type="wh">75, 71</p><p type="color">255, 0, 0</p><p type="colorEdges">102, 255, 102</p><p type="coordinates">1768, 342</p><tags><tag>word</tag></tags></rectangle><rectangle><p type="text">small</p><p type="orientation">0</p><p type="wh">259, 63</p><p type="color">255, 0, 0</p><p type="colorEdges">102, 255, 102</p><p type="coordinates">259, 415</p><tags><tag>word</tag></tags></rectangle><rectangle><p type="text">duration</p><p type="orientation">0</p><p type="wh">339, 71</p><p type="color">255, 0, 0</p><p type="colorEdges">102, 255, 102</p><p type="coordinates">516, 407</p><tags><tag>word</tag></tags></rectangle><rectangle><p type="text">we</p><p type="orientation">0</p><p type="wh">98, 75</p><p type="color">255, 0, 0</p><p type="colorEdges">102, 255, 102</p><p type="coordinates">888, 407</p><tags><tag>word</tag></tags></rectangle><rectangle><p type="text">shall</p><p type="orientation">0</p><p type="wh">199, 71</p><p type="color">255, 0, 0</p><p type="colorEdges">102, 255, 102</p><p type="coordinates">992, 411</p><tags><tag>word</tag></tags></rectangle><rectangle><p type="text">also</p><p type="orientation">0</p><p type="wh">127, 56</p><p type="color">255, 0, 0</p><p type="colorEdges">102, 255, 102</p><p type="coordinates">1204, 422</p><tags><tag>word</tag></tags></rectangle><rectangle><p type="text">in</p><p type="orientation">0</p><p type="wh">70, 56</p><p type="color">255, 0, 0</p><p type="colorEdges">102, 255, 102</p><p type="coordinates">1340, 426</p><tags><tag>word</tag></tags></rectangle><rectangle><p type="text">a</p><p type="orientation">0</p><p type="wh">68, 39</p><p type="color">255, 0, 0</p><p type="colorEdges">102, 255, 102</p><p type="coordinates">1423, 443</p><tags><tag>word</tag></tags></rectangle><rectangle><p type="text">little</p><p type="orientation">0</p><p type="wh">171, 67</p><p type="color">255, 0, 0</p><p type="colorEdges">102, 255, 102</p><p type="coordinates">1491, 415</p><tags><tag>word</tag></tags></rectangle><rectangle><p type="text">time</p><p type="orientation">0</p><p type="wh">147, 56</p><p type="color">255, 0, 0</p><p type="colorEdges">102, 255, 102</p><p type="coordinates">1660, 426</p><tags><tag>word</tag></tags></rectangle><rectangle><p type="text">suffer</p><p type="orientation">0</p><p type="wh">226, 90</p><p type="color">255, 0, 0</p><p type="colorEdges">102, 255, 102</p><p type="coordinates">256, 487</p><tags><tag>word</tag></tags></rectangle><rectangle><p type="text">as</p><p type="orientation">0</p><p type="wh">83, 48</p><p type="color">255, 0, 0</p><p type="colorEdges">102, 255, 102</p><p type="coordinates">503, 518</p><tags><tag>word</tag></tags></rectangle><rectangle><p type="text">much</p><p type="orientation">0</p><p type="wh">262, 67</p><p type="color">255, 0, 0</p><p type="colorEdges">102, 255, 102</p><p type="coordinates">588, 495</p><tags><tag>word</tag></tags></rectangle><rectangle><p type="text">for</p><p type="orientation">0</p><p type="wh">115, 86</p><p type="color">255, 0, 0</p><p type="colorEdges">102, 255, 102</p><p type="coordinates">848, 499</p><tags><tag>word</tag></tags></rectangle><rectangle><p type="text">want</p><p type="orientation">0</p><p type="wh">203, 56</p><p type="color">255, 0, 0</p><p type="colorEdges">102, 255, 102</p><p type="coordinates">976, 506</p><tags><tag>word</tag></tags></rectangle><rectangle><p type="text">of</p><p type="orientation">0</p><p type="wh">106, 79</p><p type="color">255, 0, 0</p><p type="colorEdges">102, 255, 102</p><p type="coordinates">1200, 502</p><tags><tag>word</tag></tags></rectangle><rectangle><p type="text">clothing</p><p type="orientation">0</p><p type="wh">310, 98</p><p type="color">255, 0, 0</p><p type="colorEdges">102, 255, 102</p><p type="coordinates">1292, 491</p><tags><tag>word</tag></tags></rectangle><rectangle><p type="text">one</p><p type="orientation">0</p><p type="wh">228, 52</p><p type="color">255, 0, 0</p><p type="colorEdges">102, 255, 102</p><p type="coordinates">1631, 514</p><tags><tag>word</tag></tags></rectangle><rectangle><p type="text">can</p><p type="orientation">0</p><p type="wh">150, 56</p><p type="color">255, 0, 0</p><p type="colorEdges">102, 255, 102</p><p type="coordinates">256, 590</p><tags><tag>word</tag></tags></rectangle><rectangle><p type="text">be</p><p type="orientation">0</p><p type="wh">95, 75</p><p type="color">255, 0, 0</p><p type="colorEdges">102, 255, 102</p><p type="coordinates">419, 571</p><tags><tag>word</tag></tags></rectangle><rectangle><p type="text">got</p><p type="orientation">0</p><p type="wh">167, 94</p><p type="color">255, 0, 0</p><p type="colorEdges">102, 255, 102</p><p type="coordinates">500, 583</p><tags><tag>word</tag></tags></rectangle><rectangle><p type="text">in</p><p type="orientation">0</p><p type="wh">111, 67</p><p type="color">255, 0, 0</p><p type="colorEdges">102, 255, 102</p><p type="coordinates">667, 583</p><tags><tag>word</tag></tags></rectangle><rectangle><p type="text">these</p><p type="orientation">0</p><p type="wh">214, 75</p><p type="color">255, 0, 0</p><p type="colorEdges">102, 255, 102</p><p type="coordinates">776, 571</p><tags><tag>word</tag></tags></rectangle><rectangle><p type="text">parts</p><p type="orientation">0</p><p type="wh">208, 83</p><p type="color">255, 0, 0</p><p type="colorEdges">102, 255, 102</p><p type="coordinates">983, 586</p><tags><tag>word</tag></tags></rectangle><rectangle><p type="text">those</p><p type="orientation">0</p><p type="wh">208, 71</p><p type="color">255, 0, 0</p><p type="colorEdges">102, 255, 102</p><p type="coordinates">1227, 579</p><tags><tag>word</tag></tags></rectangle><rectangle><p type="text">which</p><p type="orientation">0</p><p type="wh">239, 67</p><p type="color">255, 0, 0</p><p type="colorEdges">102, 255, 102</p><p type="coordinates">1428, 583</p><tags><tag>word</tag></tags></rectangle><rectangle><p type="text">major</p><p type="orientation">0</p><p type="wh">199, 103</p><p type="color">255, 0, 0</p><p type="colorEdges">102, 255, 102</p><p type="coordinates">1667, 579</p><tags><tag>word</tag></tags></rectangle><rectangle><p type="text">carlyle</p><p type="orientation">0</p><p type="wh">300, 124</p><p type="color">255, 0, 0</p><p type="colorEdges">102, 255, 102</p><p type="coordinates">259, 642</p><tags><tag>word</tag></tags></rectangle><rectangle><p type="text">and</p><p type="orientation">0</p><p type="wh">172, 56</p><p type="color">255, 0, 0</p><p type="colorEdges">102, 255, 102</p><p type="coordinates">579, 674</p><tags><tag>word</tag></tags></rectangle><rectangle><p type="text">dalton</p><p type="orientation">0</p><p type="wh">275, 71</p><p type="color">255, 0, 0</p><p type="colorEdges">102, 255, 102</p><p type="coordinates">751, 659</p><tags><tag>word</tag></tags></rectangle><rectangle><p type="text">contracted</p><p type="orientation">0</p><p type="wh">424, 67</p><p type="color">255, 0, 0</p><p type="colorEdges">102, 255, 102</p><p type="coordinates">1047, 667</p><tags><tag>word</tag></tags></rectangle><rectangle><p type="text">to</p><p type="orientation">0</p><p type="wh">70, 60</p><p type="color">255, 0, 0</p><p type="colorEdges">102, 255, 102</p><p type="coordinates">1468, 674</p><tags><tag>word</tag></tags></rectangle><rectangle><p type="text">furnish</p><p type="orientation">0</p><p type="wh">282, 82</p><p type="color">255, 0, 0</p><p type="colorEdges">102, 255, 102</p><p type="coordinates">1532, 667</p><tags><tag>word</tag></tags></rectangle><rectangle><p type="text">we</p><p type="orientation">0</p><p type="wh">114, 44</p><p type="color">255, 0, 0</p><p type="colorEdges">102, 255, 102</p><p type="coordinates">256, 762</p><tags><tag>word</tag></tags></rectangle><rectangle><p type="text">are</p><p type="orientation">0</p><p type="wh">127, 44</p><p type="color">255, 0, 0</p><p type="colorEdges">102, 255, 102</p><p type="coordinates">387, 762</p><tags><tag>word</tag></tags></rectangle><rectangle><p type="text">disappointed</p><p type="orientation">0</p><p type="wh">486, 98</p><p type="color">255, 0, 0</p><p type="colorEdges">102, 255, 102</p><p type="coordinates">536, 743</p><tags><tag>word</tag></tags></rectangle><rectangle><p type="text">off</p><p type="orientation">0</p><p type="wh">111, 86</p><p type="color">255, 0, 0</p><p type="colorEdges">102, 255, 102</p><p type="coordinates">1015, 747</p><tags><tag>word</tag></tags></rectangle><rectangle><p type="text">shoes</p><p type="orientation">0</p><p type="wh">203, 92</p><p type="color">255, 0, 0</p><p type="colorEdges">102, 255, 102</p><p type="coordinates">1164, 730</p><tags><tag>word</tag></tags></rectangle><rectangle><p type="text">and</p><p type="orientation">0</p><p type="wh">190, 64</p><p type="color">255, 0, 0</p><p type="colorEdges">102, 255, 102</p><p type="coordinates">1364, 754</p><tags><tag>word</tag></tags></rectangle><rectangle><p type="text">stockings</p><p type="orientation">0</p><p type="wh">323, 98</p><p type="color">255, 0, 0</p><p type="colorEdges">102, 255, 102</p><p type="coordinates">1556, 743</p><tags><tag>word</tag></tags></rectangle><rectangle><p type="text">we</p><p type="orientation">0</p><p type="wh">110, 48</p><p type="color">255, 0, 0</p><p type="colorEdges">102, 255, 102</p><p type="coordinates">248, 850</p><tags><tag>word</tag></tags></rectangle><rectangle><p type="text">have</p><p type="orientation">0</p><p type="wh">196, 59</p><p type="color">255, 0, 0</p><p type="colorEdges">102, 255, 102</p><p type="coordinates">379, 835</p><tags><tag>word</tag></tags></rectangle><rectangle><p type="text">and</p><p type="orientation">0</p><p type="wh">187, 68</p><p type="color">255, 0, 0</p><p type="colorEdges">102, 255, 102</p><p type="coordinates">591, 838</p><tags><tag>word</tag></tags></rectangle><rectangle><p type="text">can</p><p type="orientation">0</p><p type="wh">168, 43</p><p type="color">255, 0, 0</p><p type="colorEdges">102, 255, 102</p><p type="coordinates">783, 859</p><tags><tag>word</tag></tags></rectangle><rectangle><p type="text">get</p><p type="orientation">0</p><p type="wh">151, 87</p><p type="color">255, 0, 0</p><p type="colorEdges">102, 255, 102</p><p type="coordinates">936, 842</p><tags><tag>word</tag></tags></rectangle><rectangle><p type="text">more</p><p type="orientation">0</p><p type="wh">215, 43</p><p type="color">255, 0, 0</p><p type="colorEdges">102, 255, 102</p><p type="coordinates">1087, 863</p><tags><tag>word</tag></tags></rectangle><rectangle><p type="text">if</p><p type="orientation">0</p><p type="wh">111, 87</p><p type="color">255, 0, 0</p><p type="colorEdges">102, 255, 102</p><p type="coordinates">1315, 838</p><tags><tag>word</tag></tags></rectangle><rectangle><p type="text">wanted</p><p type="orientation">0</p><p type="wh">316, 60</p><p type="color">255, 0, 0</p><p type="colorEdges">102, 255, 102</p><p type="coordinates">1419, 838</p><tags><tag>word</tag></tags></rectangle><rectangle><p type="text">but</p><p type="orientation">0</p><p type="wh">147, 68</p><p type="color">255, 0, 0</p><p type="colorEdges">102, 255, 102</p><p type="coordinates">1732, 838</p><tags><tag>word</tag></tags></rectangle><rectangle><p type="text">nothing</p><p type="orientation">0</p><p type="wh">298, 111</p><p type="color">255, 0, 0</p><p type="colorEdges">102, 255, 102</p><p type="coordinates">256, 898</p><tags><tag>word</tag></tags></rectangle><rectangle><p type="text">else</p><p type="orientation">0</p><p type="wh">163, 71</p><p type="color">255, 0, 0</p><p type="colorEdges">102, 255, 102</p><p type="coordinates">572, 911</p><tags><tag>word</tag></tags></rectangle><rectangle><p type="text">i</p><p type="orientation">0</p><p type="wh">70, 87</p><p type="color">255, 0, 0</p><p type="colorEdges">102, 255, 102</p><p type="coordinates">776, 903</p><tags><tag>word</tag></tags></rectangle><rectangle><p type="text">should</p><p type="orientation">0</p><p type="wh">270, 78</p><p type="color">255, 0, 0</p><p type="colorEdges">102, 255, 102</p><p type="coordinates">828, 915</p><tags><tag>word</tag></tags></rectangle><rectangle><p type="text">be</p><p type="orientation">0</p><p type="wh">103, 75</p><p type="color">255, 0, 0</p><p type="colorEdges">102, 255, 102</p><p type="coordinates">1092, 911</p><tags><tag>word</tag></tags></rectangle><rectangle><p type="text">glad</p><p type="orientation">0</p><p type="wh">230, 87</p><p type="color">255, 0, 0</p><p type="colorEdges">102, 255, 102</p><p type="coordinates">1180, 922</p><tags><tag>word</tag></tags></rectangle><rectangle><p type="text">you</p><p type="orientation">0</p><p type="wh">178, 62</p><p type="color">255, 0, 0</p><p type="colorEdges">102, 255, 102</p><p type="coordinates">1396, 947</p><tags><tag>word</tag></tags></rectangle><rectangle><p type="text">honor</p><p type="orientation">0</p><p type="wh">255, 75</p><p type="color">255, 0, 0</p><p type="colorEdges">102, 255, 102</p><p type="coordinates">1579, 915</p><tags><tag>word</tag></tags></rectangle><rectangle><p type="text">would</p><p type="orientation">0</p><p type="wh">262, 63</p><p type="color">255, 0, 0</p><p type="colorEdges">102, 255, 102</p><p type="coordinates">252, 1003</p><tags><tag>word</tag></tags></rectangle><rectangle><p type="text">direct</p><p type="orientation">0</p><p type="wh">251, 71</p><p type="color">255, 0, 0</p><p type="colorEdges">102, 255, 102</p><p type="coordinates">527, 995</p><tags><tag>word</tag></tags></rectangle><rectangle><p type="text">what</p><p type="orientation">0</p><p type="wh">223, 75</p><p type="color">255, 0, 0</p><p type="colorEdges">102, 255, 102</p><p type="coordinates">780, 995</p><tags><tag>word</tag></tags></rectangle><rectangle><p type="text">is</p><p type="orientation">0</p><p type="wh">71, 60</p><p type="color">255, 0, 0</p><p type="colorEdges">102, 255, 102</p><p type="coordinates">1012, 1006</p><tags><tag>word</tag></tags></rectangle><rectangle><p type="text">to</p><p type="orientation">0</p><p type="wh">83, 64</p><p type="color">255, 0, 0</p><p type="colorEdges">102, 255, 102</p><p type="coordinates">1083, 1006</p><tags><tag>word</tag></tags></rectangle><rectangle><p type="text">be</p><p type="orientation">0</p><p type="wh">82, 63</p><p type="color">255, 0, 0</p><p type="colorEdges">102, 255, 102</p><p type="coordinates">1188, 1003</p><tags><tag>word</tag></tags></rectangle><rectangle><p type="text">done</p><p type="orientation">0</p><p type="wh">162, 60</p><p type="color">255, 0, 0</p><p type="colorEdges">102, 255, 102</p><p type="coordinates">1288, 1014</p><tags><tag>word</tag></tags></rectangle><rectangle><p type="text">in</p><p type="orientation">0</p><p type="wh">86, 63</p><p type="color">255, 0, 0</p><p type="colorEdges">102, 255, 102</p><p type="coordinates">1484, 1014</p><tags><tag>word</tag></tags></rectangle><rectangle><p type="text">these</p><p type="orientation">0</p><p type="wh">172, 75</p><p type="color">255, 0, 0</p><p type="colorEdges">102, 255, 102</p><p type="coordinates">1583, 999</p><tags><tag>word</tag></tags></rectangle><rectangle><p type="text">ca</p><p type="orientation">0</p><p type="wh">115, 60</p><p type="color">255, 0, 0</p><p type="colorEdges">102, 255, 102</p><p type="coordinates">1755, 1006</p><tags><tag>word</tag></tags></rectangle><rectangle><p type="text">ses</p><p type="orientation">0</p><p type="wh">104, 48</p><p type="color">255, 0, 0</p><p type="colorEdges">102, 255, 102</p><p type="coordinates">243, 1094</p><tags><tag>word</tag></tags></rectangle><rectangle><p type="text">and</p><p type="orientation">0</p><p type="wh">194, 63</p><p type="color">255, 0, 0</p><p type="colorEdges">102, 255, 102</p><p type="coordinates">392, 1087</p><tags><tag>word</tag></tags></rectangle><rectangle><p type="text">that</p><p type="orientation">0</p><p type="wh">191, 71</p><p type="color">255, 0, 0</p><p type="colorEdges">102, 255, 102</p><p type="coordinates">584, 1079</p><tags><tag>word</tag></tags></rectangle><rectangle><p type="text">you</p><p type="orientation">0</p><p type="wh">171, 70</p><p type="color">255, 0, 0</p><p type="colorEdges">102, 255, 102</p><p type="coordinates">751, 1111</p><tags><tag>word</tag></tags></rectangle><rectangle><p type="text">would</p><p type="orientation">0</p><p type="wh">268, 64</p><p type="color">255, 0, 0</p><p type="colorEdges">102, 255, 102</p><p type="coordinates">943, 1090</p><tags><tag>word</tag></tags></rectangle><rectangle><p type="text">be</p><p type="orientation">0</p><p type="wh">91, 75</p><p type="color">255, 0, 0</p><p type="colorEdges">102, 255, 102</p><p type="coordinates">1204, 1079</p><tags><tag>word</tag></tags></rectangle><rectangle><p type="text">kind</p><p type="orientation">0</p><p type="wh">207, 82</p><p type="color">255, 0, 0</p><p type="colorEdges">102, 255, 102</p><p type="coordinates">1304, 1079</p><tags><tag>word</tag></tags></rectangle><rectangle><p type="text">enough</p><p type="orientation">0</p><p type="wh">284, 91</p><p type="color">255, 0, 0</p><p type="colorEdges">102, 255, 102</p><p type="coordinates">1507, 1090</p><tags><tag>word</tag></tags></rectangle><rectangle><p type="text">to</p><p type="orientation">0</p><p type="wh">68, 68</p><p type="color">255, 0, 0</p><p type="colorEdges">102, 255, 102</p><p type="coordinates">1775, 1090</p><tags><tag>word</tag></tags></rectangle><rectangle><p type="text">desire</p><p type="orientation">0</p><p type="wh">198, 67</p><p type="color">255, 0, 0</p><p type="colorEdges">102, 255, 102</p><p type="coordinates">248, 1163</p><tags><tag>word</tag></tags></rectangle><rectangle><p type="text">the</p><p type="orientation">0</p><p type="wh">118, 75</p><p type="color">255, 0, 0</p><p type="colorEdges">102, 255, 102</p><p type="coordinates">464, 1159</p><tags><tag>word</tag></tags></rectangle><rectangle><p type="text">treasurer</p><p type="orientation">0</p><p type="wh">338, 83</p><p type="color">255, 0, 0</p><p type="colorEdges">102, 255, 102</p><p type="coordinates">600, 1159</p><tags><tag>word</tag></tags></rectangle><rectangle><p type="text">to</p><p type="orientation">0</p><p type="wh">76, 60</p><p type="color">255, 0, 0</p><p type="colorEdges">102, 255, 102</p><p type="coordinates">959, 1178</p><tags><tag>word</tag></tags></rectangle><rectangle><p type="text">send</p><p type="orientation">0</p><p type="wh">223, 68</p><p type="color">255, 0, 0</p><p type="colorEdges">102, 255, 102</p><p type="coordinates">1047, 1174</p><tags><tag>word</tag></tags></rectangle><rectangle><p type="text">some</p><p type="orientation">0</p><p type="wh">175, 50</p><p type="color">255, 0, 0</p><p type="colorEdges">102, 255, 102</p><p type="coordinates">1268, 1195</p><tags><tag>word</tag></tags></rectangle><rectangle><p type="text">part</p><p type="orientation">0</p><p type="wh">206, 71</p><p type="color">255, 0, 0</p><p type="colorEdges">102, 255, 102</p><p type="coordinates">1432, 1186</p><tags><tag>word</tag></tags></rectangle><rectangle><p type="text">of</p><p type="orientation">0</p><p type="wh">83, 71</p><p type="color">255, 0, 0</p><p type="colorEdges">102, 255, 102</p><p type="coordinates">1640, 1182</p><tags><tag>word</tag></tags></rectangle><rectangle><p type="text">the</p><p type="orientation">0</p><p type="wh">126, 67</p><p type="color">255, 0, 0</p><p type="colorEdges">102, 255, 102</p><p type="coordinates">1712, 1178</p><tags><tag>word</tag></tags></rectangle><rectangle><p type="text">money</p><p type="orientation">0</p><p type="wh">246, 75</p><p type="color">255, 0, 0</p><p type="colorEdges">102, 255, 102</p><p type="coordinates">248, 1266</p><tags><tag>word</tag></tags></rectangle><rectangle><p type="text">in</p><p type="orientation">0</p><p type="wh">94, 71</p><p type="color">255, 0, 0</p><p type="colorEdges">102, 255, 102</p><p type="coordinates">512, 1247</p><tags><tag>word</tag></tags></rectangle><rectangle><p type="text">gold</p><p type="orientation">0</p><p type="wh">232, 92</p><p type="color">255, 0, 0</p><p type="colorEdges">102, 255, 102</p><p type="coordinates">591, 1258</p><tags><tag>word</tag></tags></rectangle><rectangle><p type="text">and</p><p type="orientation">0</p><p type="wh">194, 60</p><p type="color">255, 0, 0</p><p type="colorEdges">102, 255, 102</p><p type="coordinates">812, 1266</p><tags><tag>word</tag></tags></rectangle><rectangle><p type="text">silver</p><p type="orientation">0</p><p type="wh">199, 71</p><p type="color">255, 0, 0</p><p type="colorEdges">102, 255, 102</p><p type="coordinates">1012, 1258</p><tags><tag>word</tag></tags></rectangle><rectangle><p type="text">were</p><p type="orientation">0</p><p type="wh">167, 46</p><p type="color">255, 0, 0</p><p type="colorEdges">102, 255, 102</p><p type="coordinates">1263, 1283</p><tags><tag>word</tag></tags></rectangle><rectangle><p type="text">this</p><p type="orientation">0</p><p type="wh">139, 79</p><p type="color">255, 0, 0</p><p type="colorEdges">102, 255, 102</p><p type="coordinates">1444, 1258</p><tags><tag>word</tag></tags></rectangle><rectangle><p type="text">done</p><p type="orientation">0</p><p type="wh">154, 52</p><p type="color">255, 0, 0</p><p type="colorEdges">102, 255, 102</p><p type="coordinates">1588, 1274</p><tags><tag>word</tag></tags></rectangle><rectangle><p type="text">we</p><p type="orientation">0</p><p type="wh">108, 50</p><p type="color">255, 0, 0</p><p type="colorEdges">102, 255, 102</p><p type="coordinates">1751, 1279</p><tags><tag>word</tag></tags></rectangle><rectangle><p type="text">might</p><p type="orientation">0</p><p type="wh">235, 107</p><p type="color">255, 0, 0</p><p type="colorEdges">102, 255, 102</p><p type="coordinates">252, 1331</p><tags><tag>word</tag></tags></rectangle><rectangle><p type="text">often</p><p type="orientation">0</p><p type="wh">187, 87</p><p type="color">255, 0, 0</p><p type="colorEdges">102, 255, 102</p><p type="coordinates">500, 1338</p><tags><tag>word</tag></tags></rectangle><rectangle><p type="text">get</p><p type="orientation">0</p><p type="wh">151, 92</p><p type="color">255, 0, 0</p><p type="colorEdges">102, 255, 102</p><p type="coordinates">676, 1346</p><tags><tag>word</tag></tags></rectangle><rectangle><p type="text">necessaries</p><p type="orientation">0</p><p type="wh">394, 107</p><p type="color">255, 0, 0</p><p type="colorEdges">102, 255, 102</p><p type="coordinates">828, 1335</p><tags><tag>word</tag></tags></rectangle><rectangle><p type="text">for</p><p type="orientation">0</p><p type="wh">131, 88</p><p type="color">255, 0, 0</p><p type="colorEdges">102, 255, 102</p><p type="coordinates">1216, 1346</p><tags><tag>word</tag></tags></rectangle><rectangle><p type="text">the</p><p type="orientation">0</p><p type="wh">135, 71</p><p type="color">255, 0, 0</p><p type="colorEdges">102, 255, 102</p><p type="coordinates">1347, 1342</p><tags><tag>word</tag></tags></rectangle><rectangle><p type="text">regiment</p><p type="orientation">0</p><p type="wh">359, 100</p><p type="color">255, 0, 0</p><p type="colorEdges">102, 255, 102</p><p type="coordinates">1495, 1342</p><tags><tag>word</tag></tags></rectangle><rectangle><p type="text">in</p><p type="orientation">0</p><p type="wh">94, 64</p><p type="color">255, 0, 0</p><p type="colorEdges">102, 255, 102</p><p type="coordinates">248, 1426</p><tags><tag>word</tag></tags></rectangle><rectangle><p type="text">maryland</p><p type="orientation">0</p><p type="wh">476, 96</p><p type="color">255, 0, 0</p><p type="colorEdges">102, 255, 102</p><p type="coordinates">351, 1422</p><tags><tag>word</tag></tags></rectangle><rectangle><p type="text">or</p><p type="orientation">0</p><p type="wh">90, 46</p><p type="color">255, 0, 0</p><p type="colorEdges">102, 255, 102</p><p type="coordinates">828, 1455</p><tags><tag>word</tag></tags></rectangle><rectangle><p type="text">pennsylvania</p><p type="orientation">0</p><p type="wh">575, 122</p><p type="color">255, 0, 0</p><p type="colorEdges">102, 255, 102</p><p type="coordinates">943, 1415</p><tags><tag>word</tag></tags></rectangle><rectangle><p type="text">when</p><p type="orientation">0</p><p type="wh">199, 79</p><p type="color">255, 0, 0</p><p type="colorEdges">102, 255, 102</p><p type="coordinates">1527, 1430</p><tags><tag>word</tag></tags></rectangle><rectangle><p type="text">they</p><p type="orientation">0</p><p type="wh">122, 100</p><p type="color">255, 0, 0</p><p type="colorEdges">102, 255, 102</p><p type="coordinates">1728, 1434</p><tags><tag>word</tag></tags></rectangle><rectangle><p type="text">can</p><p type="orientation">0</p><p type="wh">164, 52</p><p type="color">255, 0, 0</p><p type="colorEdges">102, 255, 102</p><p type="coordinates">239, 1522</p><tags><tag>word</tag></tags></rectangle><rectangle><p type="text">not</p><p type="orientation">0</p><p type="wh">151, 60</p><p type="color">255, 0, 0</p><p type="colorEdges">102, 255, 102</p><p type="coordinates">408, 1518</p><tags><tag>word</tag></tags></rectangle><rectangle><p type="text">be</p><p type="orientation">0</p><p type="wh">126, 72</p><p type="color">255, 0, 0</p><p type="colorEdges">102, 255, 102</p><p type="coordinates">568, 1506</p><tags><tag>word</tag></tags></rectangle><rectangle><p type="text">had</p><p type="orientation">0</p><p type="wh">207, 78</p><p type="color">255, 0, 0</p><p type="colorEdges">102, 255, 102</p><p type="coordinates">695, 1503</p><tags><tag>word</tag></tags></rectangle><rectangle><p type="text">here</p><p type="orientation">0</p><p type="wh">176, 79</p><p type="color">255, 0, 0</p><p type="colorEdges">102, 255, 102</p><p type="coordinates">891, 1499</p><tags><tag>word</tag></tags></rectangle><rectangle><p type="text">but</p><p type="orientation">0</p><p type="wh">187, 63</p><p type="color">255, 0, 0</p><p type="colorEdges">102, 255, 102</p><p type="coordinates">1103, 1522</p><tags><tag>word</tag></tags></rectangle><rectangle><p type="text">with</p><p type="orientation">0</p><p type="wh">199, 71</p><p type="color">255, 0, 0</p><p type="colorEdges">102, 255, 102</p><p type="coordinates">1283, 1518</p><tags><tag>word</tag></tags></rectangle><rectangle><p type="text">our</p><p type="orientation">0</p><p type="wh">151, 42</p><p type="color">255, 0, 0</p><p type="colorEdges">102, 255, 102</p><p type="coordinates">1464, 1543</p><tags><tag>word</tag></tags></rectangle><rectangle><p type="text">money</p><p type="orientation">0</p><p type="wh">255, 67</p><p type="color">255, 0, 0</p><p type="colorEdges">102, 255, 102</p><p type="coordinates">1611, 1547</p><tags><tag>word</tag></tags></rectangle><rectangle><p type="text">it</p><p type="orientation">0</p><p type="wh">84, 64</p><p type="color">255, 0, 0</p><p type="colorEdges">102, 255, 102</p><p type="coordinates">243, 1594</p><tags><tag>word</tag></tags></rectangle><rectangle><p type="text">is</p><p type="orientation">0</p><p type="wh">59, 67</p><p type="color">255, 0, 0</p><p type="colorEdges">102, 255, 102</p><p type="coordinates">331, 1598</p><tags><tag>word</tag></tags></rectangle><rectangle><p type="text">is</p><p type="orientation">0</p><p type="wh">58, 71</p><p type="color">255, 0, 0</p><p type="colorEdges">102, 255, 102</p><p type="coordinates">408, 1594</p><tags><tag>word</tag></tags></rectangle><rectangle><p type="text">impossible</p><p type="orientation">0</p><p type="wh">366, 91</p><p type="color">255, 0, 0</p><p type="colorEdges">102, 255, 102</p><p type="coordinates">484, 1590</p><tags><tag>word</tag></tags></rectangle><rectangle><p type="text">our</p><p type="orientation">0</p><p type="wh">158, 50</p><p type="color">255, 0, 0</p><p type="colorEdges">102, 255, 102</p><p type="coordinates">884, 1619</p><tags><tag>word</tag></tags></rectangle><rectangle><p type="text">paper</p><p type="orientation">0</p><p type="wh">246, 94</p><p type="color">255, 0, 0</p><p type="colorEdges">102, 255, 102</p><p type="coordinates">1028, 1611</p><tags><tag>word</tag></tags></rectangle><rectangle><p type="text">not</p><p type="orientation">0</p><p type="wh">159, 58</p><p type="color">255, 0, 0</p><p type="colorEdges">102, 255, 102</p><p type="coordinates">1276, 1619</p><tags><tag>word</tag></tags></rectangle><rectangle><p type="text">passing</p><p type="orientation">0</p><p type="wh">287, 99</p><p type="color">255, 0, 0</p><p type="colorEdges">102, 255, 102</p><p type="coordinates">1423, 1606</p><tags><tag>word</tag></tags></rectangle><rectangle><p type="text">there</p><p type="orientation">0</p><p type="wh">151, 67</p><p type="color">255, 0, 0</p><p type="colorEdges">102, 255, 102</p><p type="coordinates">1699, 1606</p><tags><tag>word</tag></tags></rectangle><rectangle><p type="text">the</p><p type="orientation">0</p><p type="wh">156, 82</p><p type="color">255, 0, 0</p><p type="colorEdges">102, 255, 102</p><p type="coordinates">667, 1667</p><tags><tag>word</tag></tags></rectangle><rectangle><p type="text">recruiting</p><p type="orientation">0</p><p type="wh">370, 88</p><p type="color">255, 0, 0</p><p type="colorEdges">102, 255, 102</p><p type="coordinates">828, 1686</p><tags><tag>word</tag></tags></rectangle><rectangle><p type="text">service</p><p type="orientation">0</p><p type="wh">296, 82</p><p type="color">255, 0, 0</p><p type="colorEdges">102, 255, 102</p><p type="coordinates">1195, 1671</p><tags><tag>word</tag></tags></rectangle><rectangle><p type="text">goes</p><p type="orientation">0</p><p type="wh">164, 67</p><p type="color">255, 0, 0</p><p type="colorEdges">102, 255, 102</p><p type="coordinates">1471, 1715</p><tags><tag>word</tag></tags></rectangle><rectangle><p type="text">on</p><p type="orientation">0</p><p type="wh">104, 50</p><p type="color">255, 0, 0</p><p type="colorEdges">102, 255, 102</p><p type="coordinates">1635, 1715</p><tags><tag>word</tag></tags></rectangle><rectangle><p type="text">ex</p><p type="orientation">0</p><p type="wh">122, 59</p><p type="color">255, 0, 0</p><p type="colorEdges">102, 255, 102</p><p type="coordinates">1744, 1711</p><tags><tag>word</tag></tags></rectangle><rectangle><p type="text">tremely</p><p type="orientation">0</p><p type="wh">246, 100</p><p type="color">255, 0, 0</p><p type="colorEdges">102, 255, 102</p><p type="coordinates">236, 1758</p><tags><tag>word</tag></tags></rectangle><rectangle><p type="text">slow</p><p type="orientation">0</p><p type="wh">183, 78</p><p type="color">255, 0, 0</p><p type="colorEdges">102, 255, 102</p><p type="coordinates">491, 1755</p><tags><tag>word</tag></tags></rectangle><rectangle><p type="text">yesterday</p><p type="orientation">0</p><p type="wh">354, 107</p><p type="color">255, 0, 0</p><p type="colorEdges">102, 255, 102</p><p type="coordinates">688, 1766</p><tags><tag>word</tag></tags></rectangle><rectangle><p type="text">being</p><p type="orientation">0</p><p type="wh">187, 107</p><p type="color">255, 0, 0</p><p type="colorEdges">102, 255, 102</p><p type="coordinates">1044, 1766</p><tags><tag>word</tag></tags></rectangle><rectangle><p type="text">a</p><p type="orientation">0</p><p type="wh">76, 46</p><p type="color">255, 0, 0</p><p type="colorEdges">102, 255, 102</p><p type="coordinates">1243, 1795</p><tags><tag>word</tag></tags></rectangle><rectangle><p type="text">day</p><p type="orientation">0</p><p type="wh">150, 83</p><p type="color">255, 0, 0</p><p type="colorEdges">102, 255, 102</p><p type="coordinates">1328, 1783</p><tags><tag>word</tag></tags></rectangle><rectangle><p type="text">appointed</p><p type="orientation">0</p><p type="wh">358, 79</p><p type="color">255, 0, 0</p><p type="colorEdges">102, 255, 102</p><p type="coordinates">1480, 1787</p><tags><tag>word</tag></tags></rectangle><rectangle><p type="text">for</p><p type="orientation">0</p><p type="wh">108, 103</p><p type="color">255, 0, 0</p><p type="colorEdges">102, 255, 102</p><p type="coordinates">227, 1839</p><tags><tag>word</tag></tags></rectangle><rectangle><p type="text">rendezvousing</p><p type="orientation">0</p><p type="wh">539, 115</p><p type="color">255, 0, 0</p><p type="colorEdges">102, 255, 102</p><p type="coordinates">367, 1839</p><tags><tag>word</tag></tags></rectangle><rectangle><p type="text">at</p><p type="orientation">0</p><p type="wh">115, 58</p><p type="color">255, 0, 0</p><p type="colorEdges">102, 255, 102</p><p type="coordinates">927, 1867</p><tags><tag>word</tag></tags></rectangle><rectangle><p type="text">this</p><p type="orientation">0</p><p type="wh">127, 70</p><p type="color">255, 0, 0</p><p type="colorEdges">102, 255, 102</p><p type="coordinates">1044, 1863</p><tags><tag>word</tag></tags></rectangle><rectangle><p type="text">place</p><p type="orientation">0</p><p type="wh">212, 79</p><p type="color">255, 0, 0</p><p type="colorEdges">102, 255, 102</p><p type="coordinates">1155, 1871</p><tags><tag>word</tag></tags></rectangle><rectangle><p type="text">there</p><p type="orientation">0</p><p type="wh">160, 62</p><p type="color">255, 0, 0</p><p type="colorEdges">102, 255, 102</p><p type="coordinates">1403, 1867</p><tags><tag>word</tag></tags></rectangle><rectangle><p type="text">came</p><p type="orientation">0</p><p type="wh">183, 43</p><p type="color">255, 0, 0</p><p type="colorEdges">102, 255, 102</p><p type="coordinates">1583, 1886</p><tags><tag>word</tag></tags></rectangle><rectangle><p type="text">in</p><p type="orientation">0</p><p type="wh">95, 62</p><p type="color">255, 0, 0</p><p type="colorEdges">102, 255, 102</p><p type="coordinates">1759, 1871</p><tags><tag>word</tag></tags></rectangle><rectangle><p type="text">ten</p><p type="orientation">0</p><p type="wh">122, 63</p><p type="color">255, 0, 0</p><p type="colorEdges">102, 255, 102</p><p type="coordinates">236, 1942</p><tags><tag>word</tag></tags></rectangle><rectangle><p type="text">officers</p><p type="orientation">0</p><p type="wh">223, 88</p><p type="color">255, 0, 0</p><p type="colorEdges">102, 255, 102</p><p type="coordinates">372, 1938</p><tags><tag>word</tag></tags></rectangle><rectangle><p type="text">with</p><p type="orientation">0</p><p type="wh">192, 75</p><p type="color">255, 0, 0</p><p type="colorEdges">102, 255, 102</p><p type="coordinates">615, 1930</p><tags><tag>word</tag></tags></rectangle><rectangle><p type="text">twenty</p><p type="orientation">0</p><p type="wh">239, 94</p><p type="color">255, 0, 0</p><p type="colorEdges">102, 255, 102</p><p type="coordinates">807, 1951</p><tags><tag>word</tag></tags></rectangle><rectangle><p type="text">men</p><p type="orientation">0</p><p type="wh">194, 43</p><p type="color">255, 0, 0</p><p type="colorEdges">102, 255, 102</p><p type="coordinates">1060, 1970</p><tags><tag>word</tag></tags></rectangle><rectangle><p type="text">only</p><p type="orientation">0</p><p type="wh">172, 82</p><p type="color">255, 0, 0</p><p type="colorEdges">102, 255, 102</p><p type="coordinates">1263, 1959</p><tags><tag>word</tag></tags></rectangle><rectangle><p type="text">if</p><p type="orientation">0</p><p type="wh">126, 108</p><p type="color">255, 0, 0</p><p type="colorEdges">102, 255, 102</p><p type="coordinates">1480, 1930</p><tags><tag>word</tag></tags></rectangle><rectangle><p type="text">i</p><p type="orientation">0</p><p type="wh">83, 75</p><p type="color">255, 0, 0</p><p type="colorEdges">102, 255, 102</p><p type="coordinates">1588, 1942</p><tags><tag>word</tag></tags></rectangle><rectangle><p type="text">had</p><p type="orientation">0</p><p type="wh">167, 75</p><p type="color">255, 0, 0</p><p type="colorEdges">102, 255, 102</p><p type="coordinates">1656, 1942</p><tags><tag>word</tag></tags></rectangle><rectangle><p type="text">any</p><p type="orientation">0</p><p type="wh">147, 75</p><p type="color">255, 0, 0</p><p type="colorEdges">102, 255, 102</p><p type="coordinates">227, 2043</p><tags><tag>word</tag></tags></rectangle><rectangle><p type="text">other</p><p type="orientation">0</p><p type="wh">183, 75</p><p type="color">255, 0, 0</p><p type="colorEdges">102, 255, 102</p><p type="coordinates">396, 2014</p><tags><tag>word</tag></tags></rectangle><rectangle><p type="text">than</p><p type="orientation">0</p><p type="wh">180, 75</p><p type="color">255, 0, 0</p><p type="colorEdges">102, 255, 102</p><p type="coordinates">595, 2018</p><tags><tag>word</tag></tags></rectangle><rectangle><p type="text">paper</p><p type="orientation">0</p><p type="wh">230, 79</p><p type="color">255, 0, 0</p><p type="colorEdges">102, 255, 102</p><p type="coordinates">776, 2043</p><tags><tag>word</tag></tags></rectangle><rectangle><p type="text">money</p><p type="orientation">0</p><p type="wh">268, 75</p><p type="color">255, 0, 0</p><p type="colorEdges">102, 255, 102</p><p type="coordinates">1015, 2050</p><tags><tag>word</tag></tags></rectangle><rectangle><p type="text">and</p><p type="orientation">0</p><p type="wh">167, 55</p><p type="color">255, 0, 0</p><p type="colorEdges">102, 255, 102</p><p type="coordinates">1319, 2047</p><tags><tag>word</tag></tags></rectangle><rectangle><p type="text">you</p><p type="orientation">0</p><p type="wh">151, 67</p><p type="color">255, 0, 0</p><p type="colorEdges">102, 255, 102</p><p type="coordinates">1484, 2058</p><tags><tag>word</tag></tags></rectangle><rectangle><p type="text">appro</p><p type="orientation">0</p><p type="wh">214, 71</p><p type="color">255, 0, 0</p><p type="colorEdges">102, 255, 102</p><p type="coordinates">1640, 2054</p><tags><tag>word</tag></tags></rectangle><rectangle><p type="text">ved</p><p type="orientation">0</p><p type="wh">162, 59</p><p type="color">255, 0, 0</p><p type="colorEdges">102, 255, 102</p><p type="coordinates">232, 2110</p><tags><tag>word</tag></tags></rectangle><rectangle><p type="text">of</p><p type="orientation">0</p><p type="wh">99, 100</p><p type="color">255, 0, 0</p><p type="colorEdges">102, 255, 102</p><p type="coordinates">408, 2098</p><tags><tag>word</tag></tags></rectangle><rectangle><p type="text">it</p><p type="orientation">0</p><p type="wh">74, 67</p><p type="color">255, 0, 0</p><p type="colorEdges">102, 255, 102</p><p type="coordinates">496, 2102</p><tags><tag>word</tag></tags></rectangle><rectangle><p type="text">i</p><p type="orientation">0</p><p type="wh">91, 94</p><p type="color">255, 0, 0</p><p type="colorEdges">102, 255, 102</p><p type="coordinates">615, 2083</p><tags><tag>word</tag></tags></rectangle><rectangle><p type="text">would</p><p type="orientation">0</p><p type="wh">270, 58</p><p type="color">255, 0, 0</p><p type="colorEdges">102, 255, 102</p><p type="coordinates">688, 2115</p><tags><tag>word</tag></tags></rectangle><rectangle><p type="text">send</p><p type="orientation">0</p><p type="wh">219, 58</p><p type="color">255, 0, 0</p><p type="colorEdges">102, 255, 102</p><p type="coordinates">976, 2123</p><tags><tag>word</tag></tags></rectangle><rectangle><p type="text">to</p><p type="orientation">0</p><p type="wh">68, 58</p><p type="color">255, 0, 0</p><p type="colorEdges">102, 255, 102</p><p type="coordinates">1195, 2123</p><tags><tag>word</tag></tags></rectangle><rectangle><p type="text">pennsylvania</p><p type="orientation">0</p><p type="wh">560, 107</p><p type="color">255, 0, 0</p><p type="colorEdges">102, 255, 102</p><p type="coordinates">1283, 2110</p><tags><tag>word</tag></tags></rectangle><rectangle><p type="text">and</p><p type="orientation">0</p><p type="wh">147, 54</p><p type="color">255, 0, 0</p><p type="colorEdges">102, 255, 102</p><p type="coordinates">227, 2203</p><tags><tag>word</tag></tags></rectangle><rectangle><p type="text">the</p><p type="orientation">0</p><p type="wh">126, 63</p><p type="color">255, 0, 0</p><p type="colorEdges">102, 255, 102</p><p type="coordinates">392, 2190</p><tags><tag>word</tag></tags></rectangle><rectangle><p type="text">borders</p><p type="orientation">0</p><p type="wh">304, 79</p><p type="color">255, 0, 0</p><p type="colorEdges">102, 255, 102</p><p type="coordinates">523, 2186</p><tags><tag>word</tag></tags></rectangle><rectangle><p type="text">of</p><p type="orientation">0</p><p type="wh">111, 91</p><p type="color">255, 0, 0</p><p type="colorEdges">102, 255, 102</p><p type="coordinates">843, 2199</p><tags><tag>word</tag></tags></rectangle><rectangle><p type="text">carolina</p><p type="orientation">0</p><p type="wh">407, 84</p><p type="color">255, 0, 0</p><p type="colorEdges">102, 255, 102</p><p type="coordinates">931, 2186</p><tags><tag>word</tag></tags></rectangle><rectangle><p type="text">i</p><p type="orientation">0</p><p type="wh">83, 92</p><p type="color">255, 0, 0</p><p type="colorEdges">102, 255, 102</p><p type="coordinates">1376, 2190</p><tags><tag>word</tag></tags></rectangle><rectangle><p type="text">am</p><p type="orientation">0</p><p type="wh">128, 48</p><p type="color">255, 0, 0</p><p type="colorEdges">102, 255, 102</p><p type="coordinates">1435, 2222</p><tags><tag>word</tag></tags></rectangle><rectangle><p type="text">confident</p><p type="orientation">0</p><p type="wh">311, 83</p><p type="color">255, 0, 0</p><p type="colorEdges">102, 255, 102</p><p type="coordinates">1572, 2203</p><tags><tag>word</tag></tags></rectangle><rectangle><p type="text">men</p><p type="orientation">0</p><p type="wh">176, 50</p><p type="color">255, 0, 0</p><p type="colorEdges">102, 255, 102</p><p type="coordinates">227, 2299</p><tags><tag>word</tag></tags></rectangle><rectangle><p type="text">might</p><p type="orientation">0</p><p type="wh">316, 115</p><p type="color">255, 0, 0</p><p type="colorEdges">102, 255, 102</p><p type="coordinates">435, 2266</p><tags><tag>word</tag></tags></rectangle><rectangle><p type="text">be</p><p type="orientation">0</p><p type="wh">104, 91</p><p type="color">255, 0, 0</p><p type="colorEdges">102, 255, 102</p><p type="coordinates">751, 2258</p><tags><tag>word</tag></tags></rectangle><rectangle><p type="text">had</p><p type="orientation">0</p><p type="wh">203, 92</p><p type="color">255, 0, 0</p><p type="colorEdges">102, 255, 102</p><p type="coordinates">868, 2266</p><tags><tag>word</tag></tags></rectangle><rectangle><p type="text">there</p><p type="orientation">0</p><p type="wh">207, 88</p><p type="color">255, 0, 0</p><p type="colorEdges">102, 255, 102</p><p type="coordinates">1060, 2270</p><tags><tag>word</tag></tags></rectangle><rectangle><p type="text">your</p><p type="orientation">0</p><p type="wh">210, 102</p><p type="color">255, 0, 0</p><p type="colorEdges">102, 255, 102</p><p type="coordinates">1360, 2283</p><tags><tag>word</tag></tags></rectangle><rectangle><p type="text">honor</p><p type="orientation">0</p><p type="wh">278, 84</p><p type="color">255, 0, 0</p><p type="colorEdges">102, 255, 102</p><p type="coordinates">1572, 2278</p><tags><tag>word</tag></tags></rectangle><rectangle><p type="text">never</p><p type="orientation">0</p><p type="wh">190, 46</p><p type="color">255, 0, 0</p><p type="colorEdges">102, 255, 102</p><p type="coordinates">216, 2383</p><tags><tag>word</tag></tags></rectangle><rectangle><p type="text">having</p><p type="orientation">0</p><p type="wh">275, 123</p><p type="color">255, 0, 0</p><p type="colorEdges">102, 255, 102</p><p type="coordinates">424, 2342</p><tags><tag>word</tag></tags></rectangle><rectangle><p type="text">given</p><p type="orientation">0</p><p type="wh">239, 90</p><p type="color">255, 0, 0</p><p type="colorEdges">102, 255, 102</p><p type="coordinates">695, 2367</p><tags><tag>word</tag></tags></rectangle><rectangle><p type="text">any</p><p type="orientation">0</p><p type="wh">164, 87</p><p type="color">255, 0, 0</p><p type="colorEdges">102, 255, 102</p><p type="coordinates">943, 2390</p><tags><tag>word</tag></tags></rectangle><rectangle><p type="text">particular</p><p type="orientation">0</p><p type="wh">490, 90</p><p type="color">255, 0, 0</p><p type="colorEdges">102, 255, 102</p><p type="coordinates">1096, 2375</p><tags><tag>word</tag></tags></rectangle><rectangle><p type="text">directi</p><p type="orientation">0</p><p type="wh">288, 71</p><p type="color">255, 0, 0</p><p type="colorEdges">102, 255, 102</p><p type="coordinates">1595, 2375</p><tags><tag>word</tag></tags></rectangle><rectangle><p type="text">ons</p><p type="orientation">0</p><p type="wh">115, 56</p><p type="color">255, 0, 0</p><p type="colorEdges">102, 255, 102</p><p type="coordinates">220, 2470</p><tags><tag>word</tag></tags></rectangle><rectangle><p type="text">about</p><p type="orientation">0</p><p type="wh">243, 66</p><p type="color">255, 0, 0</p><p type="colorEdges">102, 255, 102</p><p type="coordinates">363, 2447</p><tags><tag>word</tag></tags></rectangle><rectangle><p type="text">the</p><p type="orientation">0</p><p type="wh">132, 71</p><p type="color">255, 0, 0</p><p type="colorEdges">102, 255, 102</p><p type="coordinates">607, 2451</p><tags><tag>word</tag></tags></rectangle><rectangle><p type="text">provisions</p><p type="orientation">0</p><p type="wh">356, 88</p><p type="color">255, 0, 0</p><p type="colorEdges">102, 255, 102</p><p type="coordinates">767, 2442</p><tags><tag>word</tag></tags></rectangle><rectangle><p type="text">i</p><p type="orientation">0</p><p type="wh">95, 100</p><p type="color">255, 0, 0</p><p type="colorEdges">102, 255, 102</p><p type="coordinates">1175, 2430</p><tags><tag>word</tag></tags></rectangle><rectangle><p type="text">should</p><p type="orientation">0</p><p type="wh">296, 96</p><p type="color">255, 0, 0</p><p type="colorEdges">102, 255, 102</p><p type="coordinates">1247, 2438</p><tags><tag>word</tag></tags></rectangle><rectangle><p type="text">be</p><p type="orientation">0</p><p type="wh">95, 75</p><p type="color">255, 0, 0</p><p type="colorEdges">102, 255, 102</p><p type="coordinates">1540, 2451</p><tags><tag>word</tag></tags></rectangle><rectangle><p type="text">glad</p><p type="orientation">0</p><p type="wh">223, 86</p><p type="color">255, 0, 0</p><p type="colorEdges">102, 255, 102</p><p type="coordinates">1604, 2459</p><tags><tag>word</tag></tags></rectangle><rectangle><p type="text">to</p><p type="orientation">0</p><p type="wh">68, 68</p><p type="color">255, 0, 0</p><p type="colorEdges">102, 255, 102</p><p type="coordinates">1811, 2470</p><tags><tag>word</tag></tags></rectangle><rectangle><p type="text">know</p><p type="orientation">0</p><p type="wh">195, 71</p><p type="color">255, 0, 0</p><p type="colorEdges">102, 255, 102</p><p type="coordinates">220, 2522</p><tags><tag>word</tag></tags></rectangle><rectangle><p type="text">whether</p><p type="orientation">0</p><p type="wh">290, 75</p><p type="color">255, 0, 0</p><p type="colorEdges">102, 255, 102</p><p type="coordinates">432, 2526</p><tags><tag>word</tag></tags></rectangle><rectangle><p type="text">you</p><p type="orientation">0</p><p type="wh">190, 79</p><p type="color">255, 0, 0</p><p type="colorEdges">102, 255, 102</p><p type="coordinates">712, 2558</p><tags><tag>word</tag></tags></rectangle><rectangle><p type="text">would</p><p type="orientation">0</p><p type="wh">264, 63</p><p type="color">255, 0, 0</p><p type="colorEdges">102, 255, 102</p><p type="coordinates">911, 2543</p><tags><tag>word</tag></tags></rectangle><rectangle><p type="text">have</p><p type="orientation">0</p><p type="wh">207, 83</p><p type="color">255, 0, 0</p><p type="colorEdges">102, 255, 102</p><p type="coordinates">1155, 2531</p><tags><tag>word</tag></tags></rectangle><rectangle><p type="text">more</p><p type="orientation">0</p><p type="wh">212, 48</p><p type="color">255, 0, 0</p><p type="colorEdges">102, 255, 102</p><p type="coordinates">1371, 2566</p><tags><tag>word</tag></tags></rectangle><rectangle><p type="text">laid</p><p type="orientation">0</p><p type="wh">171, 75</p><p type="color">255, 0, 0</p><p type="colorEdges">102, 255, 102</p><p type="coordinates">1579, 2543</p><tags><tag>word</tag></tags></rectangle><rectangle><p type="text">in</p><p type="orientation">0</p><p type="wh">86, 68</p><p type="color">255, 0, 0</p><p type="colorEdges">102, 255, 102</p><p type="coordinates">1744, 2554</p><tags><tag>word</tag></tags></rectangle><rectangle><p type="text">than</p><p type="orientation">0</p><p type="wh">199, 79</p><p type="color">255, 0, 0</p><p type="colorEdges">102, 255, 102</p><p type="coordinates">220, 2602</p><tags><tag>word</tag></tags></rectangle><rectangle><p type="text">what</p><p type="orientation">0</p><p type="wh">207, 79</p><p type="color">255, 0, 0</p><p type="colorEdges">102, 255, 102</p><p type="coordinates">424, 2606</p><tags><tag>word</tag></tags></rectangle><rectangle><p type="text">will</p><p type="orientation">0</p><p type="wh">187, 66</p><p type="color">255, 0, 0</p><p type="colorEdges">102, 255, 102</p><p type="coordinates">636, 2619</p><tags><tag>word</tag></tags></rectangle><rectangle><p type="text">serve</p><p type="orientation">0</p><p type="wh">207, 56</p><p type="color">255, 0, 0</p><p type="colorEdges">102, 255, 102</p><p type="coordinates">828, 2634</p><tags><tag>word</tag></tags></rectangle><rectangle><p type="text">for</p><p type="orientation">0</p><p type="wh">147, 107</p><p type="color">255, 0, 0</p><p type="colorEdges">102, 255, 102</p><p type="coordinates">1024, 2610</p><tags><tag>word</tag></tags></rectangle><rectangle><p type="text">twelve</p><p type="orientation">0</p><p type="wh">230, 67</p><p type="color">255, 0, 0</p><p type="colorEdges">102, 255, 102</p><p type="coordinates">1184, 2627</p><tags><tag>word</tag></tags></rectangle><rectangle><p type="text">hundred</p><p type="orientation">0</p><p type="wh">354, 79</p><p type="color">255, 0, 0</p><p type="colorEdges">102, 255, 102</p><p type="coordinates">1412, 2619</p><tags><tag>word</tag></tags></rectangle><rectangle><p type="text">men</p><p type="orientation">0</p><p type="wh">135, 44</p><p type="color">255, 0, 0</p><p type="colorEdges">102, 255, 102</p><p type="coordinates">1751, 2654</p><tags><tag>word</tag></tags></rectangle><rectangle><p type="text">that</p><p type="orientation">0</p><p type="wh">182, 83</p><p type="color">255, 0, 0</p><p type="colorEdges">102, 255, 102</p><p type="coordinates">208, 2686</p><tags><tag>word</tag></tags></rectangle><rectangle><p type="text">i</p><p type="orientation">0</p><p type="wh">95, 96</p><p type="color">255, 0, 0</p><p type="colorEdges">102, 255, 102</p><p type="coordinates">383, 2686</p><tags><tag>word</tag></tags></rectangle><rectangle><p type="text">may</p><p type="orientation">0</p><p type="wh">183, 83</p><p type="color">255, 0, 0</p><p type="colorEdges">102, 255, 102</p><p type="coordinates">455, 2726</p><tags><tag>word</tag></tags></rectangle><rectangle><p type="text">give</p><p type="orientation">0</p><p type="wh">203, 98</p><p type="color">255, 0, 0</p><p type="colorEdges">102, 255, 102</p><p type="coordinates">627, 2703</p><tags><tag>word</tag></tags></rectangle><rectangle><p type="text">orders</p><p type="orientation">0</p><p type="wh">215, 63</p><p type="color">255, 0, 0</p><p type="colorEdges">102, 255, 102</p><p type="coordinates">852, 2715</p><tags><tag>word</tag></tags></rectangle><rectangle><p type="text">accordingly</p><p type="orientation">0</p><p type="wh">456, 98</p><p type="color">255, 0, 0</p><p type="colorEdges">102, 255, 102</p><p type="coordinates">1087, 2711</p><tags><tag>word</tag></tags></rectangle><rectangle><p type="text">as</p><p type="orientation">0</p><p type="wh">142, 92</p><p type="color">255, 0, 0</p><p type="colorEdges">102, 255, 102</p><p type="coordinates">672, 2774</p><tags><tag>word</tag></tags></rectangle><rectangle><p type="text">i</p><p type="orientation">0</p><p type="wh">91, 87</p><p type="color">255, 0, 0</p><p type="colorEdges">102, 255, 102</p><p type="coordinates">800, 2766</p><tags><tag>word</tag></tags></rectangle><rectangle><p type="text">can</p><p type="orientation">0</p><p type="wh">167, 52</p><p type="color">255, 0, 0</p><p type="colorEdges">102, 255, 102</p><p type="coordinates">864, 2814</p><tags><tag>word</tag></tags></rectangle><rectangle><p type="text">not</p><p type="orientation">0</p><p type="wh">147, 60</p><p type="color">255, 0, 0</p><p type="colorEdges">102, 255, 102</p><p type="coordinates">1035, 2810</p><tags><tag>word</tag></tags></rectangle><rectangle><p type="text">now</p><p type="orientation">0</p><p type="wh">158, 47</p><p type="color">255, 0, 0</p><p type="colorEdges">102, 255, 102</p><p type="coordinates">1184, 2827</p><tags><tag>word</tag></tags></rectangle><rectangle><p type="text">conceive</p><p type="orientation">0</p><p type="wh">320, 68</p><p type="color">255, 0, 0</p><p type="colorEdges">102, 255, 102</p><p type="coordinates">1347, 2802</p><tags><tag>word</tag></tags></rectangle><rectangle><p type="text">that</p><p type="orientation">0</p><p type="wh">162, 71</p><p type="color">255, 0, 0</p><p type="colorEdges">102, 255, 102</p><p type="coordinates">1676, 2799</p><tags><tag>word</tag></tags></rectangle><rectangle><p type="text">any</p><p type="orientation">0</p><p type="wh">162, 83</p><p type="color">255, 0, 0</p><p type="colorEdges">102, 255, 102</p><p type="coordinates">208, 2890</p><tags><tag>word</tag></tags></rectangle><rectangle><p type="text">great</p><p type="orientation">0</p><p type="wh">258, 90</p><p type="color">255, 0, 0</p><p type="colorEdges">102, 255, 102</p><p type="coordinates">360, 2883</p><tags><tag>word</tag></tags></rectangle><rectangle><p type="text">danger</p><p type="orientation">0</p><p type="wh">278, 111</p><p type="color">255, 0, 0</p><p type="colorEdges">102, 255, 102</p><p type="coordinates">624, 2871</p><tags><tag>word</tag></tags></rectangle><rectangle><p type="text">can</p><p type="orientation">0</p><p type="wh">159, 52</p><p type="color">255, 0, 0</p><p type="colorEdges">102, 255, 102</p><p type="coordinates">924, 2898</p><tags><tag>word</tag></tags></rectangle><rectangle><p type="text">be</p><p type="orientation">0</p><p type="wh">107, 75</p><p type="color">255, 0, 0</p><p type="colorEdges">102, 255, 102</p><p type="coordinates">1107, 2875</p><tags><tag>word</tag></tags></rectangle><rectangle><p type="text">apprehended</p><p type="orientation">0</p><p type="wh">510, 94</p><p type="color">255, 0, 0</p><p type="colorEdges">102, 255, 102</p><p type="coordinates">1220, 2879</p><tags><tag>word</tag></tags></rectangle><rectangle><p type="text">at</p><p type="orientation">0</p><p type="wh">106, 52</p><p type="color">255, 0, 0</p><p type="colorEdges">102, 255, 102</p><p type="coordinates">1728, 2898</p><tags><tag>word</tag></tags></rectangle><rectangle><p type="text">fort</p><p type="orientation">0</p><p type="wh">171, 83</p><p type="color">255, 0, 0</p><p type="colorEdges">102, 255, 102</p><p type="coordinates">199, 2951</p><tags><tag>word</tag></tags></rectangle><rectangle><p type="text">cumberland</p><p type="orientation">0</p><p type="wh">467, 84</p><p type="color">255, 0, 0</p><p type="colorEdges">102, 255, 102</p><p type="coordinates">383, 2946</p><tags><tag>word</tag></tags></rectangle><rectangle><p type="text">this</p><p type="orientation">0</p><p type="wh">151, 79</p><p type="color">255, 0, 0</p><p type="colorEdges">102, 255, 102</p><p type="coordinates">852, 2955</p><tags><tag>word</tag></tags></rectangle><rectangle><p type="text">winter</p><p type="orientation">0</p><p type="wh">268, 71</p><p type="color">255, 0, 0</p><p type="colorEdges">102, 255, 102</p><p type="coordinates">1015, 2963</p><tags><tag>word</tag></tags></rectangle><rectangle><p type="text">i</p><p type="orientation">0</p><p type="wh">84, 83</p><p type="color">255, 0, 0</p><p type="colorEdges">102, 255, 102</p><p type="coordinates">1319, 2951</p><tags><tag>word</tag></tags></rectangle><rectangle><p type="text">am</p><p type="orientation">0</p><p type="wh">155, 39</p><p type="color">255, 0, 0</p><p type="colorEdges">102, 255, 102</p><p type="coordinates">1383, 2995</p><tags><tag>word</tag></tags></rectangle><rectangle><p type="text">sensible</p><p type="orientation">0</p><p type="wh">291, 60</p><p type="color">255, 0, 0</p><p type="colorEdges">102, 255, 102</p><p type="coordinates">1563, 2974</p><tags><tag>word</tag></tags></rectangle><rectangle><p type="text">that</p><p type="orientation">0</p><p type="wh">184, 80</p><p type="color">255, 0, 0</p><p type="colorEdges">102, 255, 102</p><p type="coordinates">203, 3030</p><tags><tag>word</tag></tags></rectangle><rectangle><p type="text">my</p><p type="orientation">0</p><p type="wh">167, 79</p><p type="color">255, 0, 0</p><p type="colorEdges">102, 255, 102</p><p type="coordinates">379, 3062</p><tags><tag>word</tag></tags></rectangle><rectangle><p type="text">constant</p><p type="orientation">0</p><p type="wh">354, 67</p><p type="color">255, 0, 0</p><p type="colorEdges">102, 255, 102</p><p type="coordinates">564, 3043</p><tags><tag>word</tag></tags></rectangle><rectangle><p type="text">attendance</p><p type="orientation">0</p><p type="wh">451, 71</p><p type="color">255, 0, 0</p><p type="colorEdges">102, 255, 102</p><p type="coordinates">920, 3047</p><tags><tag>word</tag></tags></rectangle><rectangle><p type="text">there</p><p type="orientation">0</p><p type="wh">200, 75</p><p type="color">255, 0, 0</p><p type="colorEdges">102, 255, 102</p><p type="coordinates">1383, 3043</p><tags><tag>word</tag></tags></rectangle><rectangle><p type="text">can</p><p type="orientation">0</p><p type="wh">135, 52</p><p type="color">255, 0, 0</p><p type="colorEdges">102, 255, 102</p><p type="coordinates">1611, 3070</p><tags><tag>word</tag></tags></rectangle><rectangle><p type="text">not</p><p type="orientation">0</p><p type="wh">118, 60</p><p type="color">255, 0, 0</p><p type="colorEdges">102, 255, 102</p><p type="coordinates">1748, 3062</p><tags><tag>word</tag></tags></rectangle></rectangle></content></data>