<?xml version='1.0' encoding='utf-8'?>
<data descr="TU Dortmund, LSXII Informatik, patrec, Image Annotation." ver="2016-10-15 v0.1.2"><content><rectangle><p type="text" /><rectangle><p type="text">p</p><p type="orientation">0</p><p type="wh">90, 71</p><p type="color">255, 0, 0</p><p type="colorEdges">102, 255, 102</p><p type="coordinates">1748, 87</p><tags><tag>word</tag></tags></rectangle><rectangle><p type="text">303</p><p type="orientation">0</p><p type="wh">111, 71</p><p type="color">255, 0, 0</p><p type="colorEdges">102, 255, 102</p><p type="coordinates">1847, 91</p><tags><tag>word</tag></tags></rectangle><rectangle><p type="text">letters</p><p type="orientation">0</p><p type="wh">263, 99</p><p type="color">255, 0, 0</p><p type="colorEdges">102, 255, 102</p><p type="coordinates">227, 127</p><tags><tag>word</tag></tags></rectangle><rectangle><p type="text">orders</p><p type="orientation">0</p><p type="wh">243, 83</p><p type="color">255, 0, 0</p><p type="colorEdges">102, 255, 102</p><p type="coordinates">504, 151</p><tags><tag>word</tag></tags></rectangle><rectangle><p type="text">and</p><p type="orientation">0</p><p type="wh">188, 60</p><p type="color">255, 0, 0</p><p type="colorEdges">102, 255, 102</p><p type="coordinates">755, 174</p><tags><tag>word</tag></tags></rectangle><rectangle><p type="text">instructions</p><p type="orientation">0</p><p type="wh">546, 98</p><p type="color">255, 0, 0</p><p type="colorEdges">102, 255, 102</p><p type="coordinates">932, 151</p><tags><tag>word</tag></tags></rectangle><rectangle><p type="text">december</p><p type="orientation">0</p><p type="wh">330, 79</p><p type="color">255, 0, 0</p><p type="colorEdges">102, 255, 102</p><p type="coordinates">1488, 170</p><tags><tag>word</tag></tags></rectangle><rectangle><p type="text">1755</p><p type="orientation">0</p><p type="wh">147, 59</p><p type="color">255, 0, 0</p><p type="colorEdges">102, 255, 102</p><p type="coordinates">1819, 198</p><tags><tag>word</tag></tags></rectangle><rectangle><p type="text">be</p><p type="orientation">0</p><p type="wh">80, 76</p><p type="color">255, 0, 0</p><p type="colorEdges">102, 255, 102</p><p type="coordinates">219, 318</p><tags><tag>word</tag></tags></rectangle><rectangle><p type="text">so</p><p type="orientation">0</p><p type="wh">74, 40</p><p type="color">255, 0, 0</p><p type="colorEdges">102, 255, 102</p><p type="coordinates">308, 354</p><tags><tag>word</tag></tags></rectangle><rectangle><p type="text">serviceable</p><p type="orientation">0</p><p type="wh">380, 59</p><p type="color">255, 0, 0</p><p type="colorEdges">102, 255, 102</p><p type="coordinates">411, 338</p><tags><tag>word</tag></tags></rectangle><rectangle><p type="text">as</p><p type="orientation">0</p><p type="wh">70, 35</p><p type="color">255, 0, 0</p><p type="colorEdges">102, 255, 102</p><p type="coordinates">812, 362</p><tags><tag>word</tag></tags></rectangle><rectangle><p type="text">riding</p><p type="orientation">0</p><p type="wh">255, 83</p><p type="color">255, 0, 0</p><p type="colorEdges">102, 255, 102</p><p type="coordinates">887, 343</p><tags><tag>word</tag></tags></rectangle><rectangle><p type="text">from</p><p type="orientation">0</p><p type="wh">170, 86</p><p type="color">255, 0, 0</p><p type="colorEdges">102, 255, 102</p><p type="coordinates">1140, 335</p><tags><tag>word</tag></tags></rectangle><rectangle><p type="text">place</p><p type="orientation">0</p><p type="wh">223, 83</p><p type="color">255, 0, 0</p><p type="colorEdges">102, 255, 102</p><p type="coordinates">1324, 343</p><tags><tag>word</tag></tags></rectangle><rectangle><p type="text">to</p><p type="orientation">0</p><p type="wh">44, 38</p><p type="color">255, 0, 0</p><p type="colorEdges">102, 255, 102</p><p type="coordinates">1535, 335</p><tags><tag>word</tag></tags></rectangle><rectangle><p type="text">place</p><p type="orientation">0</p><p type="wh">140, 43</p><p type="color">255, 0, 0</p><p type="colorEdges">102, 255, 102</p><p type="coordinates">1567, 330</p><tags><tag>word</tag></tags></rectangle><rectangle><p type="text">making</p><p type="orientation">0</p><p type="wh">308, 70</p><p type="color">255, 0, 0</p><p type="colorEdges">102, 255, 102</p><p type="coordinates">1567, 351</p><tags><tag>word</tag></tags></rectangle><rectangle><p type="text">the</p><p type="orientation">0</p><p type="wh">119, 68</p><p type="color">255, 0, 0</p><p type="colorEdges">102, 255, 102</p><p type="coordinates">1871, 326</p><tags><tag>word</tag></tags></rectangle><rectangle><p type="text">proper</p><p type="orientation">0</p><p type="wh">196, 75</p><p type="color">255, 0, 0</p><p type="colorEdges">102, 255, 102</p><p type="coordinates">215, 439</p><tags><tag>word</tag></tags></rectangle><rectangle><p type="text">dispositions</p><p type="orientation">0</p><p type="wh">452, 99</p><p type="color">255, 0, 0</p><p type="colorEdges">102, 255, 102</p><p type="coordinates">439, 415</p><tags><tag>word</tag></tags></rectangle><rectangle><p type="text">and</p><p type="orientation">0</p><p type="wh">192, 67</p><p type="color">255, 0, 0</p><p type="colorEdges">102, 255, 102</p><p type="coordinates">915, 418</p><tags><tag>word</tag></tags></rectangle><rectangle><p type="text">seeing</p><p type="orientation">0</p><p type="wh">239, 75</p><p type="color">255, 0, 0</p><p type="colorEdges">102, 255, 102</p><p type="coordinates">1132, 442</p><tags><tag>word</tag></tags></rectangle><rectangle><p type="text">that</p><p type="orientation">0</p><p type="wh">176, 67</p><p type="color">255, 0, 0</p><p type="colorEdges">102, 255, 102</p><p type="coordinates">1399, 423</p><tags><tag>word</tag></tags></rectangle><rectangle><p type="text">all</p><p type="orientation">0</p><p type="wh">119, 51</p><p type="color">255, 0, 0</p><p type="colorEdges">102, 255, 102</p><p type="coordinates">1584, 439</p><tags><tag>word</tag></tags></rectangle><rectangle><p type="text">our</p><p type="orientation">0</p><p type="wh">111, 32</p><p type="color">255, 0, 0</p><p type="colorEdges">102, 255, 102</p><p type="coordinates">1715, 458</p><tags><tag>word</tag></tags></rectangle><rectangle><p type="text">neces</p><p type="orientation">0</p><p type="wh">147, 56</p><p type="color">255, 0, 0</p><p type="colorEdges">102, 255, 102</p><p type="coordinates">1843, 458</p><tags><tag>word</tag></tags></rectangle><rectangle><p type="text">saries</p><p type="orientation">0</p><p type="wh">184, 46</p><p type="color">255, 0, 0</p><p type="colorEdges">102, 255, 102</p><p type="coordinates">219, 527</p><tags><tag>word</tag></tags></rectangle><rectangle><p type="text">are</p><p type="orientation">0</p><p type="wh">107, 40</p><p type="color">255, 0, 0</p><p type="colorEdges">102, 255, 102</p><p type="coordinates">423, 530</p><tags><tag>word</tag></tags></rectangle><rectangle><p type="text">forwarded</p><p type="orientation">0</p><p type="wh">412, 94</p><p type="color">255, 0, 0</p><p type="colorEdges">102, 255, 102</p><p type="coordinates">543, 503</p><tags><tag>word</tag></tags></rectangle><rectangle><p type="text">up</p><p type="orientation">0</p><p type="wh">111, 67</p><p type="color">255, 0, 0</p><p type="colorEdges">102, 255, 102</p><p type="coordinates">956, 527</p><tags><tag>word</tag></tags></rectangle><rectangle><p type="text">with</p><p type="orientation">0</p><p type="wh">190, 75</p><p type="color">255, 0, 0</p><p type="colorEdges">102, 255, 102</p><p type="coordinates">1104, 498</p><tags><tag>word</tag></tags></rectangle><rectangle><p type="text">dispatch</p><p type="orientation">0</p><p type="wh">346, 94</p><p type="color">255, 0, 0</p><p type="colorEdges">102, 255, 102</p><p type="coordinates">1304, 511</p><tags><tag>word</tag></tags></rectangle><rectangle><p type="text">i</p><p type="orientation">0</p><p type="wh">103, 83</p><p type="color">255, 0, 0</p><p type="colorEdges">102, 255, 102</p><p type="coordinates">1715, 498</p><tags><tag>word</tag></tags></rectangle><rectangle><p type="text">there</p><p type="orientation">0</p><p type="wh">198, 67</p><p type="color">255, 0, 0</p><p type="colorEdges">102, 255, 102</p><p type="coordinates">1776, 514</p><tags><tag>word</tag></tags></rectangle><rectangle><p type="text">fore</p><p type="orientation">0</p><p type="wh">115, 88</p><p type="color">255, 0, 0</p><p type="colorEdges">102, 255, 102</p><p type="coordinates">207, 594</p><tags><tag>word</tag></tags></rectangle><rectangle><p type="text">think</p><p type="orientation">0</p><p type="wh">255, 70</p><p type="color">255, 0, 0</p><p type="colorEdges">102, 255, 102</p><p type="coordinates">356, 591</p><tags><tag>word</tag></tags></rectangle><rectangle><p type="text">it</p><p type="orientation">0</p><p type="wh">83, 59</p><p type="color">255, 0, 0</p><p type="colorEdges">102, 255, 102</p><p type="coordinates">680, 599</p><tags><tag>word</tag></tags></rectangle><rectangle><p type="text">advisable</p><p type="orientation">0</p><p type="wh">319, 59</p><p type="color">255, 0, 0</p><p type="colorEdges">102, 255, 102</p><p type="coordinates">784, 599</p><tags><tag>word</tag></tags></rectangle><rectangle><p type="text">to</p><p type="orientation">0</p><p type="wh">58, 56</p><p type="color">255, 0, 0</p><p type="colorEdges">102, 255, 102</p><p type="coordinates">1144, 602</p><tags><tag>word</tag></tags></rectangle><rectangle><p type="text">inform</p><p type="orientation">0</p><p type="wh">247, 91</p><p type="color">255, 0, 0</p><p type="colorEdges">102, 255, 102</p><p type="coordinates">1219, 599</p><tags><tag>word</tag></tags></rectangle><rectangle><p type="text">your</p><p type="orientation">0</p><p type="wh">166, 59</p><p type="color">255, 0, 0</p><p type="colorEdges">102, 255, 102</p><p type="coordinates">1464, 626</p><tags><tag>word</tag></tags></rectangle><rectangle><p type="text">honour</p><p type="orientation">0</p><p type="wh">299, 67</p><p type="color">255, 0, 0</p><p type="colorEdges">102, 255, 102</p><p type="coordinates">1659, 594</p><tags><tag>word</tag></tags></rectangle><rectangle><p type="text">of</p><p type="orientation">0</p><p type="wh">80, 80</p><p type="color">255, 0, 0</p><p type="colorEdges">102, 255, 102</p><p type="coordinates">223, 682</p><tags><tag>word</tag></tags></rectangle><rectangle><p type="text">it</p><p type="orientation">0</p><p type="wh">62, 56</p><p type="color">255, 0, 0</p><p type="colorEdges">102, 255, 102</p><p type="coordinates">288, 682</p><tags><tag>word</tag></tags></rectangle><rectangle><p type="text">hoping</p><p type="orientation">0</p><p type="wh">212, 94</p><p type="color">255, 0, 0</p><p type="colorEdges">102, 255, 102</p><p type="coordinates">375, 671</p><tags><tag>word</tag></tags></rectangle><rectangle><p type="text">that</p><p type="orientation">0</p><p type="wh">156, 70</p><p type="color">255, 0, 0</p><p type="colorEdges">102, 255, 102</p><p type="coordinates">587, 671</p><tags><tag>word</tag></tags></rectangle><rectangle><p type="text">it</p><p type="orientation">0</p><p type="wh">67, 51</p><p type="color">255, 0, 0</p><p type="colorEdges">102, 255, 102</p><p type="coordinates">743, 690</p><tags><tag>word</tag></tags></rectangle><rectangle><p type="text">will</p><p type="orientation">0</p><p type="wh">139, 54</p><p type="color">255, 0, 0</p><p type="colorEdges">102, 255, 102</p><p type="coordinates">820, 687</p><tags><tag>word</tag></tags></rectangle><rectangle><p type="text">correspond</p><p type="orientation">0</p><p type="wh">326, 75</p><p type="color">255, 0, 0</p><p type="colorEdges">102, 255, 102</p><p type="coordinates">968, 687</p><tags><tag>word</tag></tags></rectangle><rectangle><p type="text">with</p><p type="orientation">0</p><p type="wh">131, 62</p><p type="color">255, 0, 0</p><p type="colorEdges">102, 255, 102</p><p type="coordinates">1292, 679</p><tags><tag>word</tag></tags></rectangle><rectangle><p type="text">your</p><p type="orientation">0</p><p type="wh">139, 54</p><p type="color">255, 0, 0</p><p type="colorEdges">102, 255, 102</p><p type="coordinates">1436, 711</p><tags><tag>word</tag></tags></rectangle><rectangle><p type="text">own</p><p type="orientation">0</p><p type="wh">123, 30</p><p type="color">255, 0, 0</p><p type="colorEdges">102, 255, 102</p><p type="coordinates">1596, 711</p><tags><tag>word</tag></tags></rectangle><rectangle><p type="text">opinion</p><p type="orientation">0</p><p type="wh">234, 88</p><p type="color">255, 0, 0</p><p type="colorEdges">102, 255, 102</p><p type="coordinates">1732, 682</p><tags><tag>word</tag></tags></rectangle><rectangle><p type="text">i</p><p type="orientation">0</p><p type="wh">78, 94</p><p type="color">255, 0, 0</p><p type="colorEdges">102, 255, 102</p><p type="coordinates">288, 751</p><tags><tag>word</tag></tags></rectangle><rectangle><p type="text">forgot</p><p type="orientation">0</p><p type="wh">182, 91</p><p type="color">255, 0, 0</p><p type="colorEdges">102, 255, 102</p><p type="coordinates">324, 762</p><tags><tag>word</tag></tags></rectangle><rectangle><p type="text">to</p><p type="orientation">0</p><p type="wh">63, 43</p><p type="color">255, 0, 0</p><p type="colorEdges">102, 255, 102</p><p type="coordinates">512, 778</p><tags><tag>word</tag></tags></rectangle><rectangle><p type="text">mention</p><p type="orientation">0</p><p type="wh">279, 59</p><p type="color">255, 0, 0</p><p type="colorEdges">102, 255, 102</p><p type="coordinates">608, 767</p><tags><tag>word</tag></tags></rectangle><rectangle><p type="text">when</p><p type="orientation">0</p><p type="wh">176, 67</p><p type="color">255, 0, 0</p><p type="colorEdges">102, 255, 102</p><p type="coordinates">903, 751</p><tags><tag>word</tag></tags></rectangle><rectangle><p type="text">i</p><p type="orientation">0</p><p type="wh">74, 75</p><p type="color">255, 0, 0</p><p type="colorEdges">102, 255, 102</p><p type="coordinates">1104, 746</p><tags><tag>word</tag></tags></rectangle><rectangle><p type="text">was</p><p type="orientation">0</p><p type="wh">131, 75</p><p type="color">255, 0, 0</p><p type="colorEdges">102, 255, 102</p><p type="coordinates">1144, 751</p><tags><tag>word</tag></tags></rectangle><rectangle><p type="text">down</p><p type="orientation">0</p><p type="wh">170, 51</p><p type="color">255, 0, 0</p><p type="colorEdges">102, 255, 102</p><p type="coordinates">1296, 775</p><tags><tag>word</tag></tags></rectangle><rectangle><p type="text">that</p><p type="orientation">0</p><p type="wh">142, 70</p><p type="color">255, 0, 0</p><p type="colorEdges">102, 255, 102</p><p type="coordinates">1480, 759</p><tags><tag>word</tag></tags></rectangle><rectangle><p type="text">mr</p><p type="orientation">0</p><p type="wh">126, 80</p><p type="color">255, 0, 0</p><p type="colorEdges">102, 255, 102</p><p type="coordinates">1644, 746</p><tags><tag>word</tag></tags></rectangle><rectangle><p type="text">living</p><p type="orientation">0</p><p type="wh">198, 83</p><p type="color">255, 0, 0</p><p type="colorEdges">102, 255, 102</p><p type="coordinates">1776, 759</p><tags><tag>word</tag></tags></rectangle><rectangle><p type="text">ston</p><p type="orientation">0</p><p type="wh">139, 50</p><p type="color">255, 0, 0</p><p type="colorEdges">102, 255, 102</p><p type="coordinates">219, 859</p><tags><tag>word</tag></tags></rectangle><rectangle><p type="text">the</p><p type="orientation">0</p><p type="wh">96, 66</p><p type="color">255, 0, 0</p><p type="colorEdges">102, 255, 102</p><p type="coordinates">387, 843</p><tags><tag>word</tag></tags></rectangle><rectangle><p type="text">fort</p><p type="orientation">0</p><p type="wh">166, 71</p><p type="color">255, 0, 0</p><p type="colorEdges">102, 255, 102</p><p type="coordinates">508, 843</p><tags><tag>word</tag></tags></rectangle><rectangle><p type="text">major</p><p type="orientation">0</p><p type="wh">212, 84</p><p type="color">255, 0, 0</p><p type="colorEdges">102, 255, 102</p><p type="coordinates">687, 854</p><tags><tag>word</tag></tags></rectangle><rectangle><p type="text">was</p><p type="orientation">0</p><p type="wh">136, 39</p><p type="color">255, 0, 0</p><p type="colorEdges">102, 255, 102</p><p type="coordinates">923, 875</p><tags><tag>word</tag></tags></rectangle><rectangle><p type="text">appointed</p><p type="orientation">0</p><p type="wh">340, 82</p><p type="color">255, 0, 0</p><p type="colorEdges">102, 255, 102</p><p type="coordinates">1083, 859</p><tags><tag>word</tag></tags></rectangle><rectangle><p type="text">adjutant</p><p type="orientation">0</p><p type="wh">307, 84</p><p type="color">255, 0, 0</p><p type="colorEdges">102, 255, 102</p><p type="coordinates">1428, 854</p><tags><tag>word</tag></tags></rectangle><rectangle><p type="text">to</p><p type="orientation">0</p><p type="wh">54, 42</p><p type="color">255, 0, 0</p><p type="colorEdges">102, 255, 102</p><p type="coordinates">1756, 867</p><tags><tag>word</tag></tags></rectangle><rectangle><p type="text">our</p><p type="orientation">0</p><p type="wh">127, 31</p><p type="color">255, 0, 0</p><p type="colorEdges">102, 255, 102</p><p type="coordinates">1827, 878</p><tags><tag>word</tag></tags></rectangle><rectangle><p type="text">regiment</p><p type="orientation">0</p><p type="wh">348, 100</p><p type="color">255, 0, 0</p><p type="colorEdges">102, 255, 102</p><p type="coordinates">223, 926</p><tags><tag>word</tag></tags></rectangle><rectangle><p type="text">i</p><p type="orientation">0</p><p type="wh">75, 71</p><p type="color">255, 0, 0</p><p type="colorEdges">102, 255, 102</p><p type="coordinates">656, 918</p><tags><tag>word</tag></tags></rectangle><rectangle><p type="text">knew</p><p type="orientation">0</p><p type="wh">155, 66</p><p type="color">255, 0, 0</p><p type="colorEdges">102, 255, 102</p><p type="coordinates">707, 931</p><tags><tag>word</tag></tags></rectangle><rectangle><p type="text">of</p><p type="orientation">0</p><p type="wh">87, 87</p><p type="color">255, 0, 0</p><p type="colorEdges">102, 255, 102</p><p type="coordinates">887, 934</p><tags><tag>word</tag></tags></rectangle><rectangle><p type="text">none</p><p type="orientation">0</p><p type="wh">174, 31</p><p type="color">255, 0, 0</p><p type="colorEdges">102, 255, 102</p><p type="coordinates">968, 966</p><tags><tag>word</tag></tags></rectangle><rectangle><p type="text">else</p><p type="orientation">0</p><p type="wh">134, 58</p><p type="color">255, 0, 0</p><p type="colorEdges">102, 255, 102</p><p type="coordinates">1164, 939</p><tags><tag>word</tag></tags></rectangle><rectangle><p type="text">whose</p><p type="orientation">0</p><p type="wh">194, 58</p><p type="color">255, 0, 0</p><p type="colorEdges">102, 255, 102</p><p type="coordinates">1324, 939</p><tags><tag>word</tag></tags></rectangle><rectangle><p type="text">long</p><p type="orientation">0</p><p type="wh">135, 74</p><p type="color">255, 0, 0</p><p type="colorEdges">102, 255, 102</p><p type="coordinates">1535, 947</p><tags><tag>word</tag></tags></rectangle><rectangle><p type="text">servitude</p><p type="orientation">0</p><p type="wh">283, 50</p><p type="color">255, 0, 0</p><p type="colorEdges">102, 255, 102</p><p type="coordinates">1687, 939</p><tags><tag>word</tag></tags></rectangle><rectangle><p type="text">in</p><p type="orientation">0</p><p type="wh">80, 39</p><p type="color">255, 0, 0</p><p type="colorEdges">102, 255, 102</p><p type="coordinates">223, 1043</p><tags><tag>word</tag></tags></rectangle><rectangle><p type="text">a</p><p type="orientation">0</p><p type="wh">54, 31</p><p type="color">255, 0, 0</p><p type="colorEdges">102, 255, 102</p><p type="coordinates">332, 1051</p><tags><tag>word</tag></tags></rectangle><rectangle><p type="text">military</p><p type="orientation">0</p><p type="wh">336, 82</p><p type="color">255, 0, 0</p><p type="colorEdges">102, 255, 102</p><p type="coordinates">427, 1027</p><tags><tag>word</tag></tags></rectangle><rectangle><p type="text">way</p><p type="orientation">0</p><p type="wh">147, 63</p><p type="color">255, 0, 0</p><p type="colorEdges">102, 255, 102</p><p type="coordinates">792, 1046</p><tags><tag>word</tag></tags></rectangle><rectangle><p type="text">had</p><p type="orientation">0</p><p type="wh">143, 71</p><p type="color">255, 0, 0</p><p type="colorEdges">102, 255, 102</p><p type="coordinates">960, 1011</p><tags><tag>word</tag></tags></rectangle><rectangle><p type="text">qualified</p><p type="orientation">0</p><p type="wh">335, 79</p><p type="color">255, 0, 0</p><p type="colorEdges">102, 255, 102</p><p type="coordinates">1096, 1019</p><tags><tag>word</tag></tags></rectangle><rectangle><p type="text">better</p><p type="orientation">0</p><p type="wh">159, 66</p><p type="color">255, 0, 0</p><p type="colorEdges">102, 255, 102</p><p type="coordinates">1432, 1011</p><tags><tag>word</tag></tags></rectangle><rectangle><p type="text">for</p><p type="orientation">0</p><p type="wh">91, 71</p><p type="color">255, 0, 0</p><p type="colorEdges">102, 255, 102</p><p type="coordinates">1600, 1019</p><tags><tag>word</tag></tags></rectangle><rectangle><p type="text">the</p><p type="orientation">0</p><p type="wh">99, 55</p><p type="color">255, 0, 0</p><p type="colorEdges">102, 255, 102</p><p type="coordinates">1707, 1014</p><tags><tag>word</tag></tags></rectangle><rectangle><p type="text">office</p><p type="orientation">0</p><p type="wh">155, 68</p><p type="color">255, 0, 0</p><p type="colorEdges">102, 255, 102</p><p type="coordinates">1823, 1014</p><tags><tag>word</tag></tags></rectangle><rectangle><p type="text">he</p><p type="orientation">0</p><p type="wh">96, 79</p><p type="color">255, 0, 0</p><p type="colorEdges">102, 255, 102</p><p type="coordinates">219, 1091</p><tags><tag>word</tag></tags></rectangle><rectangle><p type="text">was</p><p type="orientation">0</p><p type="wh">127, 39</p><p type="color">255, 0, 0</p><p type="colorEdges">102, 255, 102</p><p type="coordinates">332, 1131</p><tags><tag>word</tag></tags></rectangle><rectangle><p type="text">appointed</p><p type="orientation">0</p><p type="wh">326, 90</p><p type="color">255, 0, 0</p><p type="colorEdges">102, 255, 102</p><p type="coordinates">480, 1107</p><tags><tag>word</tag></tags></rectangle><rectangle><p type="text">the</p><p type="orientation">0</p><p type="wh">103, 60</p><p type="color">255, 0, 0</p><p type="colorEdges">102, 255, 102</p><p type="coordinates">820, 1102</p><tags><tag>word</tag></tags></rectangle><rectangle><p type="text">17th</p><p type="orientation">0</p><p type="wh">74, 71</p><p type="color">255, 0, 0</p><p type="colorEdges">102, 255, 102</p><p type="coordinates">948, 1094</p><tags><tag>word</tag></tags></rectangle><rectangle><p type="text">of</p><p type="orientation">0</p><p type="wh">80, 76</p><p type="color">255, 0, 0</p><p type="colorEdges">102, 255, 102</p><p type="coordinates">1043, 1102</p><tags><tag>word</tag></tags></rectangle><rectangle><p type="text">september</p><p type="orientation">0</p><p type="wh">315, 87</p><p type="color">255, 0, 0</p><p type="colorEdges">102, 255, 102</p><p type="coordinates">1108, 1099</p><tags><tag>word</tag></tags></rectangle><rectangle><p type="text">captain</p><p type="orientation">0</p><p type="wh">312, 104</p><p type="color">255, 0, 0</p><p type="colorEdges">102, 255, 102</p><p type="coordinates">743, 1174</p><tags><tag>word</tag></tags></rectangle><rectangle><p type="text">mercer</p><p type="orientation">0</p><p type="wh">214, 70</p><p type="color">255, 0, 0</p><p type="colorEdges">102, 255, 102</p><p type="coordinates">1128, 1187</p><tags><tag>word</tag></tags></rectangle><rectangle><p type="text">pay</p><p type="orientation">0</p><p type="wh">147, 67</p><p type="color">255, 0, 0</p><p type="colorEdges">102, 255, 102</p><p type="coordinates">1343, 1211</p><tags><tag>word</tag></tags></rectangle><rectangle><p type="text">as</p><p type="orientation">0</p><p type="wh">72, 38</p><p type="color">255, 0, 0</p><p type="colorEdges">102, 255, 102</p><p type="coordinates">1499, 1219</p><tags><tag>word</tag></tags></rectangle><rectangle><p type="text">aid</p><p type="orientation">0</p><p type="wh">115, 40</p><p type="color">255, 0, 0</p><p type="colorEdges">102, 255, 102</p><p type="coordinates">1588, 1214</p><tags><tag>word</tag></tags></rectangle><rectangle><p type="text">de</p><p type="orientation">0</p><p type="wh">60, 43</p><p type="color">255, 0, 0</p><p type="colorEdges">102, 255, 102</p><p type="coordinates">1703, 1214</p><tags><tag>word</tag></tags></rectangle><rectangle><p type="text">camp</p><p type="orientation">0</p><p type="wh">170, 56</p><p type="color">255, 0, 0</p><p type="colorEdges">102, 255, 102</p><p type="coordinates">1780, 1222</p><tags><tag>word</tag></tags></rectangle><rectangle><p type="text">seems</p><p type="orientation">0</p><p type="wh">200, 38</p><p type="color">255, 0, 0</p><p type="colorEdges">102, 255, 102</p><p type="coordinates">223, 1299</p><tags><tag>word</tag></tags></rectangle><rectangle><p type="text">yet</p><p type="orientation">0</p><p type="wh">132, 83</p><p type="color">255, 0, 0</p><p type="colorEdges">102, 255, 102</p><p type="coordinates">439, 1283</p><tags><tag>word</tag></tags></rectangle><rectangle><p type="text">doubtful</p><p type="orientation">0</p><p type="wh">304, 83</p><p type="color">255, 0, 0</p><p type="colorEdges">102, 255, 102</p><p type="coordinates">599, 1278</p><tags><tag>word</tag></tags></rectangle><rectangle><p type="text">i</p><p type="orientation">0</p><p type="wh">82, 80</p><p type="color">255, 0, 0</p><p type="colorEdges">102, 255, 102</p><p type="coordinates">944, 1262</p><tags><tag>word</tag></tags></rectangle><rectangle><p type="text">should</p><p type="orientation">0</p><p type="wh">255, 62</p><p type="color">255, 0, 0</p><p type="colorEdges">102, 255, 102</p><p type="coordinates">1004, 1275</p><tags><tag>word</tag></tags></rectangle><rectangle><p type="text">be</p><p type="orientation">0</p><p type="wh">62, 67</p><p type="color">255, 0, 0</p><p type="colorEdges">102, 255, 102</p><p type="coordinates">1260, 1267</p><tags><tag>word</tag></tags></rectangle><rectangle><p type="text">glad</p><p type="orientation">0</p><p type="wh">147, 104</p><p type="color">255, 0, 0</p><p type="colorEdges">102, 255, 102</p><p type="coordinates">1335, 1254</p><tags><tag>word</tag></tags></rectangle><rectangle><p type="text">if</p><p type="orientation">0</p><p type="wh">84, 75</p><p type="color">255, 0, 0</p><p type="colorEdges">102, 255, 102</p><p type="coordinates">1491, 1278</p><tags><tag>word</tag></tags></rectangle><rectangle><p type="text">your</p><p type="orientation">0</p><p type="wh">152, 64</p><p type="color">255, 0, 0</p><p type="colorEdges">102, 255, 102</p><p type="coordinates">1555, 1302</p><tags><tag>word</tag></tags></rectangle><rectangle><p type="text">honour</p><p type="orientation">0</p><p type="wh">255, 64</p><p type="color">255, 0, 0</p><p type="colorEdges">102, 255, 102</p><p type="coordinates">1711, 1270</p><tags><tag>word</tag></tags></rectangle><rectangle><p type="text">would</p><p type="orientation">0</p><p type="wh">228, 54</p><p type="color">255, 0, 0</p><p type="colorEdges">102, 255, 102</p><p type="coordinates">231, 1363</p><tags><tag>word</tag></tags></rectangle><rectangle><p type="text">fix</p><p type="orientation">0</p><p type="wh">115, 83</p><p type="color">255, 0, 0</p><p type="colorEdges">102, 255, 102</p><p type="coordinates">464, 1358</p><tags><tag>word</tag></tags></rectangle><rectangle><p type="text">it</p><p type="orientation">0</p><p type="wh">74, 59</p><p type="color">255, 0, 0</p><p type="colorEdges">102, 255, 102</p><p type="coordinates">608, 1366</p><tags><tag>word</tag></tags></rectangle><rectangle><p type="text">so</p><p type="orientation">0</p><p type="wh">123, 38</p><p type="color">255, 0, 0</p><p type="colorEdges">102, 255, 102</p><p type="coordinates">723, 1387</p><tags><tag>word</tag></tags></rectangle><rectangle><p type="text">is</p><p type="orientation">0</p><p type="wh">267, 83</p><p type="color">255, 0, 0</p><p type="colorEdges">102, 255, 102</p><p type="coordinates">863, 1363</p><tags><tag>word</tag></tags></rectangle><rectangle><p type="text">captain</p><p type="orientation">0</p><p type="wh">259, 78</p><p type="color">255, 0, 0</p><p type="colorEdges">102, 255, 102</p><p type="coordinates">1140, 1347</p><tags><tag>word</tag></tags></rectangle><rectangle><p type="text">stewarts</p><p type="orientation">0</p><p type="wh">103, 83</p><p type="color">255, 0, 0</p><p type="colorEdges">102, 255, 102</p><p type="coordinates">1432, 1358</p><tags><tag>word</tag></tags></rectangle><rectangle><p type="text">if</p><p type="orientation">0</p><p type="wh">279, 78</p><p type="color">255, 0, 0</p><p type="colorEdges">102, 255, 102</p><p type="coordinates">1535, 1363</p><tags><tag>word</tag></tags></rectangle><rectangle><p type="text">captain</p><p type="orientation">0</p><p type="wh">162, 75</p><p type="color">255, 0, 0</p><p type="colorEdges">102, 255, 102</p><p type="coordinates">1808, 1347</p><tags><tag>word</tag></tags></rectangle><rectangle><p type="text">stewarts</p><p type="orientation">0</p><p type="wh">123, 51</p><p type="color">255, 0, 0</p><p type="colorEdges">102, 255, 102</p><p type="coordinates">227, 1459</p><tags><tag>word</tag></tags></rectangle><rectangle><p type="text">is</p><p type="orientation">0</p><p type="wh">52, 35</p><p type="color">255, 0, 0</p><p type="colorEdges">102, 255, 102</p><p type="coordinates">383, 1478</p><tags><tag>word</tag></tags></rectangle><rectangle><p type="text">encreased</p><p type="orientation">0</p><p type="wh">335, 48</p><p type="color">255, 0, 0</p><p type="colorEdges">102, 255, 102</p><p type="coordinates">456, 1462</p><tags><tag>word</tag></tags></rectangle><rectangle><p type="text">i</p><p type="orientation">0</p><p type="wh">83, 75</p><p type="color">255, 0, 0</p><p type="colorEdges">102, 255, 102</p><p type="coordinates">808, 1438</p><tags><tag>word</tag></tags></rectangle><rectangle><p type="text">suppose</p><p type="orientation">0</p><p type="wh">256, 67</p><p type="color">255, 0, 0</p><p type="colorEdges">102, 255, 102</p><p type="coordinates">867, 1462</p><tags><tag>word</tag></tags></rectangle><rectangle><p type="text">all</p><p type="orientation">0</p><p type="wh">123, 56</p><p type="color">255, 0, 0</p><p type="colorEdges">102, 255, 102</p><p type="coordinates">1152, 1462</p><tags><tag>word</tag></tags></rectangle><rectangle><p type="text">the</p><p type="orientation">0</p><p type="wh">91, 59</p><p type="color">255, 0, 0</p><p type="colorEdges">102, 255, 102</p><p type="coordinates">1280, 1459</p><tags><tag>word</tag></tags></rectangle><rectangle><p type="text">officers</p><p type="orientation">0</p><p type="wh">230, 70</p><p type="color">255, 0, 0</p><p type="colorEdges">102, 255, 102</p><p type="coordinates">1408, 1459</p><tags><tag>word</tag></tags></rectangle><rectangle><p type="text">belonging</p><p type="orientation">0</p><p type="wh">310, 83</p><p type="color">255, 0, 0</p><p type="colorEdges">102, 255, 102</p><p type="coordinates">1644, 1446</p><tags><tag>word</tag></tags></rectangle><rectangle><p type="text">to</p><p type="orientation">0</p><p type="wh">60, 48</p><p type="color">255, 0, 0</p><p type="colorEdges">102, 255, 102</p><p type="coordinates">235, 1542</p><tags><tag>word</tag></tags></rectangle><rectangle><p type="text">the</p><p type="orientation">0</p><p type="wh">99, 67</p><p type="color">255, 0, 0</p><p type="colorEdges">102, 255, 102</p><p type="coordinates">316, 1523</p><tags><tag>word</tag></tags></rectangle><rectangle><p type="text">light</p><p type="orientation">0</p><p type="wh">194, 94</p><p type="color">255, 0, 0</p><p type="colorEdges">102, 255, 102</p><p type="coordinates">452, 1523</p><tags><tag>word</tag></tags></rectangle><rectangle><p type="text">horse</p><p type="orientation">0</p><p type="wh">182, 64</p><p type="color">255, 0, 0</p><p type="colorEdges">102, 255, 102</p><p type="coordinates">660, 1534</p><tags><tag>word</tag></tags></rectangle><rectangle><p type="text">will</p><p type="orientation">0</p><p type="wh">180, 59</p><p type="color">255, 0, 0</p><p type="colorEdges">102, 255, 102</p><p type="coordinates">883, 1534</p><tags><tag>word</tag></tags></rectangle><rectangle><p type="text">expect</p><p type="orientation">0</p><p type="wh">223, 75</p><p type="color">255, 0, 0</p><p type="colorEdges">102, 255, 102</p><p type="coordinates">1071, 1542</p><tags><tag>word</tag></tags></rectangle><rectangle><p type="text">to</p><p type="orientation">0</p><p type="wh">54, 46</p><p type="color">255, 0, 0</p><p type="colorEdges">102, 255, 102</p><p type="coordinates">1304, 1547</p><tags><tag>word</tag></tags></rectangle><rectangle><p type="text">have</p><p type="orientation">0</p><p type="wh">172, 64</p><p type="color">255, 0, 0</p><p type="colorEdges">102, 255, 102</p><p type="coordinates">1371, 1534</p><tags><tag>word</tag></tags></rectangle><rectangle><p type="text">theirs</p><p type="orientation">0</p><p type="wh">168, 64</p><p type="color">255, 0, 0</p><p type="colorEdges">102, 255, 102</p><p type="coordinates">1563, 1534</p><tags><tag>word</tag></tags></rectangle><rectangle><p type="text">augmen</p><p type="orientation">0</p><p type="wh">250, 56</p><p type="color">255, 0, 0</p><p type="colorEdges">102, 255, 102</p><p type="coordinates">1740, 1558</p><tags><tag>word</tag></tags></rectangle><rectangle><p type="text">ted</p><p type="orientation">0</p><p type="wh">131, 51</p><p type="color">255, 0, 0</p><p type="colorEdges">102, 255, 102</p><p type="coordinates">231, 1622</p><tags><tag>word</tag></tags></rectangle><rectangle><p type="text">also</p><p type="orientation">0</p><p type="wh">167, 62</p><p type="color">255, 0, 0</p><p type="colorEdges">102, 255, 102</p><p type="coordinates">375, 1619</p><tags><tag>word</tag></tags></rectangle><rectangle><p type="text">colonel</p><p type="orientation">0</p><p type="wh">287, 75</p><p type="color">255, 0, 0</p><p type="colorEdges">102, 255, 102</p><p type="coordinates">772, 1603</p><tags><tag>word</tag></tags></rectangle><rectangle><p type="text">stephens</p><p type="orientation">0</p><p type="wh">287, 99</p><p type="color">255, 0, 0</p><p type="colorEdges">102, 255, 102</p><p type="coordinates">1071, 1606</p><tags><tag>word</tag></tags></rectangle><rectangle><p type="text">in</p><p type="orientation">0</p><p type="wh">72, 32</p><p type="color">255, 0, 0</p><p type="colorEdges">102, 255, 102</p><p type="coordinates">1367, 1654</p><tags><tag>word</tag></tags></rectangle><rectangle><p type="text">a</p><p type="orientation">0</p><p type="wh">50, 27</p><p type="color">255, 0, 0</p><p type="colorEdges">102, 255, 102</p><p type="coordinates">1468, 1659</p><tags><tag>word</tag></tags></rectangle><rectangle><p type="text">late</p><p type="orientation">0</p><p type="wh">119, 54</p><p type="color">255, 0, 0</p><p type="colorEdges">102, 255, 102</p><p type="coordinates">1551, 1627</p><tags><tag>word</tag></tags></rectangle><rectangle><p type="text">letter</p><p type="orientation">0</p><p type="wh">160, 54</p><p type="color">255, 0, 0</p><p type="colorEdges">102, 255, 102</p><p type="coordinates">1695, 1627</p><tags><tag>word</tag></tags></rectangle><rectangle><p type="text">dis</p><p type="orientation">0</p><p type="wh">115, 56</p><p type="color">255, 0, 0</p><p type="colorEdges">102, 255, 102</p><p type="coordinates">1867, 1630</p><tags><tag>word</tag></tags></rectangle><rectangle><p type="text">covered</p><p type="orientation">0</p><p type="wh">244, 54</p><p type="color">255, 0, 0</p><p type="colorEdges">102, 255, 102</p><p type="coordinates">239, 1707</p><tags><tag>word</tag></tags></rectangle><rectangle><p type="text">an</p><p type="orientation">0</p><p type="wh">107, 30</p><p type="color">255, 0, 0</p><p type="colorEdges">102, 255, 102</p><p type="coordinates">484, 1731</p><tags><tag>word</tag></tags></rectangle><rectangle><p type="text">inclination</p><p type="orientation">0</p><p type="wh">447, 64</p><p type="color">255, 0, 0</p><p type="colorEdges">102, 255, 102</p><p type="coordinates">624, 1702</p><tags><tag>word</tag></tags></rectangle><rectangle><p type="text">to</p><p type="orientation">0</p><p type="wh">54, 51</p><p type="color">255, 0, 0</p><p type="colorEdges">102, 255, 102</p><p type="coordinates">1092, 1710</p><tags><tag>word</tag></tags></rectangle><rectangle><p type="text">go</p><p type="orientation">0</p><p type="wh">80, 46</p><p type="color">255, 0, 0</p><p type="colorEdges">102, 255, 102</p><p type="coordinates">1171, 1739</p><tags><tag>word</tag></tags></rectangle><rectangle><p type="text">to</p><p type="orientation">0</p><p type="wh">58, 51</p><p type="color">255, 0, 0</p><p type="colorEdges">102, 255, 102</p><p type="coordinates">1276, 1723</p><tags><tag>word</tag></tags></rectangle><rectangle><p type="text">the</p><p type="orientation">0</p><p type="wh">107, 59</p><p type="color">255, 0, 0</p><p type="colorEdges">102, 255, 102</p><p type="coordinates">1363, 1710</p><tags><tag>word</tag></tags></rectangle><rectangle><p type="text">creek</p><p type="orientation">0</p><p type="wh">208, 70</p><p type="color">255, 0, 0</p><p type="colorEdges">102, 255, 102</p><p type="coordinates">1495, 1699</p><tags><tag>word</tag></tags></rectangle><rectangle><p type="text">and</p><p type="orientation">0</p><p type="wh">131, 40</p><p type="color">255, 0, 0</p><p type="colorEdges">102, 255, 102</p><p type="coordinates">1707, 1726</p><tags><tag>word</tag></tags></rectangle><rectangle><p type="text">che</p><p type="orientation">0</p><p type="wh">111, 62</p><p type="color">255, 0, 0</p><p type="colorEdges">102, 255, 102</p><p type="coordinates">1839, 1707</p><tags><tag>word</tag></tags></rectangle><rectangle><p type="text">rokee</p><p type="orientation">0</p><p type="wh">155, 70</p><p type="color">255, 0, 0</p><p type="colorEdges">102, 255, 102</p><p type="coordinates">243, 1779</p><tags><tag>word</tag></tags></rectangle><rectangle><p type="text">indians</p><p type="orientation">0</p><p type="wh">332, 91</p><p type="color">255, 0, 0</p><p type="colorEdges">102, 255, 102</p><p type="coordinates">427, 1774</p><tags><tag>word</tag></tags></rectangle><rectangle><p type="text">this</p><p type="orientation">0</p><p type="wh">127, 78</p><p type="color">255, 0, 0</p><p type="colorEdges">102, 255, 102</p><p type="coordinates">784, 1779</p><tags><tag>word</tag></tags></rectangle><rectangle><p type="text">winter</p><p type="orientation">0</p><p type="wh">250, 59</p><p type="color">255, 0, 0</p><p type="colorEdges">102, 255, 102</p><p type="coordinates">936, 1795</p><tags><tag>word</tag></tags></rectangle><rectangle><p type="text">i</p><p type="orientation">0</p><p type="wh">212, 86</p><p type="color">255, 0, 0</p><p type="colorEdges">102, 255, 102</p><p type="coordinates">1231, 1771</p><tags><tag>word</tag></tags></rectangle><rectangle><p type="text">told</p><p type="orientation">0</p><p type="wh">139, 75</p><p type="color">255, 0, 0</p><p type="colorEdges">102, 255, 102</p><p type="coordinates">1440, 1787</p><tags><tag>word</tag></tags></rectangle><rectangle><p type="text">him</p><p type="orientation">0</p><p type="wh">174, 67</p><p type="color">255, 0, 0</p><p type="colorEdges">102, 255, 102</p><p type="coordinates">1612, 1795</p><tags><tag>word</tag></tags></rectangle><rectangle><p type="text">where</p><p type="orientation">0</p><p type="wh">56, 48</p><p type="color">255, 0, 0</p><p type="colorEdges">102, 255, 102</p><p type="coordinates">1815, 1806</p><tags><tag>word</tag></tags></rectangle><rectangle><p type="text">to</p><p type="orientation">0</p><p type="wh">91, 48</p><p type="color">255, 0, 0</p><p type="colorEdges">102, 255, 102</p><p type="coordinates">1879, 1822</p><tags><tag>word</tag></tags></rectangle><rectangle><p type="text">apply</p><p type="orientation">0</p><p type="wh">123, 86</p><p type="color">255, 0, 0</p><p type="colorEdges">102, 255, 102</p><p type="coordinates">231, 1875</p><tags><tag>word</tag></tags></rectangle><rectangle><p type="text">if</p><p type="orientation">0</p><p type="wh">88, 80</p><p type="color">255, 0, 0</p><p type="colorEdges">102, 255, 102</p><p type="coordinates">383, 1870</p><tags><tag>word</tag></tags></rectangle><rectangle><p type="text">he</p><p type="orientation">0</p><p type="wh">91, 78</p><p type="color">255, 0, 0</p><p type="colorEdges">102, 255, 102</p><p type="coordinates">488, 1859</p><tags><tag>word</tag></tags></rectangle><rectangle><p type="text">had</p><p type="orientation">0</p><p type="wh">190, 75</p><p type="color">255, 0, 0</p><p type="colorEdges">102, 255, 102</p><p type="coordinates">624, 1862</p><tags><tag>word</tag></tags></rectangle><rectangle><p type="text">any</p><p type="orientation">0</p><p type="wh">162, 62</p><p type="color">255, 0, 0</p><p type="colorEdges">102, 255, 102</p><p type="coordinates">828, 1907</p><tags><tag>word</tag></tags></rectangle><rectangle><p type="text">such</p><p type="orientation">0</p><p type="wh">220, 78</p><p type="color">255, 0, 0</p><p type="colorEdges">102, 255, 102</p><p type="coordinates">1011, 1867</p><tags><tag>word</tag></tags></rectangle><rectangle><p type="text">thoughts</p><p type="orientation">0</p><p type="wh">312, 96</p><p type="color">255, 0, 0</p><p type="colorEdges">102, 255, 102</p><p type="coordinates">1235, 1870</p><tags><tag>word</tag></tags></rectangle><rectangle><p type="text">i</p><p type="orientation">0</p><p type="wh">94, 80</p><p type="color">255, 0, 0</p><p type="colorEdges">102, 255, 102</p><p type="coordinates">1588, 1862</p><tags><tag>word</tag></tags></rectangle><rectangle><p type="text">believe</p><p type="orientation">0</p><p type="wh">243, 75</p><p type="color">255, 0, 0</p><p type="colorEdges">102, 255, 102</p><p type="coordinates">1648, 1867</p><tags><tag>word</tag></tags></rectangle><rectangle><p type="text">on</p><p type="orientation">0</p><p type="wh">70, 40</p><p type="color">255, 0, 0</p><p type="colorEdges">102, 255, 102</p><p type="coordinates">1892, 1910</p><tags><tag>word</tag></tags></rectangle><rectangle><p type="text">so</p><p type="orientation">0</p><p type="wh">76, 48</p><p type="color">255, 0, 0</p><p type="colorEdges">102, 255, 102</p><p type="coordinates">235, 1974</p><tags><tag>word</tag></tags></rectangle><rectangle><p type="text">useful</p><p type="orientation">0</p><p type="wh">267, 83</p><p type="color">255, 0, 0</p><p type="colorEdges">102, 255, 102</p><p type="coordinates">340, 1955</p><tags><tag>word</tag></tags></rectangle><rectangle><p type="text">a</p><p type="orientation">0</p><p type="wh">54, 30</p><p type="color">255, 0, 0</p><p type="colorEdges">102, 255, 102</p><p type="coordinates">616, 1987</p><tags><tag>word</tag></tags></rectangle><rectangle><p type="text">business</p><p type="orientation">0</p><p type="wh">348, 88</p><p type="color">255, 0, 0</p><p type="colorEdges">102, 255, 102</p><p type="coordinates">707, 1958</p><tags><tag>word</tag></tags></rectangle><rectangle><p type="text">he</p><p type="orientation">0</p><p type="wh">99, 75</p><p type="color">255, 0, 0</p><p type="colorEdges">102, 255, 102</p><p type="coordinates">1043, 1950</p><tags><tag>word</tag></tags></rectangle><rectangle><p type="text">might</p><p type="orientation">0</p><p type="wh">248, 110</p><p type="color">255, 0, 0</p><p type="colorEdges">102, 255, 102</p><p type="coordinates">1179, 1947</p><tags><tag>word</tag></tags></rectangle><rectangle><p type="text">be</p><p type="orientation">0</p><p type="wh">78, 62</p><p type="color">255, 0, 0</p><p type="colorEdges">102, 255, 102</p><p type="coordinates">1440, 1963</p><tags><tag>word</tag></tags></rectangle><rectangle><p type="text">spared</p><p type="orientation">0</p><p type="wh">255, 78</p><p type="color">255, 0, 0</p><p type="colorEdges">102, 255, 102</p><p type="coordinates">1543, 1971</p><tags><tag>word</tag></tags></rectangle><rectangle><p type="text">until</p><p type="orientation">0</p><p type="wh">182, 54</p><p type="color">255, 0, 0</p><p type="colorEdges">102, 255, 102</p><p type="coordinates">1796, 1979</p><tags><tag>word</tag></tags></rectangle><rectangle><p type="text">the</p><p type="orientation">0</p><p type="wh">99, 70</p><p type="color">255, 0, 0</p><p type="colorEdges">102, 255, 102</p><p type="coordinates">243, 2035</p><tags><tag>word</tag></tags></rectangle><rectangle><p type="text">spring</p><p type="orientation">0</p><p type="wh">260, 107</p><p type="color">255, 0, 0</p><p type="colorEdges">102, 255, 102</p><p type="coordinates">375, 2038</p><tags><tag>word</tag></tags></rectangle><rectangle><p type="text">if</p><p type="orientation">0</p><p type="wh">115, 104</p><p type="color">255, 0, 0</p><p type="colorEdges">102, 255, 102</p><p type="coordinates">792, 2030</p><tags><tag>word</tag></tags></rectangle><rectangle><p type="text">your</p><p type="orientation">0</p><p type="wh">172, 56</p><p type="color">255, 0, 0</p><p type="colorEdges">102, 255, 102</p><p type="coordinates">903, 2078</p><tags><tag>word</tag></tags></rectangle><rectangle><p type="text">honor</p><p type="orientation">0</p><p type="wh">214, 67</p><p type="color">255, 0, 0</p><p type="colorEdges">102, 255, 102</p><p type="coordinates">1092, 2046</p><tags><tag>word</tag></tags></rectangle><rectangle><p type="text">think</p><p type="orientation">0</p><p type="wh">240, 62</p><p type="color">255, 0, 0</p><p type="colorEdges">102, 255, 102</p><p type="coordinates">1331, 2051</p><tags><tag>word</tag></tags></rectangle><rectangle><p type="text">proper</p><p type="orientation">0</p><p type="wh">204, 64</p><p type="color">255, 0, 0</p><p type="colorEdges">102, 255, 102</p><p type="coordinates">1559, 2078</p><tags><tag>word</tag></tags></rectangle><rectangle><p type="text">to</p><p type="orientation">0</p><p type="wh">59, 46</p><p type="color">255, 0, 0</p><p type="colorEdges">102, 255, 102</p><p type="coordinates">1792, 2067</p><tags><tag>word</tag></tags></rectangle><rectangle><p type="text">or</p><p type="orientation">0</p><p type="wh">71, 38</p><p type="color">255, 0, 0</p><p type="colorEdges">102, 255, 102</p><p type="coordinates">1863, 2075</p><tags><tag>word</tag></tags></rectangle><rectangle><p type="text">der</p><p type="orientation">0</p><p type="wh">107, 54</p><p type="color">255, 0, 0</p><p type="colorEdges">102, 255, 102</p><p type="coordinates">243, 2131</p><tags><tag>word</tag></tags></rectangle><rectangle><p type="text">the</p><p type="orientation">0</p><p type="wh">123, 75</p><p type="color">255, 0, 0</p><p type="colorEdges">102, 255, 102</p><p type="coordinates">391, 2118</p><tags><tag>word</tag></tags></rectangle><rectangle><p type="text">act</p><p type="orientation">0</p><p type="wh">171, 59</p><p type="color">255, 0, 0</p><p type="colorEdges">102, 255, 102</p><p type="coordinates">547, 2134</p><tags><tag>word</tag></tags></rectangle><rectangle><p type="text">of</p><p type="orientation">0</p><p type="wh">95, 83</p><p type="color">255, 0, 0</p><p type="colorEdges">102, 255, 102</p><p type="coordinates">735, 2134</p><tags><tag>word</tag></tags></rectangle><rectangle><p type="text">assembly</p><p type="orientation">0</p><p type="wh">303, 107</p><p type="color">255, 0, 0</p><p type="colorEdges">102, 255, 102</p><p type="coordinates">867, 2126</p><tags><tag>word</tag></tags></rectangle><rectangle><p type="text">for</p><p type="orientation">0</p><p type="wh">92, 83</p><p type="color">255, 0, 0</p><p type="colorEdges">102, 255, 102</p><p type="coordinates">1171, 2142</p><tags><tag>word</tag></tags></rectangle><rectangle><p type="text">apprehending</p><p type="orientation">0</p><p type="wh">451, 88</p><p type="color">255, 0, 0</p><p type="colorEdges">102, 255, 102</p><p type="coordinates">1300, 2142</p><tags><tag>word</tag></tags></rectangle><rectangle><p type="text">deser</p><p type="orientation">0</p><p type="wh">218, 56</p><p type="color">255, 0, 0</p><p type="colorEdges">102, 255, 102</p><p type="coordinates">1748, 2150</p><tags><tag>word</tag></tags></rectangle><rectangle><p type="text">ters</p><p type="orientation">0</p><p type="wh">103, 56</p><p type="color">255, 0, 0</p><p type="colorEdges">102, 255, 102</p><p type="coordinates">247, 2222</p><tags><tag>word</tag></tags></rectangle><rectangle><p type="text">and</p><p type="orientation">0</p><p type="wh">175, 59</p><p type="color">255, 0, 0</p><p type="colorEdges">102, 255, 102</p><p type="coordinates">379, 2227</p><tags><tag>word</tag></tags></rectangle><rectangle><p type="text">against</p><p type="orientation">0</p><p type="wh">279, 80</p><p type="color">255, 0, 0</p><p type="colorEdges">102, 255, 102</p><p type="coordinates">575, 2230</p><tags><tag>word</tag></tags></rectangle><rectangle><p type="text">harbouring</p><p type="orientation">0</p><p type="wh">388, 104</p><p type="color">255, 0, 0</p><p type="colorEdges">102, 255, 102</p><p type="coordinates">883, 2214</p><tags><tag>word</tag></tags></rectangle><rectangle><p type="text">them</p><p type="orientation">0</p><p type="wh">186, 78</p><p type="color">255, 0, 0</p><p type="colorEdges">102, 255, 102</p><p type="coordinates">1272, 2227</p><tags><tag>word</tag></tags></rectangle><rectangle><p type="text">to</p><p type="orientation">0</p><p type="wh">55, 48</p><p type="color">255, 0, 0</p><p type="colorEdges">102, 255, 102</p><p type="coordinates">1476, 2246</p><tags><tag>word</tag></tags></rectangle><rectangle><p type="text">be</p><p type="orientation">0</p><p type="wh">63, 54</p><p type="color">255, 0, 0</p><p type="colorEdges">102, 255, 102</p><p type="coordinates">1555, 2235</p><tags><tag>word</tag></tags></rectangle><rectangle><p type="text">published</p><p type="orientation">0</p><p type="wh">334, 75</p><p type="color">255, 0, 0</p><p type="colorEdges">102, 255, 102</p><p type="coordinates">1632, 2235</p><tags><tag>word</tag></tags></rectangle><rectangle><p type="text">every</p><p type="orientation">0</p><p type="wh">184, 83</p><p type="color">255, 0, 0</p><p type="colorEdges">102, 255, 102</p><p type="coordinates">243, 2318</p><tags><tag>word</tag></tags></rectangle><rectangle><p type="text">sunday</p><p type="orientation">0</p><p type="wh">315, 110</p><p type="color">255, 0, 0</p><p type="colorEdges">102, 255, 102</p><p type="coordinates">456, 2291</p><tags><tag>word</tag></tags></rectangle><rectangle><p type="text">in</p><p type="orientation">0</p><p type="wh">107, 38</p><p type="color">255, 0, 0</p><p type="colorEdges">102, 255, 102</p><p type="coordinates">784, 2331</p><tags><tag>word</tag></tags></rectangle><rectangle><p type="text">each</p><p type="orientation">0</p><p type="wh">216, 72</p><p type="color">255, 0, 0</p><p type="colorEdges">102, 255, 102</p><p type="coordinates">903, 2302</p><tags><tag>word</tag></tags></rectangle><rectangle><p type="text">parish</p><p type="orientation">0</p><p type="wh">266, 94</p><p type="color">255, 0, 0</p><p type="colorEdges">102, 255, 102</p><p type="coordinates">1092, 2307</p><tags><tag>word</tag></tags></rectangle><rectangle><p type="text">church</p><p type="orientation">0</p><p type="wh">263, 67</p><p type="color">255, 0, 0</p><p type="colorEdges">102, 255, 102</p><p type="coordinates">1367, 2310</p><tags><tag>word</tag></tags></rectangle><rectangle><p type="text">until</p><p type="orientation">0</p><p type="wh">194, 51</p><p type="color">255, 0, 0</p><p type="colorEdges">102, 255, 102</p><p type="coordinates">1640, 2331</p><tags><tag>word</tag></tags></rectangle><rectangle><p type="text">the</p><p type="orientation">0</p><p type="wh">95, 64</p><p type="color">255, 0, 0</p><p type="colorEdges">102, 255, 102</p><p type="coordinates">1835, 2318</p><tags><tag>word</tag></tags></rectangle><rectangle><p type="text">people</p><p type="orientation">0</p><p type="wh">212, 83</p><p type="color">255, 0, 0</p><p type="colorEdges">102, 255, 102</p><p type="coordinates">235, 2390</p><tags><tag>word</tag></tags></rectangle><rectangle><p type="text">were</p><p type="orientation">0</p><p type="wh">147, 35</p><p type="color">255, 0, 0</p><p type="colorEdges">102, 255, 102</p><p type="coordinates">480, 2414</p><tags><tag>word</tag></tags></rectangle><rectangle><p type="text">made</p><p type="orientation">0</p><p type="wh">219, 62</p><p type="color">255, 0, 0</p><p type="colorEdges">102, 255, 102</p><p type="coordinates">680, 2395</p><tags><tag>word</tag></tags></rectangle><rectangle><p type="text">acquainted</p><p type="orientation">0</p><p type="wh">382, 75</p><p type="color">255, 0, 0</p><p type="colorEdges">102, 255, 102</p><p type="coordinates">948, 2406</p><tags><tag>word</tag></tags></rectangle><rectangle><p type="text">with</p><p type="orientation">0</p><p type="wh">176, 72</p><p type="color">255, 0, 0</p><p type="colorEdges">102, 255, 102</p><p type="coordinates">1355, 2398</p><tags><tag>word</tag></tags></rectangle><rectangle><p type="text">the</p><p type="orientation">0</p><p type="wh">111, 67</p><p type="color">255, 0, 0</p><p type="colorEdges">102, 255, 102</p><p type="coordinates">1519, 2403</p><tags><tag>word</tag></tags></rectangle><rectangle><p type="text">law</p><p type="orientation">0</p><p type="wh">134, 78</p><p type="color">255, 0, 0</p><p type="colorEdges">102, 255, 102</p><p type="coordinates">1636, 2403</p><tags><tag>word</tag></tags></rectangle><rectangle><p type="text">it</p><p type="orientation">0</p><p type="wh">59, 48</p><p type="color">255, 0, 0</p><p type="colorEdges">102, 255, 102</p><p type="coordinates">1792, 2422</p><tags><tag>word</tag></tags></rectangle><rectangle><p type="text">would</p><p type="orientation">0</p><p type="wh">131, 43</p><p type="color">255, 0, 0</p><p type="colorEdges">102, 255, 102</p><p type="coordinates">1855, 2427</p><tags><tag>word</tag></tags></rectangle><rectangle><p type="text">have</p><p type="orientation">0</p><p type="wh">168, 70</p><p type="color">255, 0, 0</p><p type="colorEdges">102, 255, 102</p><p type="coordinates">235, 2467</p><tags><tag>word</tag></tags></rectangle><rectangle><p type="text">a</p><p type="orientation">0</p><p type="wh">63, 26</p><p type="color">255, 0, 0</p><p type="colorEdges">102, 255, 102</p><p type="coordinates">423, 2503</p><tags><tag>word</tag></tags></rectangle><rectangle><p type="text">very</p><p type="orientation">0</p><p type="wh">163, 74</p><p type="color">255, 0, 0</p><p type="colorEdges">102, 255, 102</p><p type="coordinates">527, 2503</p><tags><tag>word</tag></tags></rectangle><rectangle><p type="text">good</p><p type="orientation">0</p><p type="wh">196, 79</p><p type="color">255, 0, 0</p><p type="colorEdges">102, 255, 102</p><p type="coordinates">695, 2487</p><tags><tag>word</tag></tags></rectangle><rectangle><p type="text">effect</p><p type="orientation">0</p><p type="wh">212, 87</p><p type="color">255, 0, 0</p><p type="colorEdges">102, 255, 102</p><p type="coordinates">899, 2479</p><tags><tag>word</tag></tags></rectangle><rectangle><p type="text">the</p><p type="orientation">0</p><p type="wh">143, 71</p><p type="color">255, 0, 0</p><p type="colorEdges">102, 255, 102</p><p type="coordinates">1140, 2471</p><tags><tag>word</tag></tags></rectangle><rectangle><p type="text">commonalty</p><p type="orientation">0</p><p type="wh">459, 98</p><p type="color">255, 0, 0</p><p type="colorEdges">102, 255, 102</p><p type="coordinates">1308, 2479</p><tags><tag>word</tag></tags></rectangle><rectangle><p type="text">in</p><p type="orientation">0</p><p type="wh">83, 36</p><p type="color">255, 0, 0</p><p type="colorEdges">102, 255, 102</p><p type="coordinates">1772, 2522</p><tags><tag>word</tag></tags></rectangle><rectangle><p type="text">gene</p><p type="orientation">0</p><p type="wh">143, 47</p><p type="color">255, 0, 0</p><p type="colorEdges">102, 255, 102</p><p type="coordinates">1843, 2530</p><tags><tag>word</tag></tags></rectangle><rectangle><p type="text">ral</p><p type="orientation">0</p><p type="wh">135, 55</p><p type="color">255, 0, 0</p><p type="colorEdges">102, 255, 102</p><p type="coordinates">243, 2562</p><tags><tag>word</tag></tags></rectangle><rectangle><p type="text">or</p><p type="orientation">0</p><p type="wh">111, 39</p><p type="color">255, 0, 0</p><p type="colorEdges">102, 255, 102</p><p type="coordinates">403, 2583</p><tags><tag>word</tag></tags></rectangle><rectangle><p type="text">more</p><p type="orientation">0</p><p type="wh">196, 31</p><p type="color">255, 0, 0</p><p type="colorEdges">102, 255, 102</p><p type="coordinates">535, 2591</p><tags><tag>word</tag></tags></rectangle><rectangle><p type="text">through</p><p type="orientation">0</p><p type="wh">304, 103</p><p type="color">255, 0, 0</p><p type="colorEdges">102, 255, 102</p><p type="coordinates">755, 2562</p><tags><tag>word</tag></tags></rectangle><rectangle><p type="text">ignorance</p><p type="orientation">0</p><p type="wh">356, 68</p><p type="color">255, 0, 0</p><p type="colorEdges">102, 255, 102</p><p type="coordinates">1047, 2602</p><tags><tag>word</tag></tags></rectangle><rectangle><p type="text">than</p><p type="orientation">0</p><p type="wh">175, 71</p><p type="color">255, 0, 0</p><p type="colorEdges">102, 255, 102</p><p type="coordinates">1424, 2583</p><tags><tag>word</tag></tags></rectangle><rectangle><p type="text">design</p><p type="orientation">0</p><p type="wh">222, 71</p><p type="color">255, 0, 0</p><p type="colorEdges">102, 255, 102</p><p type="coordinates">1624, 2599</p><tags><tag>word</tag></tags></rectangle><rectangle><p type="text">few</p><p type="orientation">0</p><p type="wh">87, 58</p><p type="color">255, 0, 0</p><p type="colorEdges">102, 255, 102</p><p type="coordinates">1867, 2607</p><tags><tag>word</tag></tags></rectangle><rectangle><p type="text">of</p><p type="orientation">0</p><p type="wh">72, 79</p><p type="color">255, 0, 0</p><p type="colorEdges">102, 255, 102</p><p type="coordinates">247, 2650</p><tags><tag>word</tag></tags></rectangle><rectangle><p type="text">them</p><p type="orientation">0</p><p type="wh">182, 74</p><p type="color">255, 0, 0</p><p type="colorEdges">102, 255, 102</p><p type="coordinates">348, 2631</p><tags><tag>word</tag></tags></rectangle><rectangle><p type="text">are</p><p type="orientation">0</p><p type="wh">111, 36</p><p type="color">255, 0, 0</p><p type="colorEdges">102, 255, 102</p><p type="coordinates">535, 2674</p><tags><tag>word</tag></tags></rectangle><rectangle><p type="text">acquainted</p><p type="orientation">0</p><p type="wh">404, 66</p><p type="color">255, 0, 0</p><p type="colorEdges">102, 255, 102</p><p type="coordinates">687, 2671</p><tags><tag>word</tag></tags></rectangle><rectangle><p type="text">that</p><p type="orientation">0</p><p type="wh">163, 68</p><p type="color">255, 0, 0</p><p type="colorEdges">102, 255, 102</p><p type="coordinates">1108, 2658</p><tags><tag>word</tag></tags></rectangle><rectangle><p type="text">such</p><p type="orientation">0</p><p type="wh">186, 55</p><p type="color">255, 0, 0</p><p type="colorEdges">102, 255, 102</p><p type="coordinates">1284, 2679</p><tags><tag>word</tag></tags></rectangle><rectangle><p type="text">a</p><p type="orientation">0</p><p type="wh">46, 31</p><p type="color">255, 0, 0</p><p type="colorEdges">102, 255, 102</p><p type="coordinates">1480, 2706</p><tags><tag>word</tag></tags></rectangle><rectangle><p type="text">law</p><p type="orientation">0</p><p type="wh">143, 71</p><p type="color">255, 0, 0</p><p type="colorEdges">102, 255, 102</p><p type="coordinates">1539, 2671</p><tags><tag>word</tag></tags></rectangle><rectangle><p type="text">exists</p><p type="orientation">0</p><p type="wh">168, 55</p><p type="color">255, 0, 0</p><p type="colorEdges">102, 255, 102</p><p type="coordinates">1687, 2690</p><tags><tag>word</tag></tags></rectangle><rectangle><p type="text">and</p><p type="orientation">0</p><p type="wh">95, 34</p><p type="color">255, 0, 0</p><p type="colorEdges">102, 255, 102</p><p type="coordinates">1879, 2711</p><tags><tag>word</tag></tags></rectangle><rectangle><p type="text">there</p><p type="orientation">0</p><p type="wh">160, 58</p><p type="color">255, 0, 0</p><p type="colorEdges">102, 255, 102</p><p type="coordinates">251, 2735</p><tags><tag>word</tag></tags></rectangle><rectangle><p type="text">is</p><p type="orientation">0</p><p type="wh">58, 34</p><p type="color">255, 0, 0</p><p type="colorEdges">102, 255, 102</p><p type="coordinates">448, 2759</p><tags><tag>word</tag></tags></rectangle><rectangle><p type="text">no</p><p type="orientation">0</p><p type="wh">103, 34</p><p type="color">255, 0, 0</p><p type="colorEdges">102, 255, 102</p><p type="coordinates">547, 2759</p><tags><tag>word</tag></tags></rectangle><rectangle><p type="text">other</p><p type="orientation">0</p><p type="wh">170, 68</p><p type="color">255, 0, 0</p><p type="colorEdges">102, 255, 102</p><p type="coordinates">680, 2730</p><tags><tag>word</tag></tags></rectangle><rectangle><p type="text">certain</p><p type="orientation">0</p><p type="wh">259, 71</p><p type="color">255, 0, 0</p><p type="colorEdges">102, 255, 102</p><p type="coordinates">895, 2743</p><tags><tag>word</tag></tags></rectangle><rectangle><p type="text">way</p><p type="orientation">0</p><p type="wh">151, 55</p><p type="color">255, 0, 0</p><p type="colorEdges">102, 255, 102</p><p type="coordinates">1175, 2778</p><tags><tag>word</tag></tags></rectangle><rectangle><p type="text">of</p><p type="orientation">0</p><p type="wh">96, 76</p><p type="color">255, 0, 0</p><p type="colorEdges">102, 255, 102</p><p type="coordinates">1343, 2754</p><tags><tag>word</tag></tags></rectangle><rectangle><p type="text">bringing</p><p type="orientation">0</p><p type="wh">287, 87</p><p type="color">255, 0, 0</p><p type="colorEdges">102, 255, 102</p><p type="coordinates">1428, 2754</p><tags><tag>word</tag></tags></rectangle><rectangle><p type="text">it</p><p type="orientation">0</p><p type="wh">67, 50</p><p type="color">255, 0, 0</p><p type="colorEdges">102, 255, 102</p><p type="coordinates">1723, 2767</p><tags><tag>word</tag></tags></rectangle><rectangle><p type="text">to</p><p type="orientation">0</p><p type="wh">55, 47</p><p type="color">255, 0, 0</p><p type="colorEdges">102, 255, 102</p><p type="coordinates">1800, 2770</p><tags><tag>word</tag></tags></rectangle><rectangle><p type="text">their</p><p type="orientation">0</p><p type="wh">127, 58</p><p type="color">255, 0, 0</p><p type="colorEdges">102, 255, 102</p><p type="coordinates">1855, 2759</p><tags><tag>word</tag></tags></rectangle><rectangle><p type="text">knowledge</p><p type="orientation">0</p><p type="wh">407, 99</p><p type="color">255, 0, 0</p><p type="colorEdges">102, 255, 102</p><p type="coordinates">251, 2810</p><tags><tag>word</tag></tags></rectangle><rectangle><p type="text">there</p><p type="orientation">0</p><p type="wh">212, 67</p><p type="color">255, 0, 0</p><p type="colorEdges">102, 255, 102</p><p type="coordinates">747, 2815</p><tags><tag>word</tag></tags></rectangle><rectangle><p type="text">are</p><p type="orientation">0</p><p type="wh">142, 35</p><p type="color">255, 0, 0</p><p type="colorEdges">102, 255, 102</p><p type="coordinates">988, 2855</p><tags><tag>word</tag></tags></rectangle><rectangle><p type="text">a</p><p type="orientation">0</p><p type="wh">75, 35</p><p type="color">255, 0, 0</p><p type="colorEdges">102, 255, 102</p><p type="coordinates">1148, 2858</p><tags><tag>word</tag></tags></rectangle><rectangle><p type="text">great</p><p type="orientation">0</p><p type="wh">216, 67</p><p type="color">255, 0, 0</p><p type="colorEdges">102, 255, 102</p><p type="coordinates">1215, 2855</p><tags><tag>word</tag></tags></rectangle><rectangle><p type="text">many</p><p type="orientation">0</p><p type="wh">214, 64</p><p type="color">255, 0, 0</p><p type="colorEdges">102, 255, 102</p><p type="coordinates">1460, 2866</p><tags><tag>word</tag></tags></rectangle><rectangle><p type="text">of</p><p type="orientation">0</p><p type="wh">68, 64</p><p type="color">255, 0, 0</p><p type="colorEdges">102, 255, 102</p><p type="coordinates">1683, 2842</p><tags><tag>word</tag></tags></rectangle><rectangle><p type="text">the</p><p type="orientation">0</p><p type="wh">98, 59</p><p type="color">255, 0, 0</p><p type="colorEdges">102, 255, 102</p><p type="coordinates">1744, 2842</p><tags><tag>word</tag></tags></rectangle><rectangle><p type="text">men</p><p type="orientation">0</p><p type="wh">127, 38</p><p type="color">255, 0, 0</p><p type="colorEdges">102, 255, 102</p><p type="coordinates">1839, 2871</p><tags><tag>word</tag></tags></rectangle><rectangle><p type="text">that</p><p type="orientation">0</p><p type="wh">176, 54</p><p type="color">255, 0, 0</p><p type="colorEdges">102, 255, 102</p><p type="coordinates">259, 2903</p><tags><tag>word</tag></tags></rectangle><rectangle><p type="text">did</p><p type="orientation">0</p><p type="wh">123, 43</p><p type="color">255, 0, 0</p><p type="colorEdges">102, 255, 102</p><p type="coordinates">460, 2911</p><tags><tag>word</tag></tags></rectangle><rectangle><p type="text">once</p><p type="orientation">0</p><p type="wh">147, 40</p><p type="color">255, 0, 0</p><p type="colorEdges">102, 255, 102</p><p type="coordinates">612, 2922</p><tags><tag>word</tag></tags></rectangle><rectangle><p type="text">belong</p><p type="orientation">0</p><p type="wh">230, 99</p><p type="color">255, 0, 0</p><p type="colorEdges">102, 255, 102</p><p type="coordinates">800, 2898</p><tags><tag>word</tag></tags></rectangle><rectangle><p type="text">to</p><p type="orientation">0</p><p type="wh">56, 46</p><p type="color">255, 0, 0</p><p type="colorEdges">102, 255, 102</p><p type="coordinates">1051, 2919</p><tags><tag>word</tag></tags></rectangle><rectangle><p type="text">our</p><p type="orientation">0</p><p type="wh">127, 35</p><p type="color">255, 0, 0</p><p type="colorEdges">102, 255, 102</p><p type="coordinates">1144, 2938</p><tags><tag>word</tag></tags></rectangle><rectangle><p type="text">companies</p><p type="orientation">0</p><p type="wh">382, 96</p><p type="color">255, 0, 0</p><p type="colorEdges">102, 255, 102</p><p type="coordinates">1300, 2914</p><tags><tag>word</tag></tags></rectangle><rectangle><p type="text">deserted</p><p type="orientation">0</p><p type="wh">247, 59</p><p type="color">255, 0, 0</p><p type="colorEdges">102, 255, 102</p><p type="coordinates">1699, 2943</p><tags><tag>word</tag></tags></rectangle><rectangle><p type="text">from</p><p type="orientation">0</p><p type="wh">196, 96</p><p type="color">255, 0, 0</p><p type="colorEdges">102, 255, 102</p><p type="coordinates">247, 2978</p><tags><tag>word</tag></tags></rectangle><rectangle><p type="text">the</p><p type="orientation">0</p><p type="wh">123, 80</p><p type="color">255, 0, 0</p><p type="colorEdges">102, 255, 102</p><p type="coordinates">464, 2978</p><tags><tag>word</tag></tags></rectangle><rectangle><p type="text">regiments</p><p type="orientation">0</p><p type="wh">394, 99</p><p type="color">255, 0, 0</p><p type="colorEdges">102, 255, 102</p><p type="coordinates">620, 2978</p><tags><tag>word</tag></tags></rectangle><rectangle><p type="text">into</p><p type="orientation">0</p><p type="wh">151, 59</p><p type="color">255, 0, 0</p><p type="colorEdges">102, 255, 102</p><p type="coordinates">1023, 2999</p><tags><tag>word</tag></tags></rectangle><rectangle><p type="text">which</p><p type="orientation">0</p><p type="wh">255, 67</p><p type="color">255, 0, 0</p><p type="colorEdges">102, 255, 102</p><p type="coordinates">1207, 2999</p><tags><tag>word</tag></tags></rectangle><rectangle><p type="text">they</p><p type="orientation">0</p><p type="wh">142, 91</p><p type="color">255, 0, 0</p><p type="colorEdges">102, 255, 102</p><p type="coordinates">1472, 3002</p><tags><tag>word</tag></tags></rectangle><rectangle><p type="text">were</p><p type="orientation">0</p><p type="wh">166, 35</p><p type="color">255, 0, 0</p><p type="colorEdges">102, 255, 102</p><p type="coordinates">1628, 3042</p><tags><tag>word</tag></tags></rectangle><rectangle><p type="text">draugh</p><p type="orientation">0</p><p type="wh">182, 67</p><p type="color">255, 0, 0</p><p type="colorEdges">102, 255, 102</p><p type="coordinates">1800, 3031</p><tags><tag>word</tag></tags></rectangle><rectangle><p type="text">ted</p><p type="orientation">0</p><p type="wh">144, 80</p><p type="color">255, 0, 0</p><p type="colorEdges">102, 255, 102</p><p type="coordinates">259, 3066</p><tags><tag>word</tag></tags></rectangle><rectangle><p type="text">that</p><p type="orientation">0</p><p type="wh">176, 59</p><p type="color">255, 0, 0</p><p type="colorEdges">102, 255, 102</p><p type="coordinates">407, 3071</p><tags><tag>word</tag></tags></rectangle><rectangle><p type="text">would</p><p type="orientation">0</p><p type="wh">262, 56</p><p type="color">255, 0, 0</p><p type="colorEdges">102, 255, 102</p><p type="coordinates">608, 3074</p><tags><tag>word</tag></tags></rectangle><rectangle><p type="text">now</p><p type="orientation">0</p><p type="wh">144, 35</p><p type="color">255, 0, 0</p><p type="colorEdges">102, 255, 102</p><p type="coordinates">903, 3103</p><tags><tag>word</tag></tags></rectangle><rectangle><p type="text">gladly</p><p type="orientation">0</p><p type="wh">247, 88</p><p type="color">255, 0, 0</p><p type="colorEdges">102, 255, 102</p><p type="coordinates">1047, 3082</p><tags><tag>word</tag></tags></rectangle><rectangle><p type="text">return</p><p type="orientation">0</p><p type="wh">226, 62</p><p type="color">255, 0, 0</p><p type="colorEdges">102, 255, 102</p><p type="coordinates">1296, 3095</p><tags><tag>word</tag></tags></rectangle><rectangle><p type="text">if</p><p type="orientation">0</p><p type="wh">103, 91</p><p type="color">255, 0, 0</p><p type="colorEdges">102, 255, 102</p><p type="coordinates">1539, 3087</p><tags><tag>word</tag></tags></rectangle><rectangle><p type="text">they</p><p type="orientation">0</p><p type="wh">154, 123</p><p type="color">255, 0, 0</p><p type="colorEdges">102, 255, 102</p><p type="coordinates">1640, 3071</p><tags><tag>word</tag></tags></rectangle><rectangle><p type="text">could</p><p type="orientation">0</p><p type="wh">178, 80</p><p type="color">255, 0, 0</p><p type="colorEdges">102, 255, 102</p><p type="coordinates">1776, 3090</p><tags><tag>word</tag></tags></rectangle></rectangle></content></data>