<?xml version='1.0' encoding='utf-8'?>
<data descr="TU Dortmund, LSXII Informatik, patrec, Image Annotation." ver="2016-10-15 v0.1.2"><content><rectangle><p type="text" /><rectangle><p type="text">304</p><p type="orientation">0</p><p type="wh">144, 80</p><p type="color">255, 0, 0</p><p type="colorEdges">102, 255, 102</p><p type="coordinates">55, 134</p><tags><tag>word</tag></tags></rectangle><rectangle><p type="text">letters</p><p type="orientation">0</p><p type="wh">275, 111</p><p type="color">255, 0, 0</p><p type="colorEdges">102, 255, 102</p><p type="coordinates">227, 103</p><tags><tag>word</tag></tags></rectangle><rectangle><p type="text">orders</p><p type="orientation">0</p><p type="wh">238, 67</p><p type="color">255, 0, 0</p><p type="colorEdges">102, 255, 102</p><p type="coordinates">528, 134</p><tags><tag>word</tag></tags></rectangle><rectangle><p type="text">and</p><p type="orientation">0</p><p type="wh">192, 70</p><p type="color">255, 0, 0</p><p type="colorEdges">102, 255, 102</p><p type="coordinates">779, 131</p><tags><tag>word</tag></tags></rectangle><rectangle><p type="text">instructions</p><p type="orientation">0</p><p type="wh">562, 116</p><p type="color">255, 0, 0</p><p type="colorEdges">102, 255, 102</p><p type="coordinates">976, 98</p><tags><tag>word</tag></tags></rectangle><rectangle><p type="text">december</p><p type="orientation">0</p><p type="wh">311, 107</p><p type="color">255, 0, 0</p><p type="colorEdges">102, 255, 102</p><p type="coordinates">1536, 110</p><tags><tag>word</tag></tags></rectangle><rectangle><p type="text">1755</p><p type="orientation">0</p><p type="wh">124, 60</p><p type="color">255, 0, 0</p><p type="colorEdges">102, 255, 102</p><p type="coordinates">1843, 138</p><tags><tag>word</tag></tags></rectangle><rectangle><p type="text">be</p><p type="orientation">0</p><p type="wh">75, 74</p><p type="color">255, 0, 0</p><p type="colorEdges">102, 255, 102</p><p type="coordinates">227, 291</p><tags><tag>word</tag></tags></rectangle><rectangle><p type="text">sure</p><p type="orientation">0</p><p type="wh">151, 47</p><p type="color">255, 0, 0</p><p type="colorEdges">102, 255, 102</p><p type="coordinates">323, 322</p><tags><tag>word</tag></tags></rectangle><rectangle><p type="text">of</p><p type="orientation">0</p><p type="wh">95, 87</p><p type="color">255, 0, 0</p><p type="colorEdges">102, 255, 102</p><p type="coordinates">508, 298</p><tags><tag>word</tag></tags></rectangle><rectangle><p type="text">idemnity</p><p type="orientation">0</p><p type="wh">415, 91</p><p type="color">255, 0, 0</p><p type="colorEdges">102, 255, 102</p><p type="coordinates">591, 303</p><tags><tag>word</tag></tags></rectangle><rectangle><p type="text">if</p><p type="orientation">0</p><p type="wh">139, 103</p><p type="color">255, 0, 0</p><p type="colorEdges">102, 255, 102</p><p type="coordinates">1040, 282</p><tags><tag>word</tag></tags></rectangle><rectangle><p type="text">your</p><p type="orientation">0</p><p type="wh">159, 60</p><p type="color">255, 0, 0</p><p type="colorEdges">102, 255, 102</p><p type="coordinates">1167, 330</p><tags><tag>word</tag></tags></rectangle><rectangle><p type="text">honor</p><p type="orientation">0</p><p type="wh">230, 70</p><p type="color">255, 0, 0</p><p type="colorEdges">102, 255, 102</p><p type="coordinates">1352, 291</p><tags><tag>word</tag></tags></rectangle><rectangle><p type="text">would</p><p type="orientation">0</p><p type="wh">240, 50</p><p type="color">255, 0, 0</p><p type="colorEdges">102, 255, 102</p><p type="coordinates">1603, 315</p><tags><tag>word</tag></tags></rectangle><rectangle><p type="text">be</p><p type="orientation">0</p><p type="wh">75, 78</p><p type="color">255, 0, 0</p><p type="colorEdges">102, 255, 102</p><p type="coordinates">224, 371</p><tags><tag>word</tag></tags></rectangle><rectangle><p type="text">kind</p><p type="orientation">0</p><p type="wh">219, 95</p><p type="color">255, 0, 0</p><p type="colorEdges">102, 255, 102</p><p type="coordinates">331, 374</p><tags><tag>word</tag></tags></rectangle><rectangle><p type="text">enough</p><p type="orientation">0</p><p type="wh">332, 87</p><p type="color">255, 0, 0</p><p type="colorEdges">102, 255, 102</p><p type="coordinates">543, 382</p><tags><tag>word</tag></tags></rectangle><rectangle><p type="text">to</p><p type="orientation">0</p><p type="wh">67, 52</p><p type="color">255, 0, 0</p><p type="colorEdges">102, 255, 102</p><p type="coordinates">896, 394</p><tags><tag>word</tag></tags></rectangle><rectangle><p type="text">intimate</p><p type="orientation">0</p><p type="wh">336, 58</p><p type="color">255, 0, 0</p><p type="colorEdges">102, 255, 102</p><p type="coordinates">987, 391</p><tags><tag>word</tag></tags></rectangle><rectangle><p type="text">this</p><p type="orientation">0</p><p type="wh">131, 76</p><p type="color">255, 0, 0</p><p type="colorEdges">102, 255, 102</p><p type="coordinates">1324, 382</p><tags><tag>word</tag></tags></rectangle><rectangle><p type="text">to</p><p type="orientation">0</p><p type="wh">87, 84</p><p type="color">255, 0, 0</p><p type="colorEdges">102, 255, 102</p><p type="coordinates">1456, 382</p><tags><tag>word</tag></tags></rectangle><rectangle><p type="text">general</p><p type="orientation">0</p><p type="wh">316, 82</p><p type="color">255, 0, 0</p><p type="colorEdges">102, 255, 102</p><p type="coordinates">1539, 387</p><tags><tag>word</tag></tags></rectangle><rectangle><p type="text">shirley</p><p type="orientation">0</p><p type="wh">260, 116</p><p type="color">255, 0, 0</p><p type="colorEdges">102, 255, 102</p><p type="coordinates">219, 450</p><tags><tag>word</tag></tags></rectangle><rectangle><p type="text">or</p><p type="orientation">0</p><p type="wh">60, 30</p><p type="color">255, 0, 0</p><p type="colorEdges">102, 255, 102</p><p type="coordinates">503, 507</p><tags><tag>word</tag></tags></rectangle><rectangle><p type="text">the</p><p type="orientation">0</p><p type="wh">114, 66</p><p type="color">255, 0, 0</p><p type="colorEdges">102, 255, 102</p><p type="coordinates">596, 475</p><tags><tag>word</tag></tags></rectangle><rectangle><p type="text">colonels</p><p type="orientation">0</p><p type="wh">300, 79</p><p type="color">255, 0, 0</p><p type="colorEdges">102, 255, 102</p><p type="coordinates">759, 462</p><tags><tag>word</tag></tags></rectangle><rectangle><p type="text">of</p><p type="orientation">0</p><p type="wh">103, 100</p><p type="color">255, 0, 0</p><p type="colorEdges">102, 255, 102</p><p type="coordinates">1068, 466</p><tags><tag>word</tag></tags></rectangle><rectangle><p type="text">those</p><p type="orientation">0</p><p type="wh">200, 71</p><p type="color">255, 0, 0</p><p type="colorEdges">102, 255, 102</p><p type="coordinates">1159, 466</p><tags><tag>word</tag></tags></rectangle><rectangle><p type="text">regiments</p><p type="orientation">0</p><p type="wh">395, 95</p><p type="color">255, 0, 0</p><p type="colorEdges">102, 255, 102</p><p type="coordinates">1364, 471</p><tags><tag>word</tag></tags></rectangle><rectangle><p type="text">it</p><p type="orientation">0</p><p type="wh">75, 46</p><p type="color">255, 0, 0</p><p type="colorEdges">102, 255, 102</p><p type="coordinates">1760, 479</p><tags><tag>word</tag></tags></rectangle><rectangle><p type="text">would</p><p type="orientation">0</p><p type="wh">240, 84</p><p type="color">255, 0, 0</p><p type="colorEdges">102, 255, 102</p><p type="coordinates">219, 538</p><tags><tag>word</tag></tags></rectangle><rectangle><p type="text">be</p><p type="orientation">0</p><p type="wh">92, 68</p><p type="color">255, 0, 0</p><p type="colorEdges">102, 255, 102</p><p type="coordinates">463, 550</p><tags><tag>word</tag></tags></rectangle><rectangle><p type="text">of</p><p type="orientation">0</p><p type="wh">103, 82</p><p type="color">255, 0, 0</p><p type="colorEdges">102, 255, 102</p><p type="coordinates">579, 559</p><tags><tag>word</tag></tags></rectangle><rectangle><p type="text">service</p><p type="orientation">0</p><p type="wh">255, 52</p><p type="color">255, 0, 0</p><p type="colorEdges">102, 255, 102</p><p type="coordinates">688, 570</p><tags><tag>word</tag></tags></rectangle><rectangle><p type="text">to</p><p type="orientation">0</p><p type="wh">86, 84</p><p type="color">255, 0, 0</p><p type="colorEdges">102, 255, 102</p><p type="coordinates">984, 550</p><tags><tag>word</tag></tags></rectangle><rectangle><p type="text">us</p><p type="orientation">0</p><p type="wh">100, 72</p><p type="color">255, 0, 0</p><p type="colorEdges">102, 255, 102</p><p type="coordinates">1071, 566</p><tags><tag>word</tag></tags></rectangle><rectangle><p type="text">without</p><p type="orientation">0</p><p type="wh">306, 88</p><p type="color">255, 0, 0</p><p type="colorEdges">102, 255, 102</p><p type="coordinates">1220, 550</p><tags><tag>word</tag></tags></rectangle><rectangle><p type="text">leave</p><p type="orientation">0</p><p type="wh">195, 87</p><p type="color">255, 0, 0</p><p type="colorEdges">102, 255, 102</p><p type="coordinates">1536, 547</p><tags><tag>word</tag></tags></rectangle><rectangle><p type="text">we</p><p type="orientation">0</p><p type="wh">123, 68</p><p type="color">255, 0, 0</p><p type="colorEdges">102, 255, 102</p><p type="coordinates">1724, 566</p><tags><tag>word</tag></tags></rectangle><rectangle><p type="text">dare</p><p type="orientation">0</p><p type="wh">172, 58</p><p type="color">255, 0, 0</p><p type="colorEdges">102, 255, 102</p><p type="coordinates">219, 651</p><tags><tag>word</tag></tags></rectangle><rectangle><p type="text">not</p><p type="orientation">0</p><p type="wh">168, 55</p><p type="color">255, 0, 0</p><p type="colorEdges">102, 255, 102</p><p type="coordinates">407, 654</p><tags><tag>word</tag></tags></rectangle><rectangle><p type="text">receive</p><p type="orientation">0</p><p type="wh">275, 39</p><p type="color">255, 0, 0</p><p type="colorEdges">102, 255, 102</p><p type="coordinates">587, 667</p><tags><tag>word</tag></tags></rectangle><rectangle><p type="text">them</p><p type="orientation">0</p><p type="wh">219, 71</p><p type="color">255, 0, 0</p><p type="colorEdges">102, 255, 102</p><p type="coordinates">868, 635</p><tags><tag>word</tag></tags></rectangle><rectangle><p type="text">c</p><p type="orientation">0</p><p type="wh">114, 64</p><p type="color">255, 0, 0</p><p type="colorEdges">102, 255, 102</p><p type="coordinates">1088, 638</p><tags><tag>word</tag></tags></rectangle><rectangle><p type="text">gw</p><p type="orientation">0</p><p type="wh">182, 100</p><p type="color">255, 0, 0</p><p type="colorEdges">102, 255, 102</p><p type="coordinates">1268, 694</p><tags><tag>word</tag></tags></rectangle><rectangle><p type="text">alexandria</p><p type="orientation">0</p><p type="wh">575, 87</p><p type="color">255, 0, 0</p><p type="colorEdges">102, 255, 102</p><p type="coordinates">224, 798</p><tags><tag>word</tag></tags></rectangle><rectangle><p type="text">december</p><p type="orientation">0</p><p type="wh">331, 84</p><p type="color">255, 0, 0</p><p type="colorEdges">102, 255, 102</p><p type="coordinates">792, 794</p><tags><tag>word</tag></tags></rectangle><rectangle><p type="text">5th</p><p type="orientation">0</p><p type="wh">100, 95</p><p type="color">255, 0, 0</p><p type="colorEdges">102, 255, 102</p><p type="coordinates">503, 862</p><tags><tag>word</tag></tags></rectangle><rectangle><p type="text">1755</p><p type="orientation">0</p><p type="wh">176, 86</p><p type="color">255, 0, 0</p><p type="colorEdges">102, 255, 102</p><p type="coordinates">587, 871</p><tags><tag>word</tag></tags></rectangle><rectangle><p type="text">5th</p><p type="orientation">0</p><p type="wh">82, 104</p><p type="color">255, 0, 0</p><p type="colorEdges">102, 255, 102</p><p type="coordinates">136, 950</p><tags><tag>word</tag></tags></rectangle><rectangle><p type="text">to</p><p type="orientation">0</p><p type="wh">123, 91</p><p type="color">255, 0, 0</p><p type="colorEdges">102, 255, 102</p><p type="coordinates">247, 954</p><tags><tag>word</tag></tags></rectangle><rectangle><p type="text">john</p><p type="orientation">0</p><p type="wh">212, 96</p><p type="color">255, 0, 0</p><p type="colorEdges">102, 255, 102</p><p type="coordinates">371, 954</p><tags><tag>word</tag></tags></rectangle><rectangle><p type="text">robinson</p><p type="orientation">0</p><p type="wh">402, 87</p><p type="color">255, 0, 0</p><p type="colorEdges">102, 255, 102</p><p type="coordinates">604, 963</p><tags><tag>word</tag></tags></rectangle><rectangle><p type="text">esquire</p><p type="orientation">0</p><p type="wh">359, 127</p><p type="color">255, 0, 0</p><p type="colorEdges">102, 255, 102</p><p type="coordinates">1035, 954</p><tags><tag>word</tag></tags></rectangle><rectangle><p type="text">speaker</p><p type="orientation">0</p><p type="wh">364, 123</p><p type="color">255, 0, 0</p><p type="colorEdges">102, 255, 102</p><p type="coordinates">1403, 954</p><tags><tag>word</tag></tags></rectangle><rectangle><p type="text">the</p><p type="orientation">0</p><p type="wh">123, 75</p><p type="color">255, 0, 0</p><p type="colorEdges">102, 255, 102</p><p type="coordinates">660, 1058</p><tags><tag>word</tag></tags></rectangle><rectangle><p type="text">bearer</p><p type="orientation">0</p><p type="wh">251, 82</p><p type="color">255, 0, 0</p><p type="colorEdges">102, 255, 102</p><p type="coordinates">804, 1067</p><tags><tag>word</tag></tags></rectangle><rectangle><p type="text">captain</p><p type="orientation">0</p><p type="wh">299, 91</p><p type="color">255, 0, 0</p><p type="colorEdges">102, 255, 102</p><p type="coordinates">1075, 1067</p><tags><tag>word</tag></tags></rectangle><rectangle><p type="text">john</p><p type="orientation">0</p><p type="wh">179, 100</p><p type="color">255, 0, 0</p><p type="colorEdges">102, 255, 102</p><p type="coordinates">1392, 1058</p><tags><tag>word</tag></tags></rectangle><rectangle><p type="text">mercer</p><p type="orientation">0</p><p type="wh">263, 88</p><p type="color">255, 0, 0</p><p type="colorEdges">102, 255, 102</p><p type="coordinates">1587, 1070</p><tags><tag>word</tag></tags></rectangle><rectangle><p type="text">having</p><p type="orientation">0</p><p type="wh">307, 107</p><p type="color">255, 0, 0</p><p type="colorEdges">102, 255, 102</p><p type="coordinates">203, 1139</p><tags><tag>word</tag></tags></rectangle><rectangle><p type="text">leave</p><p type="orientation">0</p><p type="wh">207, 66</p><p type="color">255, 0, 0</p><p type="colorEdges">102, 255, 102</p><p type="coordinates">543, 1151</p><tags><tag>word</tag></tags></rectangle><rectangle><p type="text">to</p><p type="orientation">0</p><p type="wh">60, 50</p><p type="color">255, 0, 0</p><p type="colorEdges">102, 255, 102</p><p type="coordinates">787, 1167</p><tags><tag>word</tag></tags></rectangle><rectangle><p type="text">go</p><p type="orientation">0</p><p type="wh">92, 55</p><p type="color">255, 0, 0</p><p type="colorEdges">102, 255, 102</p><p type="coordinates">863, 1187</p><tags><tag>word</tag></tags></rectangle><rectangle><p type="text">down</p><p type="orientation">0</p><p type="wh">207, 59</p><p type="color">255, 0, 0</p><p type="colorEdges">102, 255, 102</p><p type="coordinates">972, 1158</p><tags><tag>word</tag></tags></rectangle><rectangle><p type="text">and</p><p type="orientation">0</p><p type="wh">156, 39</p><p type="color">255, 0, 0</p><p type="colorEdges">102, 255, 102</p><p type="coordinates">1195, 1174</p><tags><tag>word</tag></tags></rectangle><rectangle><p type="text">settle</p><p type="orientation">0</p><p type="wh">210, 71</p><p type="color">255, 0, 0</p><p type="colorEdges">102, 255, 102</p><p type="coordinates">1364, 1146</p><tags><tag>word</tag></tags></rectangle><rectangle><p type="text">his</p><p type="orientation">0</p><p type="wh">103, 71</p><p type="color">255, 0, 0</p><p type="colorEdges">102, 255, 102</p><p type="coordinates">1595, 1155</p><tags><tag>word</tag></tags></rectangle><rectangle><p type="text">ac</p><p type="orientation">0</p><p type="wh">128, 75</p><p type="color">255, 0, 0</p><p type="colorEdges">102, 255, 102</p><p type="coordinates">1691, 1158</p><tags><tag>word</tag></tags></rectangle><rectangle><p type="text">compts</p><p type="orientation">0</p><p type="wh">243, 80</p><p type="color">255, 0, 0</p><p type="colorEdges">102, 255, 102</p><p type="coordinates">216, 1250</p><tags><tag>word</tag></tags></rectangle><rectangle><p type="text">with</p><p type="orientation">0</p><p type="wh">210, 78</p><p type="color">255, 0, 0</p><p type="colorEdges">102, 255, 102</p><p type="coordinates">472, 1227</p><tags><tag>word</tag></tags></rectangle><rectangle><p type="text">the</p><p type="orientation">0</p><p type="wh">127, 95</p><p type="color">255, 0, 0</p><p type="colorEdges">102, 255, 102</p><p type="coordinates">672, 1223</p><tags><tag>word</tag></tags></rectangle><rectangle><p type="text">committee</p><p type="orientation">0</p><p type="wh">394, 75</p><p type="color">255, 0, 0</p><p type="colorEdges">102, 255, 102</p><p type="coordinates">840, 1230</p><tags><tag>word</tag></tags></rectangle><rectangle><p type="text">is</p><p type="orientation">0</p><p type="wh">71, 62</p><p type="color">255, 0, 0</p><p type="colorEdges">102, 255, 102</p><p type="coordinates">1303, 1243</p><tags><tag>word</tag></tags></rectangle><rectangle><p type="text">ordered</p><p type="orientation">0</p><p type="wh">298, 59</p><p type="color">255, 0, 0</p><p type="colorEdges">102, 255, 102</p><p type="coordinates">1400, 1239</p><tags><tag>word</tag></tags></rectangle><rectangle><p type="text">to</p><p type="orientation">0</p><p type="wh">66, 48</p><p type="color">255, 0, 0</p><p type="colorEdges">102, 255, 102</p><p type="coordinates">1696, 1246</p><tags><tag>word</tag></tags></rectangle><rectangle><p type="text">call</p><p type="orientation">0</p><p type="wh">175, 59</p><p type="color">255, 0, 0</p><p type="colorEdges">102, 255, 102</p><p type="coordinates">211, 1327</p><tags><tag>word</tag></tags></rectangle><rectangle><p type="text">upon</p><p type="orientation">0</p><p type="wh">227, 71</p><p type="color">255, 0, 0</p><p type="colorEdges">102, 255, 102</p><p type="coordinates">404, 1338</p><tags><tag>word</tag></tags></rectangle><rectangle><p type="text">you</p><p type="orientation">0</p><p type="wh">192, 66</p><p type="color">255, 0, 0</p><p type="colorEdges">102, 255, 102</p><p type="coordinates">627, 1343</p><tags><tag>word</tag></tags></rectangle><rectangle><p type="text">for</p><p type="orientation">0</p><p type="wh">103, 84</p><p type="color">255, 0, 0</p><p type="colorEdges">102, 255, 102</p><p type="coordinates">820, 1314</p><tags><tag>word</tag></tags></rectangle><rectangle><p type="text">the</p><p type="orientation">0</p><p type="wh">154, 71</p><p type="color">255, 0, 0</p><p type="colorEdges">102, 255, 102</p><p type="coordinates">964, 1311</p><tags><tag>word</tag></tags></rectangle><rectangle><p type="text">balance</p><p type="orientation">0</p><p type="wh">322, 68</p><p type="color">255, 0, 0</p><p type="colorEdges">102, 255, 102</p><p type="coordinates">1136, 1314</p><tags><tag>word</tag></tags></rectangle><rectangle><p type="text">of</p><p type="orientation">0</p><p type="wh">92, 91</p><p type="color">255, 0, 0</p><p type="colorEdges">102, 255, 102</p><p type="coordinates">1479, 1323</p><tags><tag>word</tag></tags></rectangle><rectangle><p type="text">the</p><p type="orientation">0</p><p type="wh">136, 63</p><p type="color">255, 0, 0</p><p type="colorEdges">102, 255, 102</p><p type="coordinates">1559, 1323</p><tags><tag>word</tag></tags></rectangle><rectangle><p type="text">ten</p><p type="orientation">0</p><p type="wh">115, 51</p><p type="color">255, 0, 0</p><p type="colorEdges">102, 255, 102</p><p type="coordinates">1704, 1331</p><tags><tag>word</tag></tags></rectangle><rectangle><p type="text">thousand</p><p type="orientation">0</p><p type="wh">352, 84</p><p type="color">255, 0, 0</p><p type="colorEdges">102, 255, 102</p><p type="coordinates">211, 1406</p><tags><tag>word</tag></tags></rectangle><rectangle><p type="text">pounds</p><p type="orientation">0</p><p type="wh">314, 66</p><p type="color">255, 0, 0</p><p type="colorEdges">102, 255, 102</p><p type="coordinates">568, 1411</p><tags><tag>word</tag></tags></rectangle><rectangle><p type="text">which</p><p type="orientation">0</p><p type="wh">291, 96</p><p type="color">255, 0, 0</p><p type="colorEdges">102, 255, 102</p><p type="coordinates">883, 1390</p><tags><tag>word</tag></tags></rectangle><rectangle><p type="text">i</p><p type="orientation">0</p><p type="wh">98, 96</p><p type="color">255, 0, 0</p><p type="colorEdges">102, 255, 102</p><p type="coordinates">1164, 1390</p><tags><tag>word</tag></tags></rectangle><rectangle><p type="text">believe</p><p type="orientation">0</p><p type="wh">287, 86</p><p type="color">255, 0, 0</p><p type="colorEdges">102, 255, 102</p><p type="coordinates">1251, 1395</p><tags><tag>word</tag></tags></rectangle><rectangle><p type="text">we</p><p type="orientation">0</p><p type="wh">123, 62</p><p type="color">255, 0, 0</p><p type="colorEdges">102, 255, 102</p><p type="coordinates">1524, 1415</p><tags><tag>word</tag></tags></rectangle><rectangle><p type="text">shall</p><p type="orientation">0</p><p type="wh">227, 96</p><p type="color">255, 0, 0</p><p type="colorEdges">102, 255, 102</p><p type="coordinates">1651, 1390</p><tags><tag>word</tag></tags></rectangle><rectangle><p type="text">want</p><p type="orientation">0</p><p type="wh">211, 80</p><p type="color">255, 0, 0</p><p type="colorEdges">102, 255, 102</p><p type="coordinates">203, 1478</p><tags><tag>word</tag></tags></rectangle><rectangle><p type="text">before</p><p type="orientation">0</p><p type="wh">227, 107</p><p type="color">255, 0, 0</p><p type="colorEdges">102, 255, 102</p><p type="coordinates">432, 1483</p><tags><tag>word</tag></tags></rectangle><rectangle><p type="text">another</p><p type="orientation">0</p><p type="wh">326, 80</p><p type="color">255, 0, 0</p><p type="colorEdges">102, 255, 102</p><p type="coordinates">680, 1478</p><tags><tag>word</tag></tags></rectangle><rectangle><p type="text">opportunity</p><p type="orientation">0</p><p type="wh">451, 96</p><p type="color">255, 0, 0</p><p type="colorEdges">102, 255, 102</p><p type="coordinates">1027, 1494</p><tags><tag>word</tag></tags></rectangle><rectangle><p type="text">may</p><p type="orientation">0</p><p type="wh">207, 75</p><p type="color">255, 0, 0</p><p type="colorEdges">102, 255, 102</p><p type="coordinates">1488, 1506</p><tags><tag>word</tag></tags></rectangle><rectangle><p type="text">offer</p><p type="orientation">0</p><p type="wh">159, 70</p><p type="color">255, 0, 0</p><p type="colorEdges">102, 255, 102</p><p type="coordinates">1684, 1499</p><tags><tag>word</tag></tags></rectangle><rectangle><p type="text">this</p><p type="orientation">0</p><p type="wh">144, 79</p><p type="color">255, 0, 0</p><p type="colorEdges">102, 255, 102</p><p type="coordinates">203, 1567</p><tags><tag>word</tag></tags></rectangle><rectangle><p type="text">being</p><p type="orientation">0</p><p type="wh">246, 111</p><p type="color">255, 0, 0</p><p type="colorEdges">102, 255, 102</p><p type="coordinates">340, 1571</p><tags><tag>word</tag></tags></rectangle><rectangle><p type="text">the</p><p type="orientation">0</p><p type="wh">114, 75</p><p type="color">255, 0, 0</p><p type="colorEdges">102, 255, 102</p><p type="coordinates">576, 1571</p><tags><tag>word</tag></tags></rectangle><rectangle><p type="text">time</p><p type="orientation">0</p><p type="wh">199, 60</p><p type="color">255, 0, 0</p><p type="colorEdges">102, 255, 102</p><p type="coordinates">736, 1582</p><tags><tag>word</tag></tags></rectangle><rectangle><p type="text">when</p><p type="orientation">0</p><p type="wh">212, 64</p><p type="color">255, 0, 0</p><p type="colorEdges">102, 255, 102</p><p type="coordinates">951, 1578</p><tags><tag>word</tag></tags></rectangle><rectangle><p type="text">our</p><p type="orientation">0</p><p type="wh">166, 67</p><p type="color">255, 0, 0</p><p type="colorEdges">102, 255, 102</p><p type="coordinates">1172, 1591</p><tags><tag>word</tag></tags></rectangle><rectangle><p type="text">demands</p><p type="orientation">0</p><p type="wh">418, 80</p><p type="color">255, 0, 0</p><p type="colorEdges">102, 255, 102</p><p type="coordinates">1336, 1578</p><tags><tag>word</tag></tags></rectangle><rectangle><p type="text">for</p><p type="orientation">0</p><p type="wh">111, 91</p><p type="color">255, 0, 0</p><p type="colorEdges">102, 255, 102</p><p type="coordinates">1739, 1582</p><tags><tag>word</tag></tags></rectangle><rectangle><p type="text">money</p><p type="orientation">0</p><p type="wh">256, 91</p><p type="color">255, 0, 0</p><p type="colorEdges">102, 255, 102</p><p type="coordinates">211, 1671</p><tags><tag>word</tag></tags></rectangle><rectangle><p type="text">are</p><p type="orientation">0</p><p type="wh">159, 64</p><p type="color">255, 0, 0</p><p type="colorEdges">102, 255, 102</p><p type="coordinates">480, 1682</p><tags><tag>word</tag></tags></rectangle><rectangle><p type="text">greatest</p><p type="orientation">0</p><p type="wh">323, 95</p><p type="color">255, 0, 0</p><p type="colorEdges">102, 255, 102</p><p type="coordinates">640, 1662</p><tags><tag>word</tag></tags></rectangle><rectangle><p type="text">when</p><p type="orientation">0</p><p type="wh">263, 79</p><p type="color">255, 0, 0</p><p type="colorEdges">102, 255, 102</p><p type="coordinates">1179, 1646</p><tags><tag>word</tag></tags></rectangle><rectangle><p type="text">i</p><p type="orientation">0</p><p type="wh">91, 80</p><p type="color">255, 0, 0</p><p type="colorEdges">102, 255, 102</p><p type="coordinates">1443, 1650</p><tags><tag>word</tag></tags></rectangle><rectangle><p type="text">left</p><p type="orientation">0</p><p type="wh">167, 91</p><p type="color">255, 0, 0</p><p type="colorEdges">102, 255, 102</p><p type="coordinates">1508, 1659</p><tags><tag>word</tag></tags></rectangle><rectangle><p type="text">willi</p><p type="orientation">0</p><p type="wh">176, 79</p><p type="color">255, 0, 0</p><p type="colorEdges">102, 255, 102</p><p type="coordinates">1671, 1655</p><tags><tag>word</tag></tags></rectangle><rectangle><p type="text">amsburgh</p><p type="orientation">0</p><p type="wh">419, 88</p><p type="color">255, 0, 0</p><p type="colorEdges">102, 255, 102</p><p type="coordinates">207, 1750</p><tags><tag>word</tag></tags></rectangle><rectangle><p type="text">i</p><p type="orientation">0</p><p type="wh">94, 111</p><p type="color">255, 0, 0</p><p type="colorEdges">102, 255, 102</p><p type="coordinates">652, 1727</p><tags><tag>word</tag></tags></rectangle><rectangle><p type="text">intended</p><p type="orientation">0</p><p type="wh">347, 71</p><p type="color">255, 0, 0</p><p type="colorEdges">102, 255, 102</p><p type="coordinates">720, 1754</p><tags><tag>word</tag></tags></rectangle><rectangle><p type="text">to</p><p type="orientation">0</p><p type="wh">67, 46</p><p type="color">255, 0, 0</p><p type="colorEdges">102, 255, 102</p><p type="coordinates">1071, 1763</p><tags><tag>word</tag></tags></rectangle><rectangle><p type="text">proceed</p><p type="orientation">0</p><p type="wh">314, 75</p><p type="color">255, 0, 0</p><p type="colorEdges">102, 255, 102</p><p type="coordinates">1136, 1759</p><tags><tag>word</tag></tags></rectangle><rectangle><p type="text">to</p><p type="orientation">0</p><p type="wh">71, 72</p><p type="color">255, 0, 0</p><p type="colorEdges">102, 255, 102</p><p type="coordinates">1463, 1750</p><tags><tag>word</tag></tags></rectangle><rectangle><p type="text">winches</p><p type="orientation">0</p><p type="wh">283, 75</p><p type="color">255, 0, 0</p><p type="colorEdges">102, 255, 102</p><p type="coordinates">1544, 1747</p><tags><tag>word</tag></tags></rectangle><rectangle><p type="text">ter</p><p type="orientation">0</p><p type="wh">114, 70</p><p type="color">255, 0, 0</p><p type="colorEdges">102, 255, 102</p><p type="coordinates">216, 1847</p><tags><tag>word</tag></tags></rectangle><rectangle><p type="text">but</p><p type="orientation">0</p><p type="wh">140, 64</p><p type="color">255, 0, 0</p><p type="colorEdges">102, 255, 102</p><p type="coordinates">359, 1842</p><tags><tag>word</tag></tags></rectangle><rectangle><p type="text">meeting</p><p type="orientation">0</p><p type="wh">355, 72</p><p type="color">255, 0, 0</p><p type="colorEdges">102, 255, 102</p><p type="coordinates">495, 1854</p><tags><tag>word</tag></tags></rectangle><rectangle><p type="text">with</p><p type="orientation">0</p><p type="wh">215, 71</p><p type="color">255, 0, 0</p><p type="colorEdges">102, 255, 102</p><p type="coordinates">872, 1838</p><tags><tag>word</tag></tags></rectangle><rectangle><p type="text">letters</p><p type="orientation">0</p><p type="wh">251, 78</p><p type="color">255, 0, 0</p><p type="colorEdges">102, 255, 102</p><p type="coordinates">1108, 1835</p><tags><tag>word</tag></tags></rectangle><rectangle><p type="text">at</p><p type="orientation">0</p><p type="wh">111, 50</p><p type="color">255, 0, 0</p><p type="colorEdges">102, 255, 102</p><p type="coordinates">1375, 1847</p><tags><tag>word</tag></tags></rectangle><rectangle><p type="text">fredericks</p><p type="orientation">0</p><p type="wh">375, 71</p><p type="color">255, 0, 0</p><p type="colorEdges">102, 255, 102</p><p type="coordinates">1491, 1831</p><tags><tag>word</tag></tags></rectangle><rectangle><p type="text">burgh</p><p type="orientation">0</p><p type="wh">240, 98</p><p type="color">255, 0, 0</p><p type="colorEdges">102, 255, 102</p><p type="coordinates">211, 1919</p><tags><tag>word</tag></tags></rectangle><rectangle><p type="text">informing</p><p type="orientation">0</p><p type="wh">438, 84</p><p type="color">255, 0, 0</p><p type="colorEdges">102, 255, 102</p><p type="coordinates">444, 1926</p><tags><tag>word</tag></tags></rectangle><rectangle><p type="text">me</p><p type="orientation">0</p><p type="wh">135, 34</p><p type="color">255, 0, 0</p><p type="colorEdges">102, 255, 102</p><p type="coordinates">896, 1951</p><tags><tag>word</tag></tags></rectangle><rectangle><p type="text">that</p><p type="orientation">0</p><p type="wh">204, 71</p><p type="color">255, 0, 0</p><p type="colorEdges">102, 255, 102</p><p type="coordinates">1063, 1919</p><tags><tag>word</tag></tags></rectangle><rectangle><p type="text">peace</p><p type="orientation">0</p><p type="wh">255, 71</p><p type="color">255, 0, 0</p><p type="colorEdges">102, 255, 102</p><p type="coordinates">1271, 1935</p><tags><tag>word</tag></tags></rectangle><rectangle><p type="text">prevailed</p><p type="orientation">0</p><p type="wh">370, 83</p><p type="color">255, 0, 0</p><p type="colorEdges">102, 255, 102</p><p type="coordinates">1516, 1930</p><tags><tag>word</tag></tags></rectangle><rectangle><p type="text">above</p><p type="orientation">0</p><p type="wh">220, 95</p><p type="color">255, 0, 0</p><p type="colorEdges">102, 255, 102</p><p type="coordinates">211, 1994</p><tags><tag>word</tag></tags></rectangle><rectangle><p type="text">and</p><p type="orientation">0</p><p type="wh">194, 55</p><p type="color">255, 0, 0</p><p type="colorEdges">102, 255, 102</p><p type="coordinates">460, 2014</p><tags><tag>word</tag></tags></rectangle><rectangle><p type="text">that</p><p type="orientation">0</p><p type="wh">187, 70</p><p type="color">255, 0, 0</p><p type="colorEdges">102, 255, 102</p><p type="coordinates">663, 2003</p><tags><tag>word</tag></tags></rectangle><rectangle><p type="text">nothing</p><p type="orientation">0</p><p type="wh">339, 91</p><p type="color">255, 0, 0</p><p type="colorEdges">102, 255, 102</p><p type="coordinates">875, 2007</p><tags><tag>word</tag></tags></rectangle><rectangle><p type="text">was</p><p type="orientation">0</p><p type="wh">146, 39</p><p type="color">255, 0, 0</p><p type="colorEdges">102, 255, 102</p><p type="coordinates">1240, 2034</p><tags><tag>word</tag></tags></rectangle><rectangle><p type="text">immediate</p><p type="orientation">0</p><p type="wh">459, 62</p><p type="color">255, 0, 0</p><p type="colorEdges">102, 255, 102</p><p type="coordinates">1407, 2007</p><tags><tag>word</tag></tags></rectangle><rectangle><p type="text">ly</p><p type="orientation">0</p><p type="wh">87, 95</p><p type="color">255, 0, 0</p><p type="colorEdges">102, 255, 102</p><p type="coordinates">203, 2091</p><tags><tag>word</tag></tags></rectangle><rectangle><p type="text">wanted</p><p type="orientation">0</p><p type="wh">331, 62</p><p type="color">255, 0, 0</p><p type="colorEdges">102, 255, 102</p><p type="coordinates">311, 2095</p><tags><tag>word</tag></tags></rectangle><rectangle><p type="text">but</p><p type="orientation">0</p><p type="wh">148, 78</p><p type="color">255, 0, 0</p><p type="colorEdges">102, 255, 102</p><p type="coordinates">655, 2075</p><tags><tag>word</tag></tags></rectangle><rectangle><p type="text">salt</p><p type="orientation">0</p><p type="wh">211, 83</p><p type="color">255, 0, 0</p><p type="colorEdges">102, 255, 102</p><p type="coordinates">820, 2079</p><tags><tag>word</tag></tags></rectangle><rectangle><p type="text">i</p><p type="orientation">0</p><p type="wh">104, 87</p><p type="color">255, 0, 0</p><p type="colorEdges">102, 255, 102</p><p type="coordinates">1075, 2075</p><tags><tag>word</tag></tags></rectangle><rectangle><p type="text">came</p><p type="orientation">0</p><p type="wh">227, 78</p><p type="color">255, 0, 0</p><p type="colorEdges">102, 255, 102</p><p type="coordinates">1144, 2079</p><tags><tag>word</tag></tags></rectangle><rectangle><p type="text">up</p><p type="orientation">0</p><p type="wh">118, 75</p><p type="color">255, 0, 0</p><p type="colorEdges">102, 255, 102</p><p type="coordinates">1420, 2107</p><tags><tag>word</tag></tags></rectangle><rectangle><p type="text">here</p><p type="orientation">0</p><p type="wh">187, 91</p><p type="color">255, 0, 0</p><p type="colorEdges">102, 255, 102</p><p type="coordinates">1544, 2071</p><tags><tag>word</tag></tags></rectangle><rectangle><p type="text">to</p><p type="orientation">0</p><p type="wh">83, 78</p><p type="color">255, 0, 0</p><p type="colorEdges">102, 255, 102</p><p type="coordinates">1724, 2079</p><tags><tag>word</tag></tags></rectangle><rectangle><p type="text">en</p><p type="orientation">0</p><p type="wh">95, 59</p><p type="color">255, 0, 0</p><p type="colorEdges">102, 255, 102</p><p type="coordinates">1803, 2111</p><tags><tag>word</tag></tags></rectangle><rectangle><p type="text">gage</p><p type="orientation">0</p><p type="wh">178, 64</p><p type="color">255, 0, 0</p><p type="colorEdges">102, 255, 102</p><p type="coordinates">192, 2206</p><tags><tag>word</tag></tags></rectangle><rectangle><p type="text">what</p><p type="orientation">0</p><p type="wh">203, 75</p><p type="color">255, 0, 0</p><p type="colorEdges">102, 255, 102</p><p type="coordinates">419, 2170</p><tags><tag>word</tag></tags></rectangle><rectangle><p type="text">i</p><p type="orientation">0</p><p type="wh">86, 104</p><p type="color">255, 0, 0</p><p type="colorEdges">102, 255, 102</p><p type="coordinates">644, 2150</p><tags><tag>word</tag></tags></rectangle><rectangle><p type="text">could</p><p type="orientation">0</p><p type="wh">250, 82</p><p type="color">255, 0, 0</p><p type="colorEdges">102, 255, 102</p><p type="coordinates">716, 2175</p><tags><tag>word</tag></tags></rectangle><rectangle><p type="text">and</p><p type="orientation">0</p><p type="wh">207, 55</p><p type="color">255, 0, 0</p><p type="colorEdges">102, 255, 102</p><p type="coordinates">987, 2186</p><tags><tag>word</tag></tags></rectangle><rectangle><p type="text">to</p><p type="orientation">0</p><p type="wh">71, 55</p><p type="color">255, 0, 0</p><p type="colorEdges">102, 255, 102</p><p type="coordinates">1212, 2186</p><tags><tag>word</tag></tags></rectangle><rectangle><p type="text">wait</p><p type="orientation">0</p><p type="wh">190, 58</p><p type="color">255, 0, 0</p><p type="colorEdges">102, 255, 102</p><p type="coordinates">1316, 2183</p><tags><tag>word</tag></tags></rectangle><rectangle><p type="text">the</p><p type="orientation">0</p><p type="wh">128, 62</p><p type="color">255, 0, 0</p><p type="colorEdges">102, 255, 102</p><p type="coordinates">1519, 2179</p><tags><tag>word</tag></tags></rectangle><rectangle><p type="text">arrival</p><p type="orientation">0</p><p type="wh">235, 48</p><p type="color">255, 0, 0</p><p type="colorEdges">102, 255, 102</p><p type="coordinates">1660, 2190</p><tags><tag>word</tag></tags></rectangle><rectangle><p type="text">of</p><p type="orientation">0</p><p type="wh">95, 94</p><p type="color">255, 0, 0</p><p type="colorEdges">102, 255, 102</p><p type="coordinates">199, 2251</p><tags><tag>word</tag></tags></rectangle><rectangle><p type="text">some</p><p type="orientation">0</p><p type="wh">180, 46</p><p type="color">255, 0, 0</p><p type="colorEdges">102, 255, 102</p><p type="coordinates">315, 2283</p><tags><tag>word</tag></tags></rectangle><rectangle><p type="text">recruits</p><p type="orientation">0</p><p type="wh">346, 70</p><p type="color">255, 0, 0</p><p type="colorEdges">102, 255, 102</p><p type="coordinates">536, 2263</p><tags><tag>word</tag></tags></rectangle><rectangle><p type="text">at</p><p type="orientation">0</p><p type="wh">108, 59</p><p type="color">255, 0, 0</p><p type="colorEdges">102, 255, 102</p><p type="coordinates">911, 2267</p><tags><tag>word</tag></tags></rectangle><rectangle><p type="text">this</p><p type="orientation">0</p><p type="wh">134, 71</p><p type="color">255, 0, 0</p><p type="colorEdges">102, 255, 102</p><p type="coordinates">1020, 2258</p><tags><tag>word</tag></tags></rectangle><rectangle><p type="text">place</p><p type="orientation">0</p><p type="wh">215, 86</p><p type="color">255, 0, 0</p><p type="colorEdges">102, 255, 102</p><p type="coordinates">1164, 2263</p><tags><tag>word</tag></tags></rectangle><rectangle><p type="text">and</p><p type="orientation">0</p><p type="wh">159, 68</p><p type="color">255, 0, 0</p><p type="colorEdges">102, 255, 102</p><p type="coordinates">1443, 2274</p><tags><tag>word</tag></tags></rectangle><rectangle><p type="text">a</p><p type="orientation">0</p><p type="wh">83, 75</p><p type="color">255, 0, 0</p><p type="colorEdges">102, 255, 102</p><p type="coordinates">1592, 2274</p><tags><tag>word</tag></tags></rectangle><rectangle><p type="text">vessel</p><p type="orientation">0</p><p type="wh">207, 79</p><p type="color">255, 0, 0</p><p type="colorEdges">102, 255, 102</p><p type="coordinates">1676, 2270</p><tags><tag>word</tag></tags></rectangle><rectangle><p type="text">with</p><p type="orientation">0</p><p type="wh">170, 70</p><p type="color">255, 0, 0</p><p type="colorEdges">102, 255, 102</p><p type="coordinates">196, 2351</p><tags><tag>word</tag></tags></rectangle><rectangle><p type="text">sundry</p><p type="orientation">0</p><p type="wh">286, 91</p><p type="color">255, 0, 0</p><p type="colorEdges">102, 255, 102</p><p type="coordinates">384, 2355</p><tags><tag>word</tag></tags></rectangle><rectangle><p type="text">arms</p><p type="orientation">0</p><p type="wh">216, 71</p><p type="color">255, 0, 0</p><p type="colorEdges">102, 255, 102</p><p type="coordinates">691, 2362</p><tags><tag>word</tag></tags></rectangle><rectangle><p type="text">c</p><p type="orientation">0</p><p type="wh">87, 62</p><p type="color">255, 0, 0</p><p type="colorEdges">102, 255, 102</p><p type="coordinates">919, 2351</p><tags><tag>word</tag></tags></rectangle><rectangle><p type="text">for</p><p type="orientation">0</p><p type="wh">103, 87</p><p type="color">255, 0, 0</p><p type="colorEdges">102, 255, 102</p><p type="coordinates">1040, 2346</p><tags><tag>word</tag></tags></rectangle><rectangle><p type="text">the</p><p type="orientation">0</p><p type="wh">111, 64</p><p type="color">255, 0, 0</p><p type="colorEdges">102, 255, 102</p><p type="coordinates">1172, 2346</p><tags><tag>word</tag></tags></rectangle><rectangle><p type="text">troops</p><p type="orientation">0</p><p type="wh">244, 84</p><p type="color">255, 0, 0</p><p type="colorEdges">102, 255, 102</p><p type="coordinates">1327, 2346</p><tags><tag>word</tag></tags></rectangle><rectangle><p type="text">this</p><p type="orientation">0</p><p type="wh">131, 62</p><p type="color">255, 0, 0</p><p type="colorEdges">102, 255, 102</p><p type="coordinates">1608, 2351</p><tags><tag>word</tag></tags></rectangle><rectangle><p type="text">ves</p><p type="orientation">0</p><p type="wh">119, 78</p><p type="color">255, 0, 0</p><p type="colorEdges">102, 255, 102</p><p type="coordinates">1739, 2355</p><tags><tag>word</tag></tags></rectangle><rectangle><p type="text">sel</p><p type="orientation">0</p><p type="wh">123, 51</p><p type="color">255, 0, 0</p><p type="colorEdges">102, 255, 102</p><p type="coordinates">196, 2450</p><tags><tag>word</tag></tags></rectangle><rectangle><p type="text">left</p><p type="orientation">0</p><p type="wh">152, 91</p><p type="color">255, 0, 0</p><p type="colorEdges">102, 255, 102</p><p type="coordinates">343, 2439</p><tags><tag>word</tag></tags></rectangle><rectangle><p type="text">williamsburgh</p><p type="orientation">0</p><p type="wh">618, 111</p><p type="color">255, 0, 0</p><p type="colorEdges">102, 255, 102</p><p type="coordinates">508, 2419</p><tags><tag>word</tag></tags></rectangle><rectangle><p type="text">two</p><p type="orientation">0</p><p type="wh">130, 51</p><p type="color">255, 0, 0</p><p type="colorEdges">102, 255, 102</p><p type="coordinates">1128, 2443</p><tags><tag>word</tag></tags></rectangle><rectangle><p type="text">days</p><p type="orientation">0</p><p type="wh">186, 87</p><p type="color">255, 0, 0</p><p type="colorEdges">102, 255, 102</p><p type="coordinates">1276, 2434</p><tags><tag>word</tag></tags></rectangle><rectangle><p type="text">after</p><p type="orientation">0</p><p type="wh">187, 76</p><p type="color">255, 0, 0</p><p type="colorEdges">102, 255, 102</p><p type="coordinates">1460, 2434</p><tags><tag>word</tag></tags></rectangle><rectangle><p type="text">i</p><p type="orientation">0</p><p type="wh">70, 79</p><p type="color">255, 0, 0</p><p type="colorEdges">102, 255, 102</p><p type="coordinates">1648, 2426</p><tags><tag>word</tag></tags></rectangle><rectangle><p type="text">did</p><p type="orientation">0</p><p type="wh">143, 58</p><p type="color">255, 0, 0</p><p type="colorEdges">102, 255, 102</p><p type="coordinates">1707, 2443</p><tags><tag>word</tag></tags></rectangle><rectangle><p type="text">and</p><p type="orientation">0</p><p type="wh">146, 39</p><p type="color">255, 0, 0</p><p type="colorEdges">102, 255, 102</p><p type="coordinates">192, 2547</p><tags><tag>word</tag></tags></rectangle><rectangle><p type="text">is</p><p type="orientation">0</p><p type="wh">67, 39</p><p type="color">255, 0, 0</p><p type="colorEdges">102, 255, 102</p><p type="coordinates">359, 2550</p><tags><tag>word</tag></tags></rectangle><rectangle><p type="text">not</p><p type="orientation">0</p><p type="wh">167, 58</p><p type="color">255, 0, 0</p><p type="colorEdges">102, 255, 102</p><p type="coordinates">439, 2531</p><tags><tag>word</tag></tags></rectangle><rectangle><p type="text">yet</p><p type="orientation">0</p><p type="wh">148, 83</p><p type="color">255, 0, 0</p><p type="colorEdges">102, 255, 102</p><p type="coordinates">615, 2531</p><tags><tag>word</tag></tags></rectangle><rectangle><p type="text">arrived</p><p type="orientation">0</p><p type="wh">299, 59</p><p type="color">255, 0, 0</p><p type="colorEdges">102, 255, 102</p><p type="coordinates">799, 2527</p><tags><tag>word</tag></tags></rectangle><rectangle><p type="text">neither</p><p type="orientation">0</p><p type="wh">323, 79</p><p type="color">255, 0, 0</p><p type="colorEdges">102, 255, 102</p><p type="coordinates">1144, 2507</p><tags><tag>word</tag></tags></rectangle><rectangle><p type="text">is</p><p type="orientation">0</p><p type="wh">75, 59</p><p type="color">255, 0, 0</p><p type="colorEdges">102, 255, 102</p><p type="coordinates">1476, 2527</p><tags><tag>word</tag></tags></rectangle><rectangle><p type="text">the</p><p type="orientation">0</p><p type="wh">126, 84</p><p type="color">255, 0, 0</p><p type="colorEdges">102, 255, 102</p><p type="coordinates">1544, 2514</p><tags><tag>word</tag></tags></rectangle><rectangle><p type="text">ex</p><p type="orientation">0</p><p type="wh">136, 86</p><p type="color">255, 0, 0</p><p type="colorEdges">102, 255, 102</p><p type="coordinates">1671, 2507</p><tags><tag>word</tag></tags></rectangle><rectangle><p type="text">press</p><p type="orientation">0</p><p type="wh">179, 100</p><p type="color">255, 0, 0</p><p type="colorEdges">102, 255, 102</p><p type="coordinates">179, 2606</p><tags><tag>word</tag></tags></rectangle><rectangle><p type="text">returned</p><p type="orientation">0</p><p type="wh">348, 88</p><p type="color">255, 0, 0</p><p type="colorEdges">102, 255, 102</p><p type="coordinates">387, 2602</p><tags><tag>word</tag></tags></rectangle><rectangle><p type="text">which</p><p type="orientation">0</p><p type="wh">295, 84</p><p type="color">255, 0, 0</p><p type="colorEdges">102, 255, 102</p><p type="coordinates">739, 2602</p><tags><tag>word</tag></tags></rectangle><rectangle><p type="text">the</p><p type="orientation">0</p><p type="wh">147, 71</p><p type="color">255, 0, 0</p><p type="colorEdges">102, 255, 102</p><p type="coordinates">1032, 2615</p><tags><tag>word</tag></tags></rectangle><rectangle><p type="text">governor</p><p type="orientation">0</p><p type="wh">331, 91</p><p type="color">255, 0, 0</p><p type="colorEdges">102, 255, 102</p><p type="coordinates">1184, 2611</p><tags><tag>word</tag></tags></rectangle><rectangle><p type="text">sent</p><p type="orientation">0</p><p type="wh">184, 55</p><p type="color">255, 0, 0</p><p type="colorEdges">102, 255, 102</p><p type="coordinates">1539, 2615</p><tags><tag>word</tag></tags></rectangle><rectangle><p type="text">to</p><p type="orientation">0</p><p type="wh">68, 46</p><p type="color">255, 0, 0</p><p type="colorEdges">102, 255, 102</p><p type="coordinates">1739, 2615</p><tags><tag>word</tag></tags></rectangle><rectangle><p type="text">general</p><p type="orientation">0</p><p type="wh">331, 116</p><p type="color">255, 0, 0</p><p type="colorEdges">102, 255, 102</p><p type="coordinates">176, 2674</p><tags><tag>word</tag></tags></rectangle><rectangle><p type="text">shirley</p><p type="orientation">0</p><p type="wh">291, 116</p><p type="color">255, 0, 0</p><p type="colorEdges">102, 255, 102</p><p type="coordinates">520, 2678</p><tags><tag>word</tag></tags></rectangle><rectangle><p type="text">for</p><p type="orientation">0</p><p type="wh">119, 91</p><p type="color">255, 0, 0</p><p type="colorEdges">102, 255, 102</p><p type="coordinates">827, 2683</p><tags><tag>word</tag></tags></rectangle><rectangle><p type="text">commissions</p><p type="orientation">0</p><p type="wh">519, 111</p><p type="color">255, 0, 0</p><p type="colorEdges">102, 255, 102</p><p type="coordinates">987, 2683</p><tags><tag>word</tag></tags></rectangle><rectangle><p type="text">for</p><p type="orientation">0</p><p type="wh">119, 79</p><p type="color">255, 0, 0</p><p type="colorEdges">102, 255, 102</p><p type="coordinates">1516, 2690</p><tags><tag>word</tag></tags></rectangle><rectangle><p type="text">the</p><p type="orientation">0</p><p type="wh">118, 71</p><p type="color">255, 0, 0</p><p type="colorEdges">102, 255, 102</p><p type="coordinates">1656, 2687</p><tags><tag>word</tag></tags></rectangle><rectangle><p type="text">field</p><p type="orientation">0</p><p type="wh">256, 111</p><p type="color">255, 0, 0</p><p type="colorEdges">102, 255, 102</p><p type="coordinates">183, 2767</p><tags><tag>word</tag></tags></rectangle><rectangle><p type="text">officers</p><p type="orientation">0</p><p type="wh">278, 95</p><p type="color">255, 0, 0</p><p type="colorEdges">102, 255, 102</p><p type="coordinates">452, 2774</p><tags><tag>word</tag></tags></rectangle><rectangle><p type="text">of</p><p type="orientation">0</p><p type="wh">103, 86</p><p type="color">255, 0, 0</p><p type="colorEdges">102, 255, 102</p><p type="coordinates">728, 2787</p><tags><tag>word</tag></tags></rectangle><rectangle><p type="text">our</p><p type="orientation">0</p><p type="wh">148, 68</p><p type="color">255, 0, 0</p><p type="colorEdges">102, 255, 102</p><p type="coordinates">835, 2794</p><tags><tag>word</tag></tags></rectangle><rectangle><p type="text">regiment</p><p type="orientation">0</p><p type="wh">407, 99</p><p type="color">255, 0, 0</p><p type="colorEdges">102, 255, 102</p><p type="coordinates">1012, 2767</p><tags><tag>word</tag></tags></rectangle><rectangle><p type="text">which</p><p type="orientation">0</p><p type="wh">255, 84</p><p type="color">255, 0, 0</p><p type="colorEdges">102, 255, 102</p><p type="coordinates">1448, 2774</p><tags><tag>word</tag></tags></rectangle><rectangle><p type="text">gives</p><p type="orientation">0</p><p type="wh">167, 84</p><p type="color">255, 0, 0</p><p type="colorEdges">102, 255, 102</p><p type="coordinates">1699, 2782</p><tags><tag>word</tag></tags></rectangle><rectangle><p type="text">me</p><p type="orientation">0</p><p type="wh">135, 59</p><p type="color">255, 0, 0</p><p type="colorEdges">102, 255, 102</p><p type="coordinates">172, 2898</p><tags><tag>word</tag></tags></rectangle><rectangle><p type="text">much</p><p type="orientation">0</p><p type="wh">275, 72</p><p type="color">255, 0, 0</p><p type="colorEdges">102, 255, 102</p><p type="coordinates">356, 2862</p><tags><tag>word</tag></tags></rectangle><rectangle><p type="text">concern</p><p type="orientation">0</p><p type="wh">347, 68</p><p type="color">255, 0, 0</p><p type="colorEdges">102, 255, 102</p><p type="coordinates">655, 2882</p><tags><tag>word</tag></tags></rectangle><rectangle><p type="text">fearing</p><p type="orientation">0</p><p type="wh">351, 111</p><p type="color">255, 0, 0</p><p type="colorEdges">102, 255, 102</p><p type="coordinates">1012, 2855</p><tags><tag>word</tag></tags></rectangle><rectangle><p type="text">that</p><p type="orientation">0</p><p type="wh">210, 68</p><p type="color">255, 0, 0</p><p type="colorEdges">102, 255, 102</p><p type="coordinates">1352, 2862</p><tags><tag>word</tag></tags></rectangle><rectangle><p type="text">this</p><p type="orientation">0</p><p type="wh">131, 68</p><p type="color">255, 0, 0</p><p type="colorEdges">102, 255, 102</p><p type="coordinates">1572, 2862</p><tags><tag>word</tag></tags></rectangle><rectangle><p type="text">de</p><p type="orientation">0</p><p type="wh">119, 54</p><p type="color">255, 0, 0</p><p type="colorEdges">102, 255, 102</p><p type="coordinates">1724, 2871</p><tags><tag>word</tag></tags></rectangle><rectangle><p type="text">lay</p><p type="orientation">0</p><p type="wh">132, 103</p><p type="color">255, 0, 0</p><p type="colorEdges">102, 255, 102</p><p type="coordinates">183, 2938</p><tags><tag>word</tag></tags></rectangle><rectangle><p type="text">is</p><p type="orientation">0</p><p type="wh">67, 31</p><p type="color">255, 0, 0</p><p type="colorEdges">102, 255, 102</p><p type="coordinates">336, 2983</p><tags><tag>word</tag></tags></rectangle><rectangle><p type="text">ominous</p><p type="orientation">0</p><p type="wh">360, 46</p><p type="color">255, 0, 0</p><p type="colorEdges">102, 255, 102</p><p type="coordinates">439, 2979</p><tags><tag>word</tag></tags></rectangle><rectangle><p type="text">in</p><p type="orientation">0</p><p type="wh">103, 76</p><p type="color">255, 0, 0</p><p type="colorEdges">102, 255, 102</p><p type="coordinates">832, 2938</p><tags><tag>word</tag></tags></rectangle><rectangle><p type="text">that</p><p type="orientation">0</p><p type="wh">191, 67</p><p type="color">255, 0, 0</p><p type="colorEdges">102, 255, 102</p><p type="coordinates">972, 2947</p><tags><tag>word</tag></tags></rectangle><rectangle><p type="text">case</p><p type="orientation">0</p><p type="wh">159, 68</p><p type="color">255, 0, 0</p><p type="colorEdges">102, 255, 102</p><p type="coordinates">1187, 2970</p><tags><tag>word</tag></tags></rectangle><rectangle><p type="text">i</p><p type="orientation">0</p><p type="wh">75, 67</p><p type="color">255, 0, 0</p><p type="colorEdges">102, 255, 102</p><p type="coordinates">1372, 2947</p><tags><tag>word</tag></tags></rectangle><rectangle><p type="text">shall</p><p type="orientation">0</p><p type="wh">223, 67</p><p type="color">255, 0, 0</p><p type="colorEdges">102, 255, 102</p><p type="coordinates">1432, 2947</p><tags><tag>word</tag></tags></rectangle><rectangle><p type="text">not</p><p type="orientation">0</p><p type="wh">148, 51</p><p type="color">255, 0, 0</p><p type="colorEdges">102, 255, 102</p><p type="coordinates">1651, 2963</p><tags><tag>word</tag></tags></rectangle><rectangle><p type="text">know</p><p type="orientation">0</p><p type="wh">202, 71</p><p type="color">255, 0, 0</p><p type="colorEdges">102, 255, 102</p><p type="coordinates">196, 3035</p><tags><tag>word</tag></tags></rectangle><rectangle><p type="text">how</p><p type="orientation">0</p><p type="wh">170, 78</p><p type="color">255, 0, 0</p><p type="colorEdges">102, 255, 102</p><p type="coordinates">396, 3035</p><tags><tag>word</tag></tags></rectangle><rectangle><p type="text">to</p><p type="orientation">0</p><p type="wh">75, 55</p><p type="color">255, 0, 0</p><p type="colorEdges">102, 255, 102</p><p type="coordinates">576, 3038</p><tags><tag>word</tag></tags></rectangle><rectangle><p type="text">act</p><p type="orientation">0</p><p type="wh">199, 84</p><p type="color">255, 0, 0</p><p type="colorEdges">102, 255, 102</p><p type="coordinates">688, 3038</p><tags><tag>word</tag></tags></rectangle><rectangle><p type="text">it</p><p type="orientation">0</p><p type="wh">92, 59</p><p type="color">255, 0, 0</p><p type="colorEdges">102, 255, 102</p><p type="coordinates">919, 3038</p><tags><tag>word</tag></tags></rectangle><rectangle><p type="text">will</p><p type="orientation">0</p><p type="wh">179, 82</p><p type="color">255, 0, 0</p><p type="colorEdges">102, 255, 102</p><p type="coordinates">1020, 3031</p><tags><tag>word</tag></tags></rectangle><rectangle><p type="text">be</p><p type="orientation">0</p><p type="wh">108, 66</p><p type="color">255, 0, 0</p><p type="colorEdges">102, 255, 102</p><p type="coordinates">1187, 3031</p><tags><tag>word</tag></tags></rectangle><rectangle><p type="text">useless</p><p type="orientation">0</p><p type="wh">243, 91</p><p type="color">255, 0, 0</p><p type="colorEdges">102, 255, 102</p><p type="coordinates">1336, 3035</p><tags><tag>word</tag></tags></rectangle><rectangle><p type="text">for</p><p type="orientation">0</p><p type="wh">114, 90</p><p type="color">255, 0, 0</p><p type="colorEdges">102, 255, 102</p><p type="coordinates">1600, 3027</p><tags><tag>word</tag></tags></rectangle><rectangle><p type="text">me</p><p type="orientation">0</p><p type="wh">119, 58</p><p type="color">255, 0, 0</p><p type="colorEdges">102, 255, 102</p><p type="coordinates">1736, 3051</p><tags><tag>word</tag></tags></rectangle></rectangle></content></data>