<?xml version='1.0' encoding='utf-8'?>
<data descr="TU Dortmund, LSXII Informatik, patrec, Image Annotation." ver="2016-10-15 v0.1.2"><content><rectangle><p type="text" /><rectangle><p type="text">p</p><p type="orientation">0</p><p type="wh">76, 71</p><p type="color">255, 0, 0</p><p type="colorEdges">102, 255, 102</p><p type="coordinates">1719, 63</p><tags><tag>word</tag></tags></rectangle><rectangle><p type="text">307</p><p type="orientation">0</p><p type="wh">108, 50</p><p type="color">255, 0, 0</p><p type="colorEdges">102, 255, 102</p><p type="coordinates">1803, 71</p><tags><tag>word</tag></tags></rectangle><rectangle><p type="text">letters</p><p type="orientation">0</p><p type="wh">291, 131</p><p type="color">255, 0, 0</p><p type="colorEdges">102, 255, 102</p><p type="coordinates">200, 94</p><tags><tag>word</tag></tags></rectangle><rectangle><p type="text">orders</p><p type="orientation">0</p><p type="wh">279, 118</p><p type="color">255, 0, 0</p><p type="colorEdges">102, 255, 102</p><p type="coordinates">487, 107</p><tags><tag>word</tag></tags></rectangle><rectangle><p type="text">and</p><p type="orientation">0</p><p type="wh">230, 87</p><p type="color">255, 0, 0</p><p type="colorEdges">102, 255, 102</p><p type="coordinates">772, 138</p><tags><tag>word</tag></tags></rectangle><rectangle><p type="text">instructions</p><p type="orientation">0</p><p type="wh">547, 119</p><p type="color">255, 0, 0</p><p type="colorEdges">102, 255, 102</p><p type="coordinates">992, 119</p><tags><tag>word</tag></tags></rectangle><rectangle><p type="text">december</p><p type="orientation">0</p><p type="wh">319, 92</p><p type="color">255, 0, 0</p><p type="colorEdges">102, 255, 102</p><p type="coordinates">1543, 142</p><tags><tag>word</tag></tags></rectangle><rectangle><p type="text">1755</p><p type="orientation">0</p><p type="wh">103, 75</p><p type="color">255, 0, 0</p><p type="colorEdges">102, 255, 102</p><p type="coordinates">1859, 159</p><tags><tag>word</tag></tags></rectangle><rectangle><p type="text">10th</p><p type="orientation">0</p><p type="wh">114, 155</p><p type="color">255, 0, 0</p><p type="colorEdges">102, 255, 102</p><p type="coordinates">68, 255</p><tags><tag>word</tag></tags></rectangle><rectangle><p type="text">alexandria</p><p type="orientation">0</p><p type="wh">463, 75</p><p type="color">255, 0, 0</p><p type="colorEdges">102, 255, 102</p><p type="coordinates">732, 307</p><tags><tag>word</tag></tags></rectangle><rectangle><p type="text">december</p><p type="orientation">0</p><p type="wh">347, 90</p><p type="color">255, 0, 0</p><p type="colorEdges">102, 255, 102</p><p type="coordinates">1212, 287</p><tags><tag>word</tag></tags></rectangle><rectangle><p type="text">10th</p><p type="orientation">0</p><p type="wh">116, 124</p><p type="color">255, 0, 0</p><p type="colorEdges">102, 255, 102</p><p type="coordinates">1563, 262</p><tags><tag>word</tag></tags></rectangle><rectangle><p type="text">1755</p><p type="orientation">0</p><p type="wh">184, 79</p><p type="color">255, 0, 0</p><p type="colorEdges">102, 255, 102</p><p type="coordinates">1667, 314</p><tags><tag>word</tag></tags></rectangle><rectangle><p type="text">a</p><p type="orientation">0</p><p type="wh">106, 71</p><p type="color">255, 0, 0</p><p type="colorEdges">102, 255, 102</p><p type="coordinates">740, 402</p><tags><tag>word</tag></tags></rectangle><rectangle><p type="text">sergeant</p><p type="orientation">0</p><p type="wh">319, 94</p><p type="color">255, 0, 0</p><p type="colorEdges">102, 255, 102</p><p type="coordinates">832, 407</p><tags><tag>word</tag></tags></rectangle><rectangle><p type="text">and</p><p type="orientation">0</p><p type="wh">179, 55</p><p type="color">255, 0, 0</p><p type="colorEdges">102, 255, 102</p><p type="coordinates">1167, 418</p><tags><tag>word</tag></tags></rectangle><rectangle><p type="text">twelve</p><p type="orientation">0</p><p type="wh">228, 55</p><p type="color">255, 0, 0</p><p type="colorEdges">102, 255, 102</p><p type="coordinates">1347, 418</p><tags><tag>word</tag></tags></rectangle><rectangle><p type="text">men</p><p type="orientation">0</p><p type="wh">195, 59</p><p type="color">255, 0, 0</p><p type="colorEdges">102, 255, 102</p><p type="coordinates">1576, 426</p><tags><tag>word</tag></tags></rectangle><rectangle><p type="text">to</p><p type="orientation">0</p><p type="wh">63, 47</p><p type="color">255, 0, 0</p><p type="colorEdges">102, 255, 102</p><p type="coordinates">1779, 423</p><tags><tag>word</tag></tags></rectangle><rectangle><p type="text">be</p><p type="orientation">0</p><p type="wh">80, 63</p><p type="color">255, 0, 0</p><p type="colorEdges">102, 255, 102</p><p type="coordinates">1859, 407</p><tags><tag>word</tag></tags></rectangle><rectangle><p type="text">in</p><p type="orientation">0</p><p type="wh">103, 72</p><p type="color">255, 0, 0</p><p type="colorEdges">102, 255, 102</p><p type="coordinates">216, 494</p><tags><tag>word</tag></tags></rectangle><rectangle><p type="text">readiness</p><p type="orientation">0</p><p type="wh">302, 99</p><p type="color">255, 0, 0</p><p type="colorEdges">102, 255, 102</p><p type="coordinates">320, 479</p><tags><tag>word</tag></tags></rectangle><rectangle><p type="text">to</p><p type="orientation">0</p><p type="wh">75, 75</p><p type="color">255, 0, 0</p><p type="colorEdges">102, 255, 102</p><p type="coordinates">620, 494</p><tags><tag>word</tag></tags></rectangle><rectangle><p type="text">escort</p><p type="orientation">0</p><p type="wh">186, 71</p><p type="color">255, 0, 0</p><p type="colorEdges">102, 255, 102</p><p type="coordinates">700, 498</p><tags><tag>word</tag></tags></rectangle><rectangle><p type="text">a</p><p type="orientation">0</p><p type="wh">79, 55</p><p type="color">255, 0, 0</p><p type="colorEdges">102, 255, 102</p><p type="coordinates">896, 514</p><tags><tag>word</tag></tags></rectangle><rectangle><p type="text">waggon</p><p type="orientation">0</p><p type="wh">255, 71</p><p type="color">255, 0, 0</p><p type="colorEdges">102, 255, 102</p><p type="coordinates">987, 510</p><tags><tag>word</tag></tags></rectangle><rectangle><p type="text">up</p><p type="orientation">0</p><p type="wh">116, 92</p><p type="color">255, 0, 0</p><p type="colorEdges">102, 255, 102</p><p type="coordinates">1263, 510</p><tags><tag>word</tag></tags></rectangle><rectangle><p type="text">to</p><p type="orientation">0</p><p type="wh">75, 64</p><p type="color">255, 0, 0</p><p type="colorEdges">102, 255, 102</p><p type="coordinates">1387, 498</p><tags><tag>word</tag></tags></rectangle><rectangle><p type="text">winchester</p><p type="orientation">0</p><p type="wh">403, 84</p><p type="color">255, 0, 0</p><p type="colorEdges">102, 255, 102</p><p type="coordinates">1463, 482</p><tags><tag>word</tag></tags></rectangle><rectangle><p type="text">to</p><p type="orientation">0</p><p type="wh">96, 75</p><p type="color">255, 0, 0</p><p type="colorEdges">102, 255, 102</p><p type="coordinates">1859, 491</p><tags><tag>word</tag></tags></rectangle><rectangle><p type="text">morrow</p><p type="orientation">0</p><p type="wh">275, 39</p><p type="color">255, 0, 0</p><p type="colorEdges">102, 255, 102</p><p type="coordinates">207, 610</p><tags><tag>word</tag></tags></rectangle><rectangle><p type="text">11th</p><p type="orientation">0</p><p type="wh">110, 139</p><p type="color">255, 0, 0</p><p type="colorEdges">102, 255, 102</p><p type="coordinates">64, 674</p><tags><tag>word</tag></tags></rectangle><rectangle><p type="text">to</p><p type="orientation">0</p><p type="wh">95, 74</p><p type="color">255, 0, 0</p><p type="colorEdges">102, 255, 102</p><p type="coordinates">216, 739</p><tags><tag>word</tag></tags></rectangle><rectangle><p type="text">sergeant</p><p type="orientation">0</p><p type="wh">359, 108</p><p type="color">255, 0, 0</p><p type="colorEdges">102, 255, 102</p><p type="coordinates">303, 742</p><tags><tag>word</tag></tags></rectangle><rectangle><p type="text">campbell</p><p type="orientation">0</p><p type="wh">423, 96</p><p type="color">255, 0, 0</p><p type="colorEdges">102, 255, 102</p><p type="coordinates">676, 742</p><tags><tag>word</tag></tags></rectangle><rectangle><p type="text">of</p><p type="orientation">0</p><p type="wh">96, 84</p><p type="color">255, 0, 0</p><p type="colorEdges">102, 255, 102</p><p type="coordinates">1083, 742</p><tags><tag>word</tag></tags></rectangle><rectangle><p type="text">the</p><p type="orientation">0</p><p type="wh">146, 68</p><p type="color">255, 0, 0</p><p type="colorEdges">102, 255, 102</p><p type="coordinates">1156, 742</p><tags><tag>word</tag></tags></rectangle><rectangle><p type="text">virginia</p><p type="orientation">0</p><p type="wh">332, 106</p><p type="color">255, 0, 0</p><p type="colorEdges">102, 255, 102</p><p type="coordinates">1319, 739</p><tags><tag>word</tag></tags></rectangle><rectangle><p type="text">regiment</p><p type="orientation">0</p><p type="wh">332, 108</p><p type="color">255, 0, 0</p><p type="colorEdges">102, 255, 102</p><p type="coordinates">1627, 742</p><tags><tag>word</tag></tags></rectangle><rectangle><p type="text">you</p><p type="orientation">0</p><p type="wh">159, 83</p><p type="color">255, 0, 0</p><p type="colorEdges">102, 255, 102</p><p type="coordinates">727, 851</p><tags><tag>word</tag></tags></rectangle><rectangle><p type="text">are</p><p type="orientation">0</p><p type="wh">115, 59</p><p type="color">255, 0, 0</p><p type="colorEdges">102, 255, 102</p><p type="coordinates">876, 854</p><tags><tag>word</tag></tags></rectangle><rectangle><p type="text">to</p><p type="orientation">0</p><p type="wh">70, 68</p><p type="color">255, 0, 0</p><p type="colorEdges">102, 255, 102</p><p type="coordinates">992, 854</p><tags><tag>word</tag></tags></rectangle><rectangle><p type="text">be</p><p type="orientation">0</p><p type="wh">79, 84</p><p type="color">255, 0, 0</p><p type="colorEdges">102, 255, 102</p><p type="coordinates">1067, 838</p><tags><tag>word</tag></tags></rectangle><rectangle><p type="text">particularly</p><p type="orientation">0</p><p type="wh">406, 82</p><p type="color">255, 0, 0</p><p type="colorEdges">102, 255, 102</p><p type="coordinates">1136, 847</p><tags><tag>word</tag></tags></rectangle><rectangle><p type="text">careful</p><p type="orientation">0</p><p type="wh">212, 71</p><p type="color">255, 0, 0</p><p type="colorEdges">102, 255, 102</p><p type="coordinates">1527, 842</p><tags><tag>word</tag></tags></rectangle><rectangle><p type="text">of</p><p type="orientation">0</p><p type="wh">80, 76</p><p type="color">255, 0, 0</p><p type="colorEdges">102, 255, 102</p><p type="coordinates">1739, 842</p><tags><tag>word</tag></tags></rectangle><rectangle><p type="text">the</p><p type="orientation">0</p><p type="wh">103, 59</p><p type="color">255, 0, 0</p><p type="colorEdges">102, 255, 102</p><p type="coordinates">1812, 838</p><tags><tag>word</tag></tags></rectangle><rectangle><p type="text">waggons</p><p type="orientation">0</p><p type="wh">279, 71</p><p type="color">255, 0, 0</p><p type="colorEdges">102, 255, 102</p><p type="coordinates">203, 934</p><tags><tag>word</tag></tags></rectangle><rectangle><p type="text">c</p><p type="orientation">0</p><p type="wh">87, 75</p><p type="color">255, 0, 0</p><p type="colorEdges">102, 255, 102</p><p type="coordinates">472, 922</p><tags><tag>word</tag></tags></rectangle><rectangle><p type="text">under</p><p type="orientation">0</p><p type="wh">204, 55</p><p type="color">255, 0, 0</p><p type="colorEdges">102, 255, 102</p><p type="coordinates">567, 938</p><tags><tag>word</tag></tags></rectangle><rectangle><p type="text">your</p><p type="orientation">0</p><p type="wh">159, 66</p><p type="color">255, 0, 0</p><p type="colorEdges">102, 255, 102</p><p type="coordinates">772, 943</p><tags><tag>word</tag></tags></rectangle><rectangle><p type="text">charge</p><p type="orientation">0</p><p type="wh">235, 92</p><p type="color">255, 0, 0</p><p type="colorEdges">102, 255, 102</p><p type="coordinates">936, 922</p><tags><tag>word</tag></tags></rectangle><rectangle><p type="text">and</p><p type="orientation">0</p><p type="wh">170, 59</p><p type="color">255, 0, 0</p><p type="colorEdges">102, 255, 102</p><p type="coordinates">1176, 922</p><tags><tag>word</tag></tags></rectangle><rectangle><p type="text">are</p><p type="orientation">0</p><p type="wh">123, 55</p><p type="color">255, 0, 0</p><p type="colorEdges">102, 255, 102</p><p type="coordinates">1343, 931</p><tags><tag>word</tag></tags></rectangle><rectangle><p type="text">to</p><p type="orientation">0</p><p type="wh">83, 63</p><p type="color">255, 0, 0</p><p type="colorEdges">102, 255, 102</p><p type="coordinates">1459, 927</p><tags><tag>word</tag></tags></rectangle><rectangle><p type="text">see</p><p type="orientation">0</p><p type="wh">94, 55</p><p type="color">255, 0, 0</p><p type="colorEdges">102, 255, 102</p><p type="coordinates">1532, 931</p><tags><tag>word</tag></tags></rectangle><rectangle><p type="text">that</p><p type="orientation">0</p><p type="wh">168, 71</p><p type="color">255, 0, 0</p><p type="colorEdges">102, 255, 102</p><p type="coordinates">1623, 919</p><tags><tag>word</tag></tags></rectangle><rectangle><p type="text">centi</p><p type="orientation">0</p><p type="wh">167, 68</p><p type="color">255, 0, 0</p><p type="colorEdges">102, 255, 102</p><p type="coordinates">1779, 922</p><tags><tag>word</tag></tags></rectangle><rectangle><p type="text">nels</p><p type="orientation">0</p><p type="wh">143, 71</p><p type="color">255, 0, 0</p><p type="colorEdges">102, 255, 102</p><p type="coordinates">203, 1011</p><tags><tag>word</tag></tags></rectangle><rectangle><p type="text">are</p><p type="orientation">0</p><p type="wh">112, 55</p><p type="color">255, 0, 0</p><p type="colorEdges">102, 255, 102</p><p type="coordinates">343, 1027</p><tags><tag>word</tag></tags></rectangle><rectangle><p type="text">kept</p><p type="orientation">0</p><p type="wh">146, 91</p><p type="color">255, 0, 0</p><p type="colorEdges">102, 255, 102</p><p type="coordinates">480, 1002</p><tags><tag>word</tag></tags></rectangle><rectangle><p type="text">over</p><p type="orientation">0</p><p type="wh">128, 52</p><p type="color">255, 0, 0</p><p type="colorEdges">102, 255, 102</p><p type="coordinates">627, 1018</p><tags><tag>word</tag></tags></rectangle><rectangle><p type="text">them</p><p type="orientation">0</p><p type="wh">192, 76</p><p type="color">255, 0, 0</p><p type="colorEdges">102, 255, 102</p><p type="coordinates">763, 1006</p><tags><tag>word</tag></tags></rectangle><rectangle><p type="text">if</p><p type="orientation">0</p><p type="wh">99, 108</p><p type="color">255, 0, 0</p><p type="colorEdges">102, 255, 102</p><p type="coordinates">1007, 990</p><tags><tag>word</tag></tags></rectangle><rectangle><p type="text">any</p><p type="orientation">0</p><p type="wh">136, 86</p><p type="color">255, 0, 0</p><p type="colorEdges">102, 255, 102</p><p type="coordinates">1099, 1015</p><tags><tag>word</tag></tags></rectangle><rectangle><p type="text">just</p><p type="orientation">0</p><p type="wh">164, 87</p><p type="color">255, 0, 0</p><p type="colorEdges">102, 255, 102</p><p type="coordinates">1227, 1006</p><tags><tag>word</tag></tags></rectangle><rectangle><p type="text">complaint</p><p type="orientation">0</p><p type="wh">348, 99</p><p type="color">255, 0, 0</p><p type="colorEdges">102, 255, 102</p><p type="coordinates">1383, 994</p><tags><tag>word</tag></tags></rectangle><rectangle><p type="text">is</p><p type="orientation">0</p><p type="wh">72, 59</p><p type="color">255, 0, 0</p><p type="colorEdges">102, 255, 102</p><p type="coordinates">1727, 1015</p><tags><tag>word</tag></tags></rectangle><rectangle><p type="text">made</p><p type="orientation">0</p><p type="wh">175, 64</p><p type="color">255, 0, 0</p><p type="colorEdges">102, 255, 102</p><p type="coordinates">1787, 1006</p><tags><tag>word</tag></tags></rectangle><rectangle><p type="text">of</p><p type="orientation">0</p><p type="wh">91, 80</p><p type="color">255, 0, 0</p><p type="colorEdges">102, 255, 102</p><p type="coordinates">200, 1090</p><tags><tag>word</tag></tags></rectangle><rectangle><p type="text">the</p><p type="orientation">0</p><p type="wh">108, 71</p><p type="color">255, 0, 0</p><p type="colorEdges">102, 255, 102</p><p type="coordinates">283, 1086</p><tags><tag>word</tag></tags></rectangle><rectangle><p type="text">misbehaviour</p><p type="orientation">0</p><p type="wh">483, 71</p><p type="color">255, 0, 0</p><p type="colorEdges">102, 255, 102</p><p type="coordinates">412, 1083</p><tags><tag>word</tag></tags></rectangle><rectangle><p type="text">of</p><p type="orientation">0</p><p type="wh">70, 87</p><p type="color">255, 0, 0</p><p type="colorEdges">102, 255, 102</p><p type="coordinates">892, 1095</p><tags><tag>word</tag></tags></rectangle><rectangle><p type="text">the</p><p type="orientation">0</p><p type="wh">102, 68</p><p type="color">255, 0, 0</p><p type="colorEdges">102, 255, 102</p><p type="coordinates">960, 1098</p><tags><tag>word</tag></tags></rectangle><rectangle><p type="text">party</p><p type="orientation">0</p><p type="wh">168, 83</p><p type="color">255, 0, 0</p><p type="colorEdges">102, 255, 102</p><p type="coordinates">1067, 1095</p><tags><tag>word</tag></tags></rectangle><rectangle><p type="text">under</p><p type="orientation">0</p><p type="wh">203, 55</p><p type="color">255, 0, 0</p><p type="colorEdges">102, 255, 102</p><p type="coordinates">1236, 1095</p><tags><tag>word</tag></tags></rectangle><rectangle><p type="text">your</p><p type="orientation">0</p><p type="wh">154, 59</p><p type="color">255, 0, 0</p><p type="colorEdges">102, 255, 102</p><p type="coordinates">1432, 1111</p><tags><tag>word</tag></tags></rectangle><rectangle><p type="text">command</p><p type="orientation">0</p><p type="wh">356, 75</p><p type="color">255, 0, 0</p><p type="colorEdges">102, 255, 102</p><p type="coordinates">1599, 1086</p><tags><tag>word</tag></tags></rectangle><rectangle><p type="text">upon</p><p type="orientation">0</p><p type="wh">191, 72</p><p type="color">255, 0, 0</p><p type="colorEdges">102, 255, 102</p><p type="coordinates">188, 1194</p><tags><tag>word</tag></tags></rectangle><rectangle><p type="text">their</p><p type="orientation">0</p><p type="wh">170, 90</p><p type="color">255, 0, 0</p><p type="colorEdges">102, 255, 102</p><p type="coordinates">396, 1167</p><tags><tag>word</tag></tags></rectangle><rectangle><p type="text">march</p><p type="orientation">0</p><p type="wh">262, 71</p><p type="color">255, 0, 0</p><p type="colorEdges">102, 255, 102</p><p type="coordinates">580, 1186</p><tags><tag>word</tag></tags></rectangle><rectangle><p type="text">you</p><p type="orientation">0</p><p type="wh">122, 91</p><p type="color">255, 0, 0</p><p type="colorEdges">102, 255, 102</p><p type="coordinates">860, 1175</p><tags><tag>word</tag></tags></rectangle><rectangle><p type="text">will</p><p type="orientation">0</p><p type="wh">159, 71</p><p type="color">255, 0, 0</p><p type="colorEdges">102, 255, 102</p><p type="coordinates">1003, 1170</p><tags><tag>word</tag></tags></rectangle><rectangle><p type="text">be</p><p type="orientation">0</p><p type="wh">72, 64</p><p type="color">255, 0, 0</p><p type="colorEdges">102, 255, 102</p><p type="coordinates">1163, 1170</p><tags><tag>word</tag></tags></rectangle><rectangle><p type="text">punished</p><p type="orientation">0</p><p type="wh">308, 80</p><p type="color">255, 0, 0</p><p type="colorEdges">102, 255, 102</p><p type="coordinates">1243, 1182</p><tags><tag>word</tag></tags></rectangle><rectangle><p type="text">by</p><p type="orientation">0</p><p type="wh">66, 94</p><p type="color">255, 0, 0</p><p type="colorEdges">102, 255, 102</p><p type="coordinates">1556, 1163</p><tags><tag>word</tag></tags></rectangle><rectangle><p type="text">a</p><p type="orientation">0</p><p type="wh">52, 64</p><p type="color">255, 0, 0</p><p type="colorEdges">102, 255, 102</p><p type="coordinates">1623, 1182</p><tags><tag>word</tag></tags></rectangle><rectangle><p type="text">court</p><p type="orientation">0</p><p type="wh">152, 68</p><p type="color">255, 0, 0</p><p type="colorEdges">102, 255, 102</p><p type="coordinates">1687, 1170</p><tags><tag>word</tag></tags></rectangle><rectangle><p type="text">mar</p><p type="orientation">0</p><p type="wh">114, 78</p><p type="color">255, 0, 0</p><p type="colorEdges">102, 255, 102</p><p type="coordinates">1832, 1163</p><tags><tag>word</tag></tags></rectangle><rectangle><p type="text">tial</p><p type="orientation">0</p><p type="wh">166, 66</p><p type="color">255, 0, 0</p><p type="colorEdges">102, 255, 102</p><p type="coordinates">200, 1259</p><tags><tag>word</tag></tags></rectangle><rectangle><p type="text">you</p><p type="orientation">0</p><p type="wh">143, 74</p><p type="color">255, 0, 0</p><p type="colorEdges">102, 255, 102</p><p type="coordinates">452, 1275</p><tags><tag>word</tag></tags></rectangle><rectangle><p type="text">are</p><p type="orientation">0</p><p type="wh">106, 27</p><p type="color">255, 0, 0</p><p type="colorEdges">102, 255, 102</p><p type="coordinates">620, 1294</p><tags><tag>word</tag></tags></rectangle><rectangle><p type="text">to</p><p type="orientation">0</p><p type="wh">68, 46</p><p type="color">255, 0, 0</p><p type="colorEdges">102, 255, 102</p><p type="coordinates">747, 1275</p><tags><tag>word</tag></tags></rectangle><rectangle><p type="text">see</p><p type="orientation">0</p><p type="wh">115, 39</p><p type="color">255, 0, 0</p><p type="colorEdges">102, 255, 102</p><p type="coordinates">827, 1282</p><tags><tag>word</tag></tags></rectangle><rectangle><p type="text">that</p><p type="orientation">0</p><p type="wh">171, 67</p><p type="color">255, 0, 0</p><p type="colorEdges">102, 255, 102</p><p type="coordinates">960, 1254</p><tags><tag>word</tag></tags></rectangle><rectangle><p type="text">the</p><p type="orientation">0</p><p type="wh">95, 67</p><p type="color">255, 0, 0</p><p type="colorEdges">102, 255, 102</p><p type="coordinates">1127, 1254</p><tags><tag>word</tag></tags></rectangle><rectangle><p type="text">waggoners</p><p type="orientation">0</p><p type="wh">343, 71</p><p type="color">255, 0, 0</p><p type="colorEdges">102, 255, 102</p><p type="coordinates">1256, 1271</p><tags><tag>word</tag></tags></rectangle><rectangle><p type="text">do</p><p type="orientation">0</p><p type="wh">95, 59</p><p type="color">255, 0, 0</p><p type="colorEdges">102, 255, 102</p><p type="coordinates">1607, 1275</p><tags><tag>word</tag></tags></rectangle><rectangle><p type="text">not</p><p type="orientation">0</p><p type="wh">115, 55</p><p type="color">255, 0, 0</p><p type="colorEdges">102, 255, 102</p><p type="coordinates">1696, 1275</p><tags><tag>word</tag></tags></rectangle><rectangle><p type="text">loiter</p><p type="orientation">0</p><p type="wh">159, 76</p><p type="color">255, 0, 0</p><p type="colorEdges">102, 255, 102</p><p type="coordinates">1807, 1254</p><tags><tag>word</tag></tags></rectangle><rectangle><p type="text">or</p><p type="orientation">0</p><p type="wh">82, 31</p><p type="color">255, 0, 0</p><p type="colorEdges">102, 255, 102</p><p type="coordinates">200, 1378</p><tags><tag>word</tag></tags></rectangle><rectangle><p type="text">idle</p><p type="orientation">0</p><p type="wh">150, 82</p><p type="color">255, 0, 0</p><p type="colorEdges">102, 255, 102</p><p type="coordinates">296, 1339</p><tags><tag>word</tag></tags></rectangle><rectangle><p type="text">their</p><p type="orientation">0</p><p type="wh">179, 82</p><p type="color">255, 0, 0</p><p type="colorEdges">102, 255, 102</p><p type="coordinates">447, 1327</p><tags><tag>word</tag></tags></rectangle><rectangle><p type="text">time</p><p type="orientation">0</p><p type="wh">186, 74</p><p type="color">255, 0, 0</p><p type="colorEdges">102, 255, 102</p><p type="coordinates">636, 1359</p><tags><tag>word</tag></tags></rectangle><rectangle><p type="text">but</p><p type="orientation">0</p><p type="wh">135, 66</p><p type="color">255, 0, 0</p><p type="colorEdges">102, 255, 102</p><p type="coordinates">836, 1343</p><tags><tag>word</tag></tags></rectangle><rectangle><p type="text">make</p><p type="orientation">0</p><p type="wh">204, 66</p><p type="color">255, 0, 0</p><p type="colorEdges">102, 255, 102</p><p type="coordinates">987, 1343</p><tags><tag>word</tag></tags></rectangle><rectangle><p type="text">the</p><p type="orientation">0</p><p type="wh">124, 66</p><p type="color">255, 0, 0</p><p type="colorEdges">102, 255, 102</p><p type="coordinates">1227, 1343</p><tags><tag>word</tag></tags></rectangle><rectangle><p type="text">utmost</p><p type="orientation">0</p><p type="wh">246, 54</p><p type="color">255, 0, 0</p><p type="colorEdges">102, 255, 102</p><p type="coordinates">1356, 1355</p><tags><tag>word</tag></tags></rectangle><rectangle><p type="text">dispatch</p><p type="orientation">0</p><p type="wh">283, 82</p><p type="color">255, 0, 0</p><p type="colorEdges">102, 255, 102</p><p type="coordinates">1612, 1339</p><tags><tag>word</tag></tags></rectangle><rectangle><p type="text">to</p><p type="orientation">0</p><p type="wh">63, 54</p><p type="color">255, 0, 0</p><p type="colorEdges">102, 255, 102</p><p type="coordinates">1883, 1355</p><tags><tag>word</tag></tags></rectangle><rectangle><p type="text">winchester</p><p type="orientation">0</p><p type="wh">343, 83</p><p type="color">255, 0, 0</p><p type="colorEdges">102, 255, 102</p><p type="coordinates">192, 1418</p><tags><tag>word</tag></tags></rectangle><rectangle><p type="text">so</p><p type="orientation">0</p><p type="wh">90, 80</p><p type="color">255, 0, 0</p><p type="colorEdges">102, 255, 102</p><p type="coordinates">596, 1418</p><tags><tag>word</tag></tags></rectangle><rectangle><p type="text">soon</p><p type="orientation">0</p><p type="wh">155, 40</p><p type="color">255, 0, 0</p><p type="colorEdges">102, 255, 102</p><p type="coordinates">696, 1458</p><tags><tag>word</tag></tags></rectangle><rectangle><p type="text">as</p><p type="orientation">0</p><p type="wh">110, 59</p><p type="color">255, 0, 0</p><p type="colorEdges">102, 255, 102</p><p type="coordinates">856, 1451</p><tags><tag>word</tag></tags></rectangle><rectangle><p type="text">you</p><p type="orientation">0</p><p type="wh">146, 66</p><p type="color">255, 0, 0</p><p type="colorEdges">102, 255, 102</p><p type="coordinates">956, 1451</p><tags><tag>word</tag></tags></rectangle><rectangle><p type="text">arrive</p><p type="orientation">0</p><p type="wh">239, 36</p><p type="color">255, 0, 0</p><p type="colorEdges">102, 255, 102</p><p type="coordinates">1112, 1458</p><tags><tag>word</tag></tags></rectangle><rectangle><p type="text">at</p><p type="orientation">0</p><p type="wh">116, 75</p><p type="color">255, 0, 0</p><p type="colorEdges">102, 255, 102</p><p type="coordinates">1343, 1435</p><tags><tag>word</tag></tags></rectangle><rectangle><p type="text">winchester</p><p type="orientation">0</p><p type="wh">354, 62</p><p type="color">255, 0, 0</p><p type="colorEdges">102, 255, 102</p><p type="coordinates">1452, 1439</p><tags><tag>word</tag></tags></rectangle><rectangle><p type="text">you</p><p type="orientation">0</p><p type="wh">110, 50</p><p type="color">255, 0, 0</p><p type="colorEdges">102, 255, 102</p><p type="coordinates">1832, 1463</p><tags><tag>word</tag></tags></rectangle><rectangle><p type="text">are</p><p type="orientation">0</p><p type="wh">115, 34</p><p type="color">255, 0, 0</p><p type="colorEdges">102, 255, 102</p><p type="coordinates">200, 1547</p><tags><tag>word</tag></tags></rectangle><rectangle><p type="text">to</p><p type="orientation">0</p><p type="wh">63, 52</p><p type="color">255, 0, 0</p><p type="colorEdges">102, 255, 102</p><p type="coordinates">332, 1526</p><tags><tag>word</tag></tags></rectangle><rectangle><p type="text">deliver</p><p type="orientation">0</p><p type="wh">219, 64</p><p type="color">255, 0, 0</p><p type="colorEdges">102, 255, 102</p><p type="coordinates">423, 1514</p><tags><tag>word</tag></tags></rectangle><rectangle><p type="text">the</p><p type="orientation">0</p><p type="wh">107, 68</p><p type="color">255, 0, 0</p><p type="colorEdges">102, 255, 102</p><p type="coordinates">672, 1510</p><tags><tag>word</tag></tags></rectangle><rectangle><p type="text">things</p><p type="orientation">0</p><p type="wh">216, 99</p><p type="color">255, 0, 0</p><p type="colorEdges">102, 255, 102</p><p type="coordinates">803, 1514</p><tags><tag>word</tag></tags></rectangle><rectangle><p type="text">to</p><p type="orientation">0</p><p type="wh">87, 67</p><p type="color">255, 0, 0</p><p type="colorEdges">102, 255, 102</p><p type="coordinates">1019, 1523</p><tags><tag>word</tag></tags></rectangle><rectangle><p type="text">the</p><p type="orientation">0</p><p type="wh">132, 84</p><p type="color">255, 0, 0</p><p type="colorEdges">102, 255, 102</p><p type="coordinates">1107, 1510</p><tags><tag>word</tag></tags></rectangle><rectangle><p type="text">commissary</p><p type="orientation">0</p><p type="wh">407, 96</p><p type="color">255, 0, 0</p><p type="colorEdges">102, 255, 102</p><p type="coordinates">1239, 1510</p><tags><tag>word</tag></tags></rectangle><rectangle><p type="text">there</p><p type="orientation">0</p><p type="wh">176, 87</p><p type="color">255, 0, 0</p><p type="colorEdges">102, 255, 102</p><p type="coordinates">1639, 1510</p><tags><tag>word</tag></tags></rectangle><rectangle><p type="text">and</p><p type="orientation">0</p><p type="wh">139, 62</p><p type="color">255, 0, 0</p><p type="colorEdges">102, 255, 102</p><p type="coordinates">1816, 1535</p><tags><tag>word</tag></tags></rectangle><rectangle><p type="text">are</p><p type="orientation">0</p><p type="wh">135, 31</p><p type="color">255, 0, 0</p><p type="colorEdges">102, 255, 102</p><p type="coordinates">196, 1634</p><tags><tag>word</tag></tags></rectangle><rectangle><p type="text">to</p><p type="orientation">0</p><p type="wh">63, 47</p><p type="color">255, 0, 0</p><p type="colorEdges">102, 255, 102</p><p type="coordinates">336, 1615</p><tags><tag>word</tag></tags></rectangle><rectangle><p type="text">take</p><p type="orientation">0</p><p type="wh">135, 68</p><p type="color">255, 0, 0</p><p type="colorEdges">102, 255, 102</p><p type="coordinates">440, 1594</p><tags><tag>word</tag></tags></rectangle><rectangle><p type="text">his</p><p type="orientation">0</p><p type="wh">88, 75</p><p type="color">255, 0, 0</p><p type="colorEdges">102, 255, 102</p><p type="coordinates">607, 1603</p><tags><tag>word</tag></tags></rectangle><rectangle><p type="text">receipt</p><p type="orientation">0</p><p type="wh">243, 87</p><p type="color">255, 0, 0</p><p type="colorEdges">102, 255, 102</p><p type="coordinates">732, 1606</p><tags><tag>word</tag></tags></rectangle><rectangle><p type="text">for</p><p type="orientation">0</p><p type="wh">83, 83</p><p type="color">255, 0, 0</p><p type="colorEdges">102, 255, 102</p><p type="coordinates">983, 1603</p><tags><tag>word</tag></tags></rectangle><rectangle><p type="text">them</p><p type="orientation">0</p><p type="wh">190, 62</p><p type="color">255, 0, 0</p><p type="colorEdges">102, 255, 102</p><p type="coordinates">1072, 1603</p><tags><tag>word</tag></tags></rectangle><rectangle><p type="text">given</p><p type="orientation">0</p><p type="wh">248, 87</p><p type="color">255, 0, 0</p><p type="colorEdges">102, 255, 102</p><p type="coordinates">727, 1687</p><tags><tag>word</tag></tags></rectangle><rectangle><p type="text">at</p><p type="orientation">0</p><p type="wh">112, 71</p><p type="color">255, 0, 0</p><p type="colorEdges">102, 255, 102</p><p type="coordinates">967, 1690</p><tags><tag>word</tag></tags></rectangle><rectangle><p type="text">alexandria</p><p type="orientation">0</p><p type="wh">468, 96</p><p type="color">255, 0, 0</p><p type="colorEdges">102, 255, 102</p><p type="coordinates">1083, 1674</p><tags><tag>word</tag></tags></rectangle><rectangle><p type="text">c</p><p type="orientation">0</p><p type="wh">84, 82</p><p type="color">255, 0, 0</p><p type="colorEdges">102, 255, 102</p><p type="coordinates">1547, 1683</p><tags><tag>word</tag></tags></rectangle><rectangle><p type="text">december</p><p type="orientation">0</p><p type="wh">310, 87</p><p type="color">255, 0, 0</p><p type="colorEdges">102, 255, 102</p><p type="coordinates">1636, 1674</p><tags><tag>word</tag></tags></rectangle><rectangle><p type="text">11th</p><p type="orientation">0</p><p type="wh">95, 80</p><p type="color">255, 0, 0</p><p type="colorEdges">102, 255, 102</p><p type="coordinates">756, 1758</p><tags><tag>word</tag></tags></rectangle><rectangle><p type="text">1755</p><p type="orientation">0</p><p type="wh">168, 67</p><p type="color">255, 0, 0</p><p type="colorEdges">102, 255, 102</p><p type="coordinates">847, 1783</p><tags><tag>word</tag></tags></rectangle><rectangle><p type="text">gw</p><p type="orientation">0</p><p type="wh">172, 99</p><p type="color">255, 0, 0</p><p type="colorEdges">102, 255, 102</p><p type="coordinates">1163, 1826</p><tags><tag>word</tag></tags></rectangle><rectangle><p type="text">aid</p><p type="orientation">0</p><p type="wh">148, 66</p><p type="color">255, 0, 0</p><p type="colorEdges">102, 255, 102</p><p type="coordinates">1347, 1863</p><tags><tag>word</tag></tags></rectangle><rectangle><p type="text">de</p><p type="orientation">0</p><p type="wh">92, 80</p><p type="color">255, 0, 0</p><p type="colorEdges">102, 255, 102</p><p type="coordinates">1519, 1858</p><tags><tag>word</tag></tags></rectangle><rectangle><p type="text">camp</p><p type="orientation">0</p><p type="wh">243, 71</p><p type="color">255, 0, 0</p><p type="colorEdges">102, 255, 102</p><p type="coordinates">1603, 1870</p><tags><tag>word</tag></tags></rectangle><rectangle><p type="text">16th</p><p type="orientation">0</p><p type="wh">118, 134</p><p type="color">255, 0, 0</p><p type="colorEdges">102, 255, 102</p><p type="coordinates">56, 1975</p><tags><tag>word</tag></tags></rectangle><rectangle><p type="text">to</p><p type="orientation">0</p><p type="wh">119, 103</p><p type="color">255, 0, 0</p><p type="colorEdges">102, 255, 102</p><p type="coordinates">192, 2006</p><tags><tag>word</tag></tags></rectangle><rectangle><p type="text">captains</p><p type="orientation">0</p><p type="wh">419, 94</p><p type="color">255, 0, 0</p><p type="colorEdges">102, 255, 102</p><p type="coordinates">312, 2015</p><tags><tag>word</tag></tags></rectangle><rectangle><p type="text">savage</p><p type="orientation">0</p><p type="wh">348, 103</p><p type="color">255, 0, 0</p><p type="colorEdges">102, 255, 102</p><p type="coordinates">727, 2006</p><tags><tag>word</tag></tags></rectangle><rectangle><p type="text">and</p><p type="orientation">0</p><p type="wh">192, 75</p><p type="color">255, 0, 0</p><p type="colorEdges">102, 255, 102</p><p type="coordinates">1079, 2027</p><tags><tag>word</tag></tags></rectangle><rectangle><p type="text">mckenzie</p><p type="orientation">0</p><p type="wh">395, 99</p><p type="color">255, 0, 0</p><p type="colorEdges">102, 255, 102</p><p type="coordinates">1276, 2015</p><tags><tag>word</tag></tags></rectangle><rectangle><p type="text">you</p><p type="orientation">0</p><p type="wh">146, 103</p><p type="color">255, 0, 0</p><p type="colorEdges">102, 255, 102</p><p type="coordinates">756, 2107</p><tags><tag>word</tag></tags></rectangle><rectangle><p type="text">are</p><p type="orientation">0</p><p type="wh">139, 59</p><p type="color">255, 0, 0</p><p type="colorEdges">102, 255, 102</p><p type="coordinates">932, 2130</p><tags><tag>word</tag></tags></rectangle><rectangle><p type="text">ordered</p><p type="orientation">0</p><p type="wh">279, 59</p><p type="color">255, 0, 0</p><p type="colorEdges">102, 255, 102</p><p type="coordinates">1096, 2118</p><tags><tag>word</tag></tags></rectangle><rectangle><p type="text">to</p><p type="orientation">0</p><p type="wh">64, 50</p><p type="color">255, 0, 0</p><p type="colorEdges">102, 255, 102</p><p type="coordinates">1387, 2127</p><tags><tag>word</tag></tags></rectangle><rectangle><p type="text">remain</p><p type="orientation">0</p><p type="wh">236, 36</p><p type="color">255, 0, 0</p><p type="colorEdges">102, 255, 102</p><p type="coordinates">1459, 2146</p><tags><tag>word</tag></tags></rectangle><rectangle><p type="text">here</p><p type="orientation">0</p><p type="wh">139, 87</p><p type="color">255, 0, 0</p><p type="colorEdges">102, 255, 102</p><p type="coordinates">1703, 2102</p><tags><tag>word</tag></tags></rectangle><rectangle><p type="text">with</p><p type="orientation">0</p><p type="wh">127, 71</p><p type="color">255, 0, 0</p><p type="colorEdges">102, 255, 102</p><p type="coordinates">1832, 2123</p><tags><tag>word</tag></tags></rectangle><rectangle><p type="text">your</p><p type="orientation">0</p><p type="wh">167, 63</p><p type="color">255, 0, 0</p><p type="colorEdges">102, 255, 102</p><p type="coordinates">184, 2231</p><tags><tag>word</tag></tags></rectangle><rectangle><p type="text">recruits</p><p type="orientation">0</p><p type="wh">291, 71</p><p type="color">255, 0, 0</p><p type="colorEdges">102, 255, 102</p><p type="coordinates">380, 2198</p><tags><tag>word</tag></tags></rectangle><rectangle><p type="text">until</p><p type="orientation">0</p><p type="wh">204, 87</p><p type="color">255, 0, 0</p><p type="colorEdges">102, 255, 102</p><p type="coordinates">707, 2179</p><tags><tag>word</tag></tags></rectangle><rectangle><p type="text">further</p><p type="orientation">0</p><p type="wh">250, 94</p><p type="color">255, 0, 0</p><p type="colorEdges">102, 255, 102</p><p type="coordinates">916, 2191</p><tags><tag>word</tag></tags></rectangle><rectangle><p type="text">orders</p><p type="orientation">0</p><p type="wh">203, 59</p><p type="color">255, 0, 0</p><p type="colorEdges">102, 255, 102</p><p type="coordinates">1199, 2210</p><tags><tag>word</tag></tags></rectangle><rectangle><p type="text">so</p><p type="orientation">0</p><p type="wh">92, 74</p><p type="color">255, 0, 0</p><p type="colorEdges">102, 255, 102</p><p type="coordinates">1439, 2195</p><tags><tag>word</tag></tags></rectangle><rectangle><p type="text">soon</p><p type="orientation">0</p><p type="wh">135, 38</p><p type="color">255, 0, 0</p><p type="colorEdges">102, 255, 102</p><p type="coordinates">1547, 2231</p><tags><tag>word</tag></tags></rectangle><rectangle><p type="text">as</p><p type="orientation">0</p><p type="wh">164, 62</p><p type="color">255, 0, 0</p><p type="colorEdges">102, 255, 102</p><p type="coordinates">1707, 2219</p><tags><tag>word</tag></tags></rectangle><rectangle><p type="text">you</p><p type="orientation">0</p><p type="wh">79, 62</p><p type="color">255, 0, 0</p><p type="colorEdges">102, 255, 102</p><p type="coordinates">1867, 2219</p><tags><tag>word</tag></tags></rectangle><rectangle><p type="text">arrive</p><p type="orientation">0</p><p type="wh">163, 59</p><p type="color">255, 0, 0</p><p type="colorEdges">102, 255, 102</p><p type="coordinates">192, 2303</p><tags><tag>word</tag></tags></rectangle><rectangle><p type="text">here</p><p type="orientation">0</p><p type="wh">166, 83</p><p type="color">255, 0, 0</p><p type="colorEdges">102, 255, 102</p><p type="coordinates">356, 2282</p><tags><tag>word</tag></tags></rectangle><rectangle><p type="text">your</p><p type="orientation">0</p><p type="wh">162, 59</p><p type="color">255, 0, 0</p><p type="colorEdges">102, 255, 102</p><p type="coordinates">540, 2315</p><tags><tag>word</tag></tags></rectangle><rectangle><p type="text">men</p><p type="orientation">0</p><p type="wh">179, 35</p><p type="color">255, 0, 0</p><p type="colorEdges">102, 255, 102</p><p type="coordinates">727, 2315</p><tags><tag>word</tag></tags></rectangle><rectangle><p type="text">will</p><p type="orientation">0</p><p type="wh">159, 56</p><p type="color">255, 0, 0</p><p type="colorEdges">102, 255, 102</p><p type="coordinates">940, 2294</p><tags><tag>word</tag></tags></rectangle><rectangle><p type="text">be</p><p type="orientation">0</p><p type="wh">86, 59</p><p type="color">255, 0, 0</p><p type="colorEdges">102, 255, 102</p><p type="coordinates">1096, 2287</p><tags><tag>word</tag></tags></rectangle><rectangle><p type="text">supplied</p><p type="orientation">0</p><p type="wh">303, 90</p><p type="color">255, 0, 0</p><p type="colorEdges">102, 255, 102</p><p type="coordinates">1199, 2287</p><tags><tag>word</tag></tags></rectangle><rectangle><p type="text">with</p><p type="orientation">0</p><p type="wh">155, 68</p><p type="color">255, 0, 0</p><p type="colorEdges">102, 255, 102</p><p type="coordinates">1507, 2282</p><tags><tag>word</tag></tags></rectangle><rectangle><p type="text">clothes</p><p type="orientation">0</p><p type="wh">212, 80</p><p type="color">255, 0, 0</p><p type="colorEdges">102, 255, 102</p><p type="coordinates">1659, 2278</p><tags><tag>word</tag></tags></rectangle><rectangle><p type="text">by</p><p type="orientation">0</p><p type="wh">83, 94</p><p type="color">255, 0, 0</p><p type="colorEdges">102, 255, 102</p><p type="coordinates">1859, 2287</p><tags><tag>word</tag></tags></rectangle><rectangle><p type="text">applying</p><p type="orientation">0</p><p type="wh">323, 87</p><p type="color">255, 0, 0</p><p type="colorEdges">102, 255, 102</p><p type="coordinates">192, 2371</p><tags><tag>word</tag></tags></rectangle><rectangle><p type="text">to</p><p type="orientation">0</p><p type="wh">87, 63</p><p type="color">255, 0, 0</p><p type="colorEdges">102, 255, 102</p><p type="coordinates">512, 2383</p><tags><tag>word</tag></tags></rectangle><rectangle><p type="text">major</p><p type="orientation">0</p><p type="wh">196, 104</p><p type="color">255, 0, 0</p><p type="colorEdges">102, 255, 102</p><p type="coordinates">643, 2366</p><tags><tag>word</tag></tags></rectangle><rectangle><p type="text">carlyle</p><p type="orientation">0</p><p type="wh">263, 104</p><p type="color">255, 0, 0</p><p type="colorEdges">102, 255, 102</p><p type="coordinates">883, 2366</p><tags><tag>word</tag></tags></rectangle><rectangle><p type="text">if</p><p type="orientation">0</p><p type="wh">116, 94</p><p type="color">255, 0, 0</p><p type="colorEdges">102, 255, 102</p><p type="coordinates">1219, 2355</p><tags><tag>word</tag></tags></rectangle><rectangle><p type="text">any</p><p type="orientation">0</p><p type="wh">148, 71</p><p type="color">255, 0, 0</p><p type="colorEdges">102, 255, 102</p><p type="coordinates">1327, 2390</p><tags><tag>word</tag></tags></rectangle><rectangle><p type="text">of</p><p type="orientation">0</p><p type="wh">83, 96</p><p type="color">255, 0, 0</p><p type="colorEdges">102, 255, 102</p><p type="coordinates">1479, 2362</p><tags><tag>word</tag></tags></rectangle><rectangle><p type="text">your</p><p type="orientation">0</p><p type="wh">159, 68</p><p type="color">255, 0, 0</p><p type="colorEdges">102, 255, 102</p><p type="coordinates">1552, 2390</p><tags><tag>word</tag></tags></rectangle><rectangle><p type="text">men</p><p type="orientation">0</p><p type="wh">172, 59</p><p type="color">255, 0, 0</p><p type="colorEdges">102, 255, 102</p><p type="coordinates">1707, 2383</p><tags><tag>word</tag></tags></rectangle><rectangle><p type="text">should</p><p type="orientation">0</p><p type="wh">278, 76</p><p type="color">255, 0, 0</p><p type="colorEdges">102, 255, 102</p><p type="coordinates">188, 2446</p><tags><tag>word</tag></tags></rectangle><rectangle><p type="text">desert</p><p type="orientation">0</p><p type="wh">211, 71</p><p type="color">255, 0, 0</p><p type="colorEdges">102, 255, 102</p><p type="coordinates">480, 2451</p><tags><tag>word</tag></tags></rectangle><rectangle><p type="text">you</p><p type="orientation">0</p><p type="wh">123, 62</p><p type="color">255, 0, 0</p><p type="colorEdges">102, 255, 102</p><p type="coordinates">703, 2483</p><tags><tag>word</tag></tags></rectangle><rectangle><p type="text">are</p><p type="orientation">0</p><p type="wh">107, 31</p><p type="color">255, 0, 0</p><p type="colorEdges">102, 255, 102</p><p type="coordinates">892, 2486</p><tags><tag>word</tag></tags></rectangle><rectangle><p type="text">to</p><p type="orientation">0</p><p type="wh">74, 47</p><p type="color">255, 0, 0</p><p type="colorEdges">102, 255, 102</p><p type="coordinates">1032, 2467</p><tags><tag>word</tag></tags></rectangle><rectangle><p type="text">use</p><p type="orientation">0</p><p type="wh">108, 34</p><p type="color">255, 0, 0</p><p type="colorEdges">102, 255, 102</p><p type="coordinates">1123, 2483</p><tags><tag>word</tag></tags></rectangle><rectangle><p type="text">your</p><p type="orientation">0</p><p type="wh">159, 59</p><p type="color">255, 0, 0</p><p type="colorEdges">102, 255, 102</p><p type="coordinates">1263, 2483</p><tags><tag>word</tag></tags></rectangle><rectangle><p type="text">utmost</p><p type="orientation">0</p><p type="wh">307, 71</p><p type="color">255, 0, 0</p><p type="colorEdges">102, 255, 102</p><p type="coordinates">1432, 2462</p><tags><tag>word</tag></tags></rectangle><rectangle><p type="text">dili</p><p type="orientation">0</p><p type="wh">176, 59</p><p type="color">255, 0, 0</p><p type="colorEdges">102, 255, 102</p><p type="coordinates">1739, 2458</p><tags><tag>word</tag></tags></rectangle><rectangle><p type="text">gence</p><p type="orientation">0</p><p type="wh">223, 68</p><p type="color">255, 0, 0</p><p type="colorEdges">102, 255, 102</p><p type="coordinates">172, 2554</p><tags><tag>word</tag></tags></rectangle><rectangle><p type="text">in</p><p type="orientation">0</p><p type="wh">99, 38</p><p type="color">255, 0, 0</p><p type="colorEdges">102, 255, 102</p><p type="coordinates">420, 2563</p><tags><tag>word</tag></tags></rectangle><rectangle><p type="text">pursuing</p><p type="orientation">0</p><p type="wh">339, 80</p><p type="color">255, 0, 0</p><p type="colorEdges">102, 255, 102</p><p type="coordinates">507, 2558</p><tags><tag>word</tag></tags></rectangle><rectangle><p type="text">and</p><p type="orientation">0</p><p type="wh">191, 64</p><p type="color">255, 0, 0</p><p type="colorEdges">102, 255, 102</p><p type="coordinates">880, 2542</p><tags><tag>word</tag></tags></rectangle><rectangle><p type="text">apprehending</p><p type="orientation">0</p><p type="wh">523, 90</p><p type="color">255, 0, 0</p><p type="colorEdges">102, 255, 102</p><p type="coordinates">1072, 2535</p><tags><tag>word</tag></tags></rectangle><rectangle><p type="text">them</p><p type="orientation">0</p><p type="wh">199, 76</p><p type="color">255, 0, 0</p><p type="colorEdges">102, 255, 102</p><p type="coordinates">1583, 2542</p><tags><tag>word</tag></tags></rectangle><rectangle><p type="text">by</p><p type="orientation">0</p><p type="wh">92, 95</p><p type="color">255, 0, 0</p><p type="colorEdges">102, 255, 102</p><p type="coordinates">1779, 2530</p><tags><tag>word</tag></tags></rectangle><rectangle><p type="text">im</p><p type="orientation">0</p><p type="wh">92, 64</p><p type="color">255, 0, 0</p><p type="colorEdges">102, 255, 102</p><p type="coordinates">1863, 2554</p><tags><tag>word</tag></tags></rectangle><rectangle><p type="text">mediately</p><p type="orientation">0</p><p type="wh">390, 106</p><p type="color">255, 0, 0</p><p type="colorEdges">102, 255, 102</p><p type="coordinates">196, 2619</p><tags><tag>word</tag></tags></rectangle><rectangle><p type="text">advertising</p><p type="orientation">0</p><p type="wh">427, 94</p><p type="color">255, 0, 0</p><p type="colorEdges">102, 255, 102</p><p type="coordinates">612, 2631</p><tags><tag>word</tag></tags></rectangle><rectangle><p type="text">and</p><p type="orientation">0</p><p type="wh">187, 64</p><p type="color">255, 0, 0</p><p type="colorEdges">102, 255, 102</p><p type="coordinates">1059, 2626</p><tags><tag>word</tag></tags></rectangle><rectangle><p type="text">sending</p><p type="orientation">0</p><p type="wh">323, 92</p><p type="color">255, 0, 0</p><p type="colorEdges">102, 255, 102</p><p type="coordinates">1243, 2626</p><tags><tag>word</tag></tags></rectangle><rectangle><p type="text">a</p><p type="orientation">0</p><p type="wh">80, 55</p><p type="color">255, 0, 0</p><p type="colorEdges">102, 255, 102</p><p type="coordinates">1559, 2647</p><tags><tag>word</tag></tags></rectangle><rectangle><p type="text">party</p><p type="orientation">0</p><p type="wh">168, 99</p><p type="color">255, 0, 0</p><p type="colorEdges">102, 255, 102</p><p type="coordinates">1643, 2622</p><tags><tag>word</tag></tags></rectangle><rectangle><p type="text">or</p><p type="orientation">0</p><p type="wh">120, 71</p><p type="color">255, 0, 0</p><p type="colorEdges">102, 255, 102</p><p type="coordinates">1799, 2626</p><tags><tag>word</tag></tags></rectangle><rectangle><p type="text">parties</p><p type="orientation">0</p><p type="wh">286, 99</p><p type="color">255, 0, 0</p><p type="colorEdges">102, 255, 102</p><p type="coordinates">180, 2718</p><tags><tag>word</tag></tags></rectangle><rectangle><p type="text">after</p><p type="orientation">0</p><p type="wh">183, 99</p><p type="color">255, 0, 0</p><p type="colorEdges">102, 255, 102</p><p type="coordinates">483, 2699</p><tags><tag>word</tag></tags></rectangle><rectangle><p type="text">them</p><p type="orientation">0</p><p type="wh">230, 71</p><p type="color">255, 0, 0</p><p type="colorEdges">102, 255, 102</p><p type="coordinates">656, 2703</p><tags><tag>word</tag></tags></rectangle><rectangle><p type="text">alexandria</p><p type="orientation">0</p><p type="wh">559, 87</p><p type="color">255, 0, 0</p><p type="colorEdges">102, 255, 102</p><p type="coordinates">472, 2786</p><tags><tag>word</tag></tags></rectangle><rectangle><p type="text">december</p><p type="orientation">0</p><p type="wh">366, 78</p><p type="color">255, 0, 0</p><p type="colorEdges">102, 255, 102</p><p type="coordinates">1056, 2779</p><tags><tag>word</tag></tags></rectangle><rectangle><p type="text">16</p><p type="orientation">0</p><p type="wh">92, 68</p><p type="color">255, 0, 0</p><p type="colorEdges">102, 255, 102</p><p type="coordinates">1443, 2802</p><tags><tag>word</tag></tags></rectangle><rectangle><p type="text">1755</p><p type="orientation">0</p><p type="wh">190, 55</p><p type="color">255, 0, 0</p><p type="colorEdges">102, 255, 102</p><p type="coordinates">1536, 2811</p><tags><tag>word</tag></tags></rectangle><rectangle><p type="text">16th</p><p type="orientation">0</p><p type="wh">90, 143</p><p type="color">255, 0, 0</p><p type="colorEdges">102, 255, 102</p><p type="coordinates">60, 2898</p><tags><tag>word</tag></tags></rectangle><rectangle><p type="text">to</p><p type="orientation">0</p><p type="wh">111, 83</p><p type="color">255, 0, 0</p><p type="colorEdges">102, 255, 102</p><p type="coordinates">180, 2947</p><tags><tag>word</tag></tags></rectangle><rectangle><p type="text">ensign</p><p type="orientation">0</p><p type="wh">256, 115</p><p type="color">255, 0, 0</p><p type="colorEdges">102, 255, 102</p><p type="coordinates">303, 2947</p><tags><tag>word</tag></tags></rectangle><rectangle><p type="text">buckner</p><p type="orientation">0</p><p type="wh">319, 88</p><p type="color">255, 0, 0</p><p type="colorEdges">102, 255, 102</p><p type="coordinates">556, 2942</p><tags><tag>word</tag></tags></rectangle><rectangle><p type="text">quarter</p><p type="orientation">0</p><p type="wh">279, 94</p><p type="color">255, 0, 0</p><p type="colorEdges">102, 255, 102</p><p type="coordinates">880, 2947</p><tags><tag>word</tag></tags></rectangle><rectangle><p type="text">master</p><p type="orientation">0</p><p type="wh">244, 90</p><p type="color">255, 0, 0</p><p type="colorEdges">102, 255, 102</p><p type="coordinates">1147, 2959</p><tags><tag>word</tag></tags></rectangle><rectangle><p type="text">to</p><p type="orientation">0</p><p type="wh">67, 71</p><p type="color">255, 0, 0</p><p type="colorEdges">102, 255, 102</p><p type="coordinates">1392, 2966</p><tags><tag>word</tag></tags></rectangle><rectangle><p type="text">the</p><p type="orientation">0</p><p type="wh">99, 74</p><p type="color">255, 0, 0</p><p type="colorEdges">102, 255, 102</p><p type="coordinates">1452, 2963</p><tags><tag>word</tag></tags></rectangle><rectangle><p type="text">virginia</p><p type="orientation">0</p><p type="wh">248, 95</p><p type="color">255, 0, 0</p><p type="colorEdges">102, 255, 102</p><p type="coordinates">1543, 2963</p><tags><tag>word</tag></tags></rectangle><rectangle><p type="text">regiment</p><p type="orientation">0</p><p type="wh">415, 80</p><p type="color">255, 0, 0</p><p type="colorEdges">102, 255, 102</p><p type="coordinates">296, 3046</p><tags><tag>word</tag></tags></rectangle><rectangle><p type="text">the</p><p type="orientation">0</p><p type="wh">119, 71</p><p type="color">255, 0, 0</p><p type="colorEdges">102, 255, 102</p><p type="coordinates">736, 3043</p><tags><tag>word</tag></tags></rectangle><rectangle><p type="text">recruits</p><p type="orientation">0</p><p type="wh">284, 75</p><p type="color">255, 0, 0</p><p type="colorEdges">102, 255, 102</p><p type="coordinates">887, 3043</p><tags><tag>word</tag></tags></rectangle><rectangle><p type="text">now</p><p type="orientation">0</p><p type="wh">147, 64</p><p type="color">255, 0, 0</p><p type="colorEdges">102, 255, 102</p><p type="coordinates">1172, 3062</p><tags><tag>word</tag></tags></rectangle><rectangle><p type="text">in</p><p type="orientation">0</p><p type="wh">95, 62</p><p type="color">255, 0, 0</p><p type="colorEdges">102, 255, 102</p><p type="coordinates">1316, 3059</p><tags><tag>word</tag></tags></rectangle><rectangle><p type="text">this</p><p type="orientation">0</p><p type="wh">123, 99</p><p type="color">255, 0, 0</p><p type="colorEdges">102, 255, 102</p><p type="coordinates">1423, 3038</p><tags><tag>word</tag></tags></rectangle><rectangle><p type="text">town</p><p type="orientation">0</p><p type="wh">176, 84</p><p type="color">255, 0, 0</p><p type="colorEdges">102, 255, 102</p><p type="coordinates">1543, 3046</p><tags><tag>word</tag></tags></rectangle><rectangle><p type="text">are</p><p type="orientation">0</p><p type="wh">123, 64</p><p type="color">255, 0, 0</p><p type="colorEdges">102, 255, 102</p><p type="coordinates">1703, 3062</p><tags><tag>word</tag></tags></rectangle><rectangle><p type="text">to</p><p type="orientation">0</p><p type="wh">66, 68</p><p type="color">255, 0, 0</p><p type="colorEdges">102, 255, 102</p><p type="coordinates">1816, 3062</p><tags><tag>word</tag></tags></rectangle><rectangle><p type="text">be</p><p type="orientation">0</p><p type="wh">99, 71</p><p type="color">255, 0, 0</p><p type="colorEdges">102, 255, 102</p><p type="coordinates">1872, 3059</p><tags><tag>word</tag></tags></rectangle></rectangle></content></data>