<?xml version='1.0' encoding='utf-8'?>
<data descr="TU Dortmund, LSXII Informatik, patrec, Image Annotation." ver="2016-10-15 v0.1.2"><content><rectangle><p type="text" /><rectangle><p type="text">p</p><p type="orientation">0</p><p type="wh">99, 63</p><p type="color">255, 0, 0</p><p type="colorEdges">102, 255, 102</p><p type="coordinates">1727, 67</p><tags><tag>word</tag></tags></rectangle><rectangle><p type="text">309</p><p type="orientation">0</p><p type="wh">115, 55</p><p type="color">255, 0, 0</p><p type="colorEdges">102, 255, 102</p><p type="coordinates">1827, 67</p><tags><tag>word</tag></tags></rectangle><rectangle><p type="text">letters</p><p type="orientation">0</p><p type="wh">268, 103</p><p type="color">255, 0, 0</p><p type="colorEdges">102, 255, 102</p><p type="coordinates">147, 111</p><tags><tag>word</tag></tags></rectangle><rectangle><p type="text">orders</p><p type="orientation">0</p><p type="wh">250, 75</p><p type="color">255, 0, 0</p><p type="colorEdges">102, 255, 102</p><p type="coordinates">428, 139</p><tags><tag>word</tag></tags></rectangle><rectangle><p type="text">and</p><p type="orientation">0</p><p type="wh">204, 67</p><p type="color">255, 0, 0</p><p type="colorEdges">102, 255, 102</p><p type="coordinates">699, 147</p><tags><tag>word</tag></tags></rectangle><rectangle><p type="text">instructions</p><p type="orientation">0</p><p type="wh">531, 107</p><p type="color">255, 0, 0</p><p type="colorEdges">102, 255, 102</p><p type="coordinates">895, 131</p><tags><tag>word</tag></tags></rectangle><rectangle><p type="text">december</p><p type="orientation">0</p><p type="wh">339, 99</p><p type="color">255, 0, 0</p><p type="colorEdges">102, 255, 102</p><p type="coordinates">1427, 147</p><tags><tag>word</tag></tags></rectangle><rectangle><p type="text">1755</p><p type="orientation">0</p><p type="wh">155, 75</p><p type="color">255, 0, 0</p><p type="colorEdges">102, 255, 102</p><p type="coordinates">1771, 174</p><tags><tag>word</tag></tags></rectangle><rectangle><p type="text">given</p><p type="orientation">0</p><p type="wh">204, 116</p><p type="color">255, 0, 0</p><p type="colorEdges">102, 255, 102</p><p type="coordinates">659, 310</p><tags><tag>word</tag></tags></rectangle><rectangle><p type="text">at</p><p type="orientation">0</p><p type="wh">108, 63</p><p type="color">255, 0, 0</p><p type="colorEdges">102, 255, 102</p><p type="coordinates">895, 326</p><tags><tag>word</tag></tags></rectangle><rectangle><p type="text">alexandria</p><p type="orientation">0</p><p type="wh">519, 83</p><p type="color">255, 0, 0</p><p type="colorEdges">102, 255, 102</p><p type="coordinates">1015, 314</p><tags><tag>word</tag></tags></rectangle><rectangle><p type="text">c</p><p type="orientation">0</p><p type="wh">119, 88</p><p type="color">255, 0, 0</p><p type="colorEdges">102, 255, 102</p><p type="coordinates">1536, 314</p><tags><tag>word</tag></tags></rectangle><rectangle><p type="text">december</p><p type="orientation">0</p><p type="wh">399, 91</p><p type="color">255, 0, 0</p><p type="colorEdges">102, 255, 102</p><p type="coordinates">704, 399</p><tags><tag>word</tag></tags></rectangle><rectangle><p type="text">16th</p><p type="orientation">0</p><p type="wh">111, 75</p><p type="color">255, 0, 0</p><p type="colorEdges">102, 255, 102</p><p type="coordinates">1128, 399</p><tags><tag>word</tag></tags></rectangle><rectangle><p type="text">1755</p><p type="orientation">0</p><p type="wh">215, 59</p><p type="color">255, 0, 0</p><p type="colorEdges">102, 255, 102</p><p type="coordinates">1248, 418</p><tags><tag>word</tag></tags></rectangle><rectangle><p type="text">16th</p><p type="orientation">0</p><p type="wh">115, 134</p><p type="color">255, 0, 0</p><p type="colorEdges">102, 255, 102</p><p type="coordinates">40, 519</p><tags><tag>word</tag></tags></rectangle><rectangle><p type="text">to</p><p type="orientation">0</p><p type="wh">103, 75</p><p type="color">255, 0, 0</p><p type="colorEdges">102, 255, 102</p><p type="coordinates">183, 562</p><tags><tag>word</tag></tags></rectangle><rectangle><p type="text">captain</p><p type="orientation">0</p><p type="wh">411, 107</p><p type="color">255, 0, 0</p><p type="colorEdges">102, 255, 102</p><p type="coordinates">287, 559</p><tags><tag>word</tag></tags></rectangle><rectangle><p type="text">john</p><p type="orientation">0</p><p type="wh">263, 107</p><p type="color">255, 0, 0</p><p type="colorEdges">102, 255, 102</p><p type="coordinates">704, 546</p><tags><tag>word</tag></tags></rectangle><rectangle><p type="text">mercer</p><p type="orientation">0</p><p type="wh">288, 88</p><p type="color">255, 0, 0</p><p type="colorEdges">102, 255, 102</p><p type="coordinates">1011, 562</p><tags><tag>word</tag></tags></rectangle><rectangle><p type="text">of</p><p type="orientation">0</p><p type="wh">123, 94</p><p type="color">255, 0, 0</p><p type="colorEdges">102, 255, 102</p><p type="coordinates">1327, 583</p><tags><tag>word</tag></tags></rectangle><rectangle><p type="text">the</p><p type="orientation">0</p><p type="wh">155, 75</p><p type="color">255, 0, 0</p><p type="colorEdges">102, 255, 102</p><p type="coordinates">1395, 570</p><tags><tag>word</tag></tags></rectangle><rectangle><p type="text">virginia</p><p type="orientation">0</p><p type="wh">411, 115</p><p type="color">255, 0, 0</p><p type="colorEdges">102, 255, 102</p><p type="coordinates">512, 647</p><tags><tag>word</tag></tags></rectangle><rectangle><p type="text">regiment</p><p type="orientation">0</p><p type="wh">463, 107</p><p type="color">255, 0, 0</p><p type="colorEdges">102, 255, 102</p><p type="coordinates">931, 658</p><tags><tag>word</tag></tags></rectangle><rectangle><p type="text">you</p><p type="orientation">0</p><p type="wh">195, 99</p><p type="color">255, 0, 0</p><p type="colorEdges">102, 255, 102</p><p type="coordinates">668, 743</p><tags><tag>word</tag></tags></rectangle><rectangle><p type="text">are</p><p type="orientation">0</p><p type="wh">139, 35</p><p type="color">255, 0, 0</p><p type="colorEdges">102, 255, 102</p><p type="coordinates">884, 778</p><tags><tag>word</tag></tags></rectangle><rectangle><p type="text">immediately</p><p type="orientation">0</p><p type="wh">479, 91</p><p type="color">255, 0, 0</p><p type="colorEdges">102, 255, 102</p><p type="coordinates">1031, 751</p><tags><tag>word</tag></tags></rectangle><rectangle><p type="text">upon</p><p type="orientation">0</p><p type="wh">188, 64</p><p type="color">255, 0, 0</p><p type="colorEdges">102, 255, 102</p><p type="coordinates">1531, 778</p><tags><tag>word</tag></tags></rectangle><rectangle><p type="text">receipt</p><p type="orientation">0</p><p type="wh">215, 75</p><p type="color">255, 0, 0</p><p type="colorEdges">102, 255, 102</p><p type="coordinates">1731, 762</p><tags><tag>word</tag></tags></rectangle><rectangle><p type="text">hereof</p><p type="orientation">0</p><p type="wh">240, 99</p><p type="color">255, 0, 0</p><p type="colorEdges">102, 255, 102</p><p type="coordinates">175, 815</p><tags><tag>word</tag></tags></rectangle><rectangle><p type="text">to</p><p type="orientation">0</p><p type="wh">72, 58</p><p type="color">255, 0, 0</p><p type="colorEdges">102, 255, 102</p><p type="coordinates">403, 835</p><tags><tag>word</tag></tags></rectangle><rectangle><p type="text">repair</p><p type="orientation">0</p><p type="wh">215, 79</p><p type="color">255, 0, 0</p><p type="colorEdges">102, 255, 102</p><p type="coordinates">519, 851</p><tags><tag>word</tag></tags></rectangle><rectangle><p type="text">to</p><p type="orientation">0</p><p type="wh">59, 55</p><p type="color">255, 0, 0</p><p type="colorEdges">102, 255, 102</p><p type="coordinates">768, 838</p><tags><tag>word</tag></tags></rectangle><rectangle><p type="text">winchester</p><p type="orientation">0</p><p type="wh">371, 94</p><p type="color">255, 0, 0</p><p type="colorEdges">102, 255, 102</p><p type="coordinates">852, 823</p><tags><tag>word</tag></tags></rectangle><rectangle><p type="text">where</p><p type="orientation">0</p><p type="wh">188, 63</p><p type="color">255, 0, 0</p><p type="colorEdges">102, 255, 102</p><p type="coordinates">1251, 838</p><tags><tag>word</tag></tags></rectangle><rectangle><p type="text">you</p><p type="orientation">0</p><p type="wh">124, 55</p><p type="color">255, 0, 0</p><p type="colorEdges">102, 255, 102</p><p type="coordinates">1455, 870</p><tags><tag>word</tag></tags></rectangle><rectangle><p type="text">will</p><p type="orientation">0</p><p type="wh">159, 50</p><p type="color">255, 0, 0</p><p type="colorEdges">102, 255, 102</p><p type="coordinates">1607, 859</p><tags><tag>word</tag></tags></rectangle><rectangle><p type="text">meet</p><p type="orientation">0</p><p type="wh">164, 50</p><p type="color">255, 0, 0</p><p type="colorEdges">102, 255, 102</p><p type="coordinates">1771, 859</p><tags><tag>word</tag></tags></rectangle><rectangle><p type="text">with</p><p type="orientation">0</p><p type="wh">184, 63</p><p type="color">255, 0, 0</p><p type="colorEdges">102, 255, 102</p><p type="coordinates">167, 915</p><tags><tag>word</tag></tags></rectangle><rectangle><p type="text">colonel</p><p type="orientation">0</p><p type="wh">271, 74</p><p type="color">255, 0, 0</p><p type="colorEdges">102, 255, 102</p><p type="coordinates">343, 915</p><tags><tag>word</tag></tags></rectangle><rectangle><p type="text">washington</p><p type="orientation">0</p><p type="wh">390, 79</p><p type="color">255, 0, 0</p><p type="colorEdges">102, 255, 102</p><p type="coordinates">608, 915</p><tags><tag>word</tag></tags></rectangle><rectangle><p type="text">and</p><p type="orientation">0</p><p type="wh">152, 47</p><p type="color">255, 0, 0</p><p type="colorEdges">102, 255, 102</p><p type="coordinates">1035, 942</p><tags><tag>word</tag></tags></rectangle><rectangle><p type="text">receive</p><p type="orientation">0</p><p type="wh">246, 66</p><p type="color">255, 0, 0</p><p type="colorEdges">102, 255, 102</p><p type="coordinates">1188, 931</p><tags><tag>word</tag></tags></rectangle><rectangle><p type="text">further</p><p type="orientation">0</p><p type="wh">230, 106</p><p type="color">255, 0, 0</p><p type="colorEdges">102, 255, 102</p><p type="coordinates">1420, 907</p><tags><tag>word</tag></tags></rectangle><rectangle><p type="text">orders</p><p type="orientation">0</p><p type="wh">191, 63</p><p type="color">255, 0, 0</p><p type="colorEdges">102, 255, 102</p><p type="coordinates">1671, 934</p><tags><tag>word</tag></tags></rectangle><rectangle><p type="text">i</p><p type="orientation">0</p><p type="wh">88, 71</p><p type="color">255, 0, 0</p><p type="colorEdges">102, 255, 102</p><p type="coordinates">699, 1003</p><tags><tag>word</tag></tags></rectangle><rectangle><p type="text">am</p><p type="orientation">0</p><p type="wh">143, 63</p><p type="color">255, 0, 0</p><p type="colorEdges">102, 255, 102</p><p type="coordinates">755, 1006</p><tags><tag>word</tag></tags></rectangle><rectangle><p type="text">c</p><p type="orientation">0</p><p type="wh">79, 55</p><p type="color">255, 0, 0</p><p type="colorEdges">102, 255, 102</p><p type="coordinates">924, 1014</p><tags><tag>word</tag></tags></rectangle><rectangle><p type="text">gw</p><p type="orientation">0</p><p type="wh">184, 95</p><p type="color">255, 0, 0</p><p type="colorEdges">102, 255, 102</p><p type="coordinates">1195, 1067</p><tags><tag>word</tag></tags></rectangle><rectangle><p type="text">aid</p><p type="orientation">0</p><p type="wh">139, 50</p><p type="color">255, 0, 0</p><p type="colorEdges">102, 255, 102</p><p type="coordinates">1391, 1107</p><tags><tag>word</tag></tags></rectangle><rectangle><p type="text">de</p><p type="orientation">0</p><p type="wh">75, 52</p><p type="color">255, 0, 0</p><p type="colorEdges">102, 255, 102</p><p type="coordinates">1540, 1110</p><tags><tag>word</tag></tags></rectangle><rectangle><p type="text">camp</p><p type="orientation">0</p><p type="wh">206, 60</p><p type="color">255, 0, 0</p><p type="colorEdges">102, 255, 102</p><p type="coordinates">1636, 1118</p><tags><tag>word</tag></tags></rectangle><rectangle><p type="text">alexandria</p><p type="orientation">0</p><p type="wh">504, 86</p><p type="color">255, 0, 0</p><p type="colorEdges">102, 255, 102</p><p type="coordinates">379, 1155</p><tags><tag>word</tag></tags></rectangle><rectangle><p type="text">december</p><p type="orientation">0</p><p type="wh">387, 83</p><p type="color">255, 0, 0</p><p type="colorEdges">102, 255, 102</p><p type="coordinates">892, 1158</p><tags><tag>word</tag></tags></rectangle><rectangle><p type="text">16th</p><p type="orientation">0</p><p type="wh">103, 83</p><p type="color">255, 0, 0</p><p type="colorEdges">102, 255, 102</p><p type="coordinates">1291, 1158</p><tags><tag>word</tag></tags></rectangle><rectangle><p type="text">1755</p><p type="orientation">0</p><p type="wh">159, 59</p><p type="color">255, 0, 0</p><p type="colorEdges">102, 255, 102</p><p type="coordinates">1387, 1190</p><tags><tag>word</tag></tags></rectangle><rectangle><p type="text">nb</p><p type="orientation">0</p><p type="wh">163, 70</p><p type="color">255, 0, 0</p><p type="colorEdges">102, 255, 102</p><p type="coordinates">175, 1251</p><tags><tag>word</tag></tags></rectangle><rectangle><p type="text">a</p><p type="orientation">0</p><p type="wh">134, 75</p><p type="color">255, 0, 0</p><p type="colorEdges">102, 255, 102</p><p type="coordinates">368, 1254</p><tags><tag>word</tag></tags></rectangle><rectangle><p type="text">copy</p><p type="orientation">0</p><p type="wh">199, 115</p><p type="color">255, 0, 0</p><p type="colorEdges">102, 255, 102</p><p type="coordinates">472, 1243</p><tags><tag>word</tag></tags></rectangle><rectangle><p type="text">left</p><p type="orientation">0</p><p type="wh">156, 78</p><p type="color">255, 0, 0</p><p type="colorEdges">102, 255, 102</p><p type="coordinates">675, 1267</p><tags><tag>word</tag></tags></rectangle><rectangle><p type="text">at</p><p type="orientation">0</p><p type="wh">99, 51</p><p type="color">255, 0, 0</p><p type="colorEdges">102, 255, 102</p><p type="coordinates">855, 1275</p><tags><tag>word</tag></tags></rectangle><rectangle><p type="text">alexandria</p><p type="orientation">0</p><p type="wh">423, 86</p><p type="color">255, 0, 0</p><p type="colorEdges">102, 255, 102</p><p type="coordinates">1011, 1267</p><tags><tag>word</tag></tags></rectangle><rectangle><p type="text">and</p><p type="orientation">0</p><p type="wh">148, 30</p><p type="color">255, 0, 0</p><p type="colorEdges">102, 255, 102</p><p type="coordinates">1447, 1299</p><tags><tag>word</tag></tags></rectangle><rectangle><p type="text">another</p><p type="orientation">0</p><p type="wh">272, 70</p><p type="color">255, 0, 0</p><p type="colorEdges">102, 255, 102</p><p type="coordinates">1607, 1267</p><tags><tag>word</tag></tags></rectangle><rectangle><p type="text">sent</p><p type="orientation">0</p><p type="wh">159, 59</p><p type="color">255, 0, 0</p><p type="colorEdges">102, 255, 102</p><p type="coordinates">199, 1355</p><tags><tag>word</tag></tags></rectangle><rectangle><p type="text">to</p><p type="orientation">0</p><p type="wh">64, 56</p><p type="color">255, 0, 0</p><p type="colorEdges">102, 255, 102</p><p type="coordinates">363, 1358</p><tags><tag>word</tag></tags></rectangle><rectangle><p type="text">stafford</p><p type="orientation">0</p><p type="wh">343, 99</p><p type="color">255, 0, 0</p><p type="colorEdges">102, 255, 102</p><p type="coordinates">439, 1342</p><tags><tag>word</tag></tags></rectangle><rectangle><p type="text">to</p><p type="orientation">0</p><p type="wh">59, 59</p><p type="color">255, 0, 0</p><p type="colorEdges">102, 255, 102</p><p type="coordinates">772, 1358</p><tags><tag>word</tag></tags></rectangle><rectangle><p type="text">him</p><p type="orientation">0</p><p type="wh">159, 72</p><p type="color">255, 0, 0</p><p type="colorEdges">102, 255, 102</p><p type="coordinates">859, 1342</p><tags><tag>word</tag></tags></rectangle><rectangle><p type="text">there</p><p type="orientation">0</p><p type="wh">180, 75</p><p type="color">255, 0, 0</p><p type="colorEdges">102, 255, 102</p><p type="coordinates">1019, 1347</p><tags><tag>word</tag></tags></rectangle><rectangle><p type="text">20th</p><p type="orientation">0</p><p type="wh">119, 139</p><p type="color">255, 0, 0</p><p type="colorEdges">102, 255, 102</p><p type="coordinates">12, 1446</p><tags><tag>word</tag></tags></rectangle><rectangle><p type="text">parole</p><p type="orientation">0</p><p type="wh">263, 86</p><p type="color">255, 0, 0</p><p type="colorEdges">102, 255, 102</p><p type="coordinates">175, 1499</p><tags><tag>word</tag></tags></rectangle><rectangle><p type="text">abbemarle</p><p type="orientation">0</p><p type="wh">379, 75</p><p type="color">255, 0, 0</p><p type="colorEdges">102, 255, 102</p><p type="coordinates">519, 1507</p><tags><tag>word</tag></tags></rectangle><rectangle><p type="text">winchester</p><p type="orientation">0</p><p type="wh">399, 115</p><p type="color">255, 0, 0</p><p type="colorEdges">102, 255, 102</p><p type="coordinates">1011, 1486</p><tags><tag>word</tag></tags></rectangle><rectangle><p type="text">december</p><p type="orientation">0</p><p type="wh">355, 80</p><p type="color">255, 0, 0</p><p type="colorEdges">102, 255, 102</p><p type="coordinates">1411, 1518</p><tags><tag>word</tag></tags></rectangle><rectangle><p type="text">20th</p><p type="orientation">0</p><p type="wh">87, 78</p><p type="color">255, 0, 0</p><p type="colorEdges">102, 255, 102</p><p type="coordinates">1763, 1515</p><tags><tag>word</tag></tags></rectangle><rectangle><p type="text">1755</p><p type="orientation">0</p><p type="wh">112, 59</p><p type="color">255, 0, 0</p><p type="colorEdges">102, 255, 102</p><p type="coordinates">1843, 1539</p><tags><tag>word</tag></tags></rectangle><rectangle><p type="text">a</p><p type="orientation">0</p><p type="wh">55, 67</p><p type="color">255, 0, 0</p><p type="colorEdges">102, 255, 102</p><p type="coordinates">752, 1595</p><tags><tag>word</tag></tags></rectangle><rectangle><p type="text">return</p><p type="orientation">0</p><p type="wh">283, 67</p><p type="color">255, 0, 0</p><p type="colorEdges">102, 255, 102</p><p type="coordinates">804, 1598</p><tags><tag>word</tag></tags></rectangle><rectangle><p type="text">to</p><p type="orientation">0</p><p type="wh">63, 46</p><p type="color">255, 0, 0</p><p type="colorEdges">102, 255, 102</p><p type="coordinates">1115, 1619</p><tags><tag>word</tag></tags></rectangle><rectangle><p type="text">be</p><p type="orientation">0</p><p type="wh">72, 64</p><p type="color">255, 0, 0</p><p type="colorEdges">102, 255, 102</p><p type="coordinates">1211, 1606</p><tags><tag>word</tag></tags></rectangle><rectangle><p type="text">given</p><p type="orientation">0</p><p type="wh">207, 51</p><p type="color">255, 0, 0</p><p type="colorEdges">102, 255, 102</p><p type="coordinates">1307, 1638</p><tags><tag>word</tag></tags></rectangle><rectangle><p type="text">in</p><p type="orientation">0</p><p type="wh">99, 35</p><p type="color">255, 0, 0</p><p type="colorEdges">102, 255, 102</p><p type="coordinates">1531, 1638</p><tags><tag>word</tag></tags></rectangle><rectangle><p type="text">immedi</p><p type="orientation">0</p><p type="wh">282, 51</p><p type="color">255, 0, 0</p><p type="colorEdges">102, 255, 102</p><p type="coordinates">1640, 1622</p><tags><tag>word</tag></tags></rectangle><rectangle><p type="text">ately</p><p type="orientation">0</p><p type="wh">167, 96</p><p type="color">255, 0, 0</p><p type="colorEdges">102, 255, 102</p><p type="coordinates">195, 1678</p><tags><tag>word</tag></tags></rectangle><rectangle><p type="text">of</p><p type="orientation">0</p><p type="wh">75, 83</p><p type="color">255, 0, 0</p><p type="colorEdges">102, 255, 102</p><p type="coordinates">392, 1686</p><tags><tag>word</tag></tags></rectangle><rectangle><p type="text">the</p><p type="orientation">0</p><p type="wh">110, 70</p><p type="color">255, 0, 0</p><p type="colorEdges">102, 255, 102</p><p type="coordinates">468, 1675</p><tags><tag>word</tag></tags></rectangle><rectangle><p type="text">recruits</p><p type="orientation">0</p><p type="wh">308, 70</p><p type="color">255, 0, 0</p><p type="colorEdges">102, 255, 102</p><p type="coordinates">595, 1683</p><tags><tag>word</tag></tags></rectangle><rectangle><p type="text">now</p><p type="orientation">0</p><p type="wh">139, 32</p><p type="color">255, 0, 0</p><p type="colorEdges">102, 255, 102</p><p type="coordinates">935, 1718</p><tags><tag>word</tag></tags></rectangle><rectangle><p type="text">in</p><p type="orientation">0</p><p type="wh">99, 59</p><p type="color">255, 0, 0</p><p type="colorEdges">102, 255, 102</p><p type="coordinates">1088, 1707</p><tags><tag>word</tag></tags></rectangle><rectangle><p type="text">this</p><p type="orientation">0</p><p type="wh">131, 78</p><p type="color">255, 0, 0</p><p type="colorEdges">102, 255, 102</p><p type="coordinates">1188, 1691</p><tags><tag>word</tag></tags></rectangle><rectangle><p type="text">town</p><p type="orientation">0</p><p type="wh">163, 83</p><p type="color">255, 0, 0</p><p type="colorEdges">102, 255, 102</p><p type="coordinates">1320, 1694</p><tags><tag>word</tag></tags></rectangle><rectangle><p type="text">by</p><p type="orientation">0</p><p type="wh">96, 99</p><p type="color">255, 0, 0</p><p type="colorEdges">102, 255, 102</p><p type="coordinates">1487, 1683</p><tags><tag>word</tag></tags></rectangle><rectangle><p type="text">the</p><p type="orientation">0</p><p type="wh">126, 75</p><p type="color">255, 0, 0</p><p type="colorEdges">102, 255, 102</p><p type="coordinates">1580, 1686</p><tags><tag>word</tag></tags></rectangle><rectangle><p type="text">several</p><p type="orientation">0</p><p type="wh">230, 88</p><p type="color">255, 0, 0</p><p type="colorEdges">102, 255, 102</p><p type="coordinates">1700, 1686</p><tags><tag>word</tag></tags></rectangle><rectangle><p type="text">officers</p><p type="orientation">0</p><p type="wh">223, 83</p><p type="color">255, 0, 0</p><p type="colorEdges">102, 255, 102</p><p type="coordinates">179, 1771</p><tags><tag>word</tag></tags></rectangle><rectangle><p type="text">who</p><p type="orientation">0</p><p type="wh">135, 62</p><p type="color">255, 0, 0</p><p type="colorEdges">102, 255, 102</p><p type="coordinates">432, 1771</p><tags><tag>word</tag></tags></rectangle><rectangle><p type="text">enlisted</p><p type="orientation">0</p><p type="wh">292, 70</p><p type="color">255, 0, 0</p><p type="colorEdges">102, 255, 102</p><p type="coordinates">579, 1779</p><tags><tag>word</tag></tags></rectangle><rectangle><p type="text">them</p><p type="orientation">0</p><p type="wh">190, 91</p><p type="color">255, 0, 0</p><p type="colorEdges">102, 255, 102</p><p type="coordinates">884, 1771</p><tags><tag>word</tag></tags></rectangle><rectangle><p type="text">mentioning</p><p type="orientation">0</p><p type="wh">422, 83</p><p type="color">255, 0, 0</p><p type="colorEdges">102, 255, 102</p><p type="coordinates">1108, 1790</p><tags><tag>word</tag></tags></rectangle><rectangle><p type="text">their</p><p type="orientation">0</p><p type="wh">168, 64</p><p type="color">255, 0, 0</p><p type="colorEdges">102, 255, 102</p><p type="coordinates">1551, 1782</p><tags><tag>word</tag></tags></rectangle><rectangle><p type="text">height</p><p type="orientation">0</p><p type="wh">191, 86</p><p type="color">255, 0, 0</p><p type="colorEdges">102, 255, 102</p><p type="coordinates">1731, 1779</p><tags><tag>word</tag></tags></rectangle><rectangle><p type="text">age</p><p type="orientation">0</p><p type="wh">131, 70</p><p type="color">255, 0, 0</p><p type="colorEdges">102, 255, 102</p><p type="coordinates">195, 1883</p><tags><tag>word</tag></tags></rectangle><rectangle><p type="text">trade</p><p type="orientation">0</p><p type="wh">223, 67</p><p type="color">255, 0, 0</p><p type="colorEdges">102, 255, 102</p><p type="coordinates">332, 1862</p><tags><tag>word</tag></tags></rectangle><rectangle><p type="text">c</p><p type="orientation">0</p><p type="wh">79, 72</p><p type="color">255, 0, 0</p><p type="colorEdges">102, 255, 102</p><p type="coordinates">568, 1854</p><tags><tag>word</tag></tags></rectangle><rectangle><p type="text">the</p><p type="orientation">0</p><p type="wh">135, 80</p><p type="color">255, 0, 0</p><p type="colorEdges">102, 255, 102</p><p type="coordinates">799, 1846</p><tags><tag>word</tag></tags></rectangle><rectangle><p type="text">officers</p><p type="orientation">0</p><p type="wh">260, 72</p><p type="color">255, 0, 0</p><p type="colorEdges">102, 255, 102</p><p type="coordinates">959, 1870</p><tags><tag>word</tag></tags></rectangle><rectangle><p type="text">to</p><p type="orientation">0</p><p type="wh">75, 75</p><p type="color">255, 0, 0</p><p type="colorEdges">102, 255, 102</p><p type="coordinates">1224, 1867</p><tags><tag>word</tag></tags></rectangle><rectangle><p type="text">see</p><p type="orientation">0</p><p type="wh">94, 54</p><p type="color">255, 0, 0</p><p type="colorEdges">102, 255, 102</p><p type="coordinates">1300, 1891</p><tags><tag>word</tag></tags></rectangle><rectangle><p type="text">that</p><p type="orientation">0</p><p type="wh">196, 64</p><p type="color">255, 0, 0</p><p type="colorEdges">102, 255, 102</p><p type="coordinates">1407, 1870</p><tags><tag>word</tag></tags></rectangle><rectangle><p type="text">the</p><p type="orientation">0</p><p type="wh">122, 62</p><p type="color">255, 0, 0</p><p type="colorEdges">102, 255, 102</p><p type="coordinates">1604, 1875</p><tags><tag>word</tag></tags></rectangle><rectangle><p type="text">serge</p><p type="orientation">0</p><p type="wh">151, 86</p><p type="color">255, 0, 0</p><p type="colorEdges">102, 255, 102</p><p type="coordinates">1731, 1867</p><tags><tag>word</tag></tags></rectangle><rectangle><p type="text">ants</p><p type="orientation">0</p><p type="wh">155, 59</p><p type="color">255, 0, 0</p><p type="colorEdges">102, 255, 102</p><p type="coordinates">191, 1950</p><tags><tag>word</tag></tags></rectangle><rectangle><p type="text">who</p><p type="orientation">0</p><p type="wh">135, 62</p><p type="color">255, 0, 0</p><p type="colorEdges">102, 255, 102</p><p type="coordinates">376, 1939</p><tags><tag>word</tag></tags></rectangle><rectangle><p type="text">understand</p><p type="orientation">0</p><p type="wh">475, 56</p><p type="color">255, 0, 0</p><p type="colorEdges">102, 255, 102</p><p type="coordinates">539, 1950</p><tags><tag>word</tag></tags></rectangle><rectangle><p type="text">the</p><p type="orientation">0</p><p type="wh">139, 67</p><p type="color">255, 0, 0</p><p type="colorEdges">102, 255, 102</p><p type="coordinates">1028, 1939</p><tags><tag>word</tag></tags></rectangle><rectangle><p type="text">manual</p><p type="orientation">0</p><p type="wh">350, 48</p><p type="color">255, 0, 0</p><p type="colorEdges">102, 255, 102</p><p type="coordinates">1200, 1966</p><tags><tag>word</tag></tags></rectangle><rectangle><p type="text">exercise</p><p type="orientation">0</p><p type="wh">278, 75</p><p type="color">255, 0, 0</p><p type="colorEdges">102, 255, 102</p><p type="coordinates">1564, 1958</p><tags><tag>word</tag></tags></rectangle><rectangle><p type="text">do</p><p type="orientation">0</p><p type="wh">75, 51</p><p type="color">255, 0, 0</p><p type="colorEdges">102, 255, 102</p><p type="coordinates">1847, 1966</p><tags><tag>word</tag></tags></rectangle><rectangle><p type="text">drill</p><p type="orientation">0</p><p type="wh">191, 59</p><p type="color">255, 0, 0</p><p type="colorEdges">102, 255, 102</p><p type="coordinates">195, 2022</p><tags><tag>word</tag></tags></rectangle><rectangle><p type="text">the</p><p type="orientation">0</p><p type="wh">112, 70</p><p type="color">255, 0, 0</p><p type="colorEdges">102, 255, 102</p><p type="coordinates">403, 2019</p><tags><tag>word</tag></tags></rectangle><rectangle><p type="text">recruits</p><p type="orientation">0</p><p type="wh">380, 107</p><p type="color">255, 0, 0</p><p type="colorEdges">102, 255, 102</p><p type="coordinates">523, 2014</p><tags><tag>word</tag></tags></rectangle><rectangle><p type="text">at</p><p type="orientation">0</p><p type="wh">102, 64</p><p type="color">255, 0, 0</p><p type="colorEdges">102, 255, 102</p><p type="coordinates">892, 2038</p><tags><tag>word</tag></tags></rectangle><rectangle><p type="text">least</p><p type="orientation">0</p><p type="wh">183, 70</p><p type="color">255, 0, 0</p><p type="colorEdges">102, 255, 102</p><p type="coordinates">1011, 2027</p><tags><tag>word</tag></tags></rectangle><rectangle><p type="text">twice</p><p type="orientation">0</p><p type="wh">171, 54</p><p type="color">255, 0, 0</p><p type="colorEdges">102, 255, 102</p><p type="coordinates">1208, 2043</p><tags><tag>word</tag></tags></rectangle><rectangle><p type="text">a</p><p type="orientation">0</p><p type="wh">79, 59</p><p type="color">255, 0, 0</p><p type="colorEdges">102, 255, 102</p><p type="coordinates">1384, 2051</p><tags><tag>word</tag></tags></rectangle><rectangle><p type="text">day</p><p type="orientation">0</p><p type="wh">139, 91</p><p type="color">255, 0, 0</p><p type="colorEdges">102, 255, 102</p><p type="coordinates">1471, 2038</p><tags><tag>word</tag></tags></rectangle><rectangle><p type="text">22d</p><p type="orientation">0</p><p type="wh">127, 107</p><p type="color">255, 0, 0</p><p type="colorEdges">102, 255, 102</p><p type="coordinates">28, 2182</p><tags><tag>word</tag></tags></rectangle><rectangle><p type="text">parole</p><p type="orientation">0</p><p type="wh">268, 86</p><p type="color">255, 0, 0</p><p type="colorEdges">102, 255, 102</p><p type="coordinates">207, 2171</p><tags><tag>word</tag></tags></rectangle><rectangle><p type="text">boston</p><p type="orientation">0</p><p type="wh">375, 75</p><p type="color">255, 0, 0</p><p type="colorEdges">102, 255, 102</p><p type="coordinates">479, 2187</p><tags><tag>word</tag></tags></rectangle><rectangle><p type="text">winchester</p><p type="orientation">0</p><p type="wh">531, 99</p><p type="color">255, 0, 0</p><p type="colorEdges">102, 255, 102</p><p type="coordinates">888, 2171</p><tags><tag>word</tag></tags></rectangle><rectangle><p type="text">december</p><p type="orientation">0</p><p type="wh">324, 91</p><p type="color">255, 0, 0</p><p type="colorEdges">102, 255, 102</p><p type="coordinates">1415, 2198</p><tags><tag>word</tag></tags></rectangle><rectangle><p type="text">22d</p><p type="orientation">0</p><p type="wh">95, 115</p><p type="color">255, 0, 0</p><p type="colorEdges">102, 255, 102</p><p type="coordinates">1740, 2179</p><tags><tag>word</tag></tags></rectangle><rectangle><p type="text">1755</p><p type="orientation">0</p><p type="wh">115, 67</p><p type="color">255, 0, 0</p><p type="colorEdges">102, 255, 102</p><p type="coordinates">1831, 2214</p><tags><tag>word</tag></tags></rectangle><rectangle><p type="text">a</p><p type="orientation">0</p><p type="wh">115, 64</p><p type="color">255, 0, 0</p><p type="colorEdges">102, 255, 102</p><p type="coordinates">688, 2286</p><tags><tag>word</tag></tags></rectangle><rectangle><p type="text">return</p><p type="orientation">0</p><p type="wh">302, 70</p><p type="color">255, 0, 0</p><p type="colorEdges">102, 255, 102</p><p type="coordinates">792, 2283</p><tags><tag>word</tag></tags></rectangle><rectangle><p type="text">is</p><p type="orientation">0</p><p type="wh">55, 38</p><p type="color">255, 0, 0</p><p type="colorEdges">102, 255, 102</p><p type="coordinates">1108, 2315</p><tags><tag>word</tag></tags></rectangle><rectangle><p type="text">to</p><p type="orientation">0</p><p type="wh">59, 51</p><p type="color">255, 0, 0</p><p type="colorEdges">102, 255, 102</p><p type="coordinates">1204, 2299</p><tags><tag>word</tag></tags></rectangle><rectangle><p type="text">be</p><p type="orientation">0</p><p type="wh">79, 64</p><p type="color">255, 0, 0</p><p type="colorEdges">102, 255, 102</p><p type="coordinates">1288, 2286</p><tags><tag>word</tag></tags></rectangle><rectangle><p type="text">made</p><p type="orientation">0</p><p type="wh">243, 54</p><p type="color">255, 0, 0</p><p type="colorEdges">102, 255, 102</p><p type="coordinates">1380, 2299</p><tags><tag>word</tag></tags></rectangle><rectangle><p type="text">every</p><p type="orientation">0</p><p type="wh">283, 51</p><p type="color">255, 0, 0</p><p type="colorEdges">102, 255, 102</p><p type="coordinates">1656, 2323</p><tags><tag>word</tag></tags></rectangle><rectangle><p type="text">morning</p><p type="orientation">0</p><p type="wh">167, 70</p><p type="color">255, 0, 0</p><p type="colorEdges">102, 255, 102</p><p type="coordinates">195, 2395</p><tags><tag>word</tag></tags></rectangle><rectangle><p type="text">to</p><p type="orientation">0</p><p type="wh">83, 46</p><p type="color">255, 0, 0</p><p type="colorEdges">102, 255, 102</p><p type="coordinates">372, 2379</p><tags><tag>word</tag></tags></rectangle><rectangle><p type="text">colonel</p><p type="orientation">0</p><p type="wh">315, 78</p><p type="color">255, 0, 0</p><p type="colorEdges">102, 255, 102</p><p type="coordinates">492, 2355</p><tags><tag>word</tag></tags></rectangle><rectangle><p type="text">washington</p><p type="orientation">0</p><p type="wh">482, 123</p><p type="color">255, 0, 0</p><p type="colorEdges">102, 255, 102</p><p type="coordinates">828, 2350</p><tags><tag>word</tag></tags></rectangle><rectangle><p type="text">of</p><p type="orientation">0</p><p type="wh">104, 75</p><p type="color">255, 0, 0</p><p type="colorEdges">102, 255, 102</p><p type="coordinates">1315, 2379</p><tags><tag>word</tag></tags></rectangle><rectangle><p type="text">the</p><p type="orientation">0</p><p type="wh">135, 67</p><p type="color">255, 0, 0</p><p type="colorEdges">102, 255, 102</p><p type="coordinates">1411, 2371</p><tags><tag>word</tag></tags></rectangle><rectangle><p type="text">number</p><p type="orientation">0</p><p type="wh">319, 75</p><p type="color">255, 0, 0</p><p type="colorEdges">102, 255, 102</p><p type="coordinates">1556, 2379</p><tags><tag>word</tag></tags></rectangle><rectangle><p type="text">of</p><p type="orientation">0</p><p type="wh">79, 83</p><p type="color">255, 0, 0</p><p type="colorEdges">102, 255, 102</p><p type="coordinates">1871, 2379</p><tags><tag>word</tag></tags></rectangle><rectangle><p type="text">men</p><p type="orientation">0</p><p type="wh">175, 39</p><p type="color">255, 0, 0</p><p type="colorEdges">102, 255, 102</p><p type="coordinates">183, 2474</p><tags><tag>word</tag></tags></rectangle><rectangle><p type="text">in</p><p type="orientation">0</p><p type="wh">110, 39</p><p type="color">255, 0, 0</p><p type="colorEdges">102, 255, 102</p><p type="coordinates">388, 2474</p><tags><tag>word</tag></tags></rectangle><rectangle><p type="text">this</p><p type="orientation">0</p><p type="wh">139, 72</p><p type="color">255, 0, 0</p><p type="colorEdges">102, 255, 102</p><p type="coordinates">503, 2446</p><tags><tag>word</tag></tags></rectangle><rectangle><p type="text">town</p><p type="orientation">0</p><p type="wh">244, 59</p><p type="color">255, 0, 0</p><p type="colorEdges">102, 255, 102</p><p type="coordinates">659, 2459</p><tags><tag>word</tag></tags></rectangle><rectangle><p type="text">and</p><p type="orientation">0</p><p type="wh">210, 80</p><p type="color">255, 0, 0</p><p type="colorEdges">102, 255, 102</p><p type="coordinates">928, 2446</p><tags><tag>word</tag></tags></rectangle><rectangle><p type="text">all</p><p type="orientation">0</p><p type="wh">126, 50</p><p type="color">255, 0, 0</p><p type="colorEdges">102, 255, 102</p><p type="coordinates">1148, 2471</p><tags><tag>word</tag></tags></rectangle><rectangle><p type="text">contingences</p><p type="orientation">0</p><p type="wh">482, 79</p><p type="color">255, 0, 0</p><p type="colorEdges">102, 255, 102</p><p type="coordinates">1304, 2471</p><tags><tag>word</tag></tags></rectangle><rectangle><p type="text">during</p><p type="orientation">0</p><p type="wh">275, 111</p><p type="color">255, 0, 0</p><p type="colorEdges">102, 255, 102</p><p type="coordinates">336, 2527</p><tags><tag>word</tag></tags></rectangle><rectangle><p type="text">his</p><p type="orientation">0</p><p type="wh">123, 74</p><p type="color">255, 0, 0</p><p type="colorEdges">102, 255, 102</p><p type="coordinates">619, 2527</p><tags><tag>word</tag></tags></rectangle><rectangle><p type="text">stay</p><p type="orientation">0</p><p type="wh">168, 87</p><p type="color">255, 0, 0</p><p type="colorEdges">102, 255, 102</p><p type="coordinates">775, 2551</p><tags><tag>word</tag></tags></rectangle><rectangle><p type="text">here</p><p type="orientation">0</p><p type="wh">176, 95</p><p type="color">255, 0, 0</p><p type="colorEdges">102, 255, 102</p><p type="coordinates">951, 2538</p><tags><tag>word</tag></tags></rectangle><rectangle><p type="text">no</p><p type="orientation">0</p><p type="wh">114, 52</p><p type="color">255, 0, 0</p><p type="colorEdges">102, 255, 102</p><p type="coordinates">1140, 2562</p><tags><tag>word</tag></tags></rectangle><rectangle><p type="text">provision</p><p type="orientation">0</p><p type="wh">355, 66</p><p type="color">255, 0, 0</p><p type="colorEdges">102, 255, 102</p><p type="coordinates">1255, 2551</p><tags><tag>word</tag></tags></rectangle><rectangle><p type="text">is</p><p type="orientation">0</p><p type="wh">75, 84</p><p type="color">255, 0, 0</p><p type="colorEdges">102, 255, 102</p><p type="coordinates">1611, 2546</p><tags><tag>word</tag></tags></rectangle><rectangle><p type="text">to</p><p type="orientation">0</p><p type="wh">68, 71</p><p type="color">255, 0, 0</p><p type="colorEdges">102, 255, 102</p><p type="coordinates">1687, 2554</p><tags><tag>word</tag></tags></rectangle><rectangle><p type="text">be</p><p type="orientation">0</p><p type="wh">83, 71</p><p type="color">255, 0, 0</p><p type="colorEdges">102, 255, 102</p><p type="coordinates">1763, 2551</p><tags><tag>word</tag></tags></rectangle><rectangle><p type="text">de</p><p type="orientation">0</p><p type="wh">110, 84</p><p type="color">255, 0, 0</p><p type="colorEdges">102, 255, 102</p><p type="coordinates">1836, 2546</p><tags><tag>word</tag></tags></rectangle><rectangle><p type="text">livered</p><p type="orientation">0</p><p type="wh">284, 66</p><p type="color">255, 0, 0</p><p type="colorEdges">102, 255, 102</p><p type="coordinates">187, 2615</p><tags><tag>word</tag></tags></rectangle><rectangle><p type="text">out</p><p type="orientation">0</p><p type="wh">135, 55</p><p type="color">255, 0, 0</p><p type="colorEdges">102, 255, 102</p><p type="coordinates">492, 2626</p><tags><tag>word</tag></tags></rectangle><rectangle><p type="text">but</p><p type="orientation">0</p><p type="wh">148, 71</p><p type="color">255, 0, 0</p><p type="colorEdges">102, 255, 102</p><p type="coordinates">639, 2615</p><tags><tag>word</tag></tags></rectangle><rectangle><p type="text">by</p><p type="orientation">0</p><p type="wh">94, 111</p><p type="color">255, 0, 0</p><p type="colorEdges">102, 255, 102</p><p type="coordinates">784, 2610</p><tags><tag>word</tag></tags></rectangle><rectangle><p type="text">a</p><p type="orientation">0</p><p type="wh">68, 31</p><p type="color">255, 0, 0</p><p type="colorEdges">102, 255, 102</p><p type="coordinates">879, 2658</p><tags><tag>word</tag></tags></rectangle><rectangle><p type="text">written</p><p type="orientation">0</p><p type="wh">275, 76</p><p type="color">255, 0, 0</p><p type="colorEdges">102, 255, 102</p><p type="coordinates">975, 2626</p><tags><tag>word</tag></tags></rectangle><rectangle><p type="text">order</p><p type="orientation">0</p><p type="wh">192, 55</p><p type="color">255, 0, 0</p><p type="colorEdges">102, 255, 102</p><p type="coordinates">1291, 2639</p><tags><tag>word</tag></tags></rectangle><rectangle><p type="text">from</p><p type="orientation">0</p><p type="wh">183, 79</p><p type="color">255, 0, 0</p><p type="colorEdges">102, 255, 102</p><p type="coordinates">1500, 2626</p><tags><tag>word</tag></tags></rectangle><rectangle><p type="text">him</p><p type="orientation">0</p><p type="wh">146, 66</p><p type="color">255, 0, 0</p><p type="colorEdges">102, 255, 102</p><p type="coordinates">1700, 2631</p><tags><tag>word</tag></tags></rectangle><rectangle><p type="text">or</p><p type="orientation">0</p><p type="wh">76, 58</p><p type="color">255, 0, 0</p><p type="colorEdges">102, 255, 102</p><p type="coordinates">1843, 2655</p><tags><tag>word</tag></tags></rectangle><rectangle><p type="text">the</p><p type="orientation">0</p><p type="wh">128, 71</p><p type="color">255, 0, 0</p><p type="colorEdges">102, 255, 102</p><p type="coordinates">183, 2695</p><tags><tag>word</tag></tags></rectangle><rectangle><p type="text">aid</p><p type="orientation">0</p><p type="wh">154, 52</p><p type="color">255, 0, 0</p><p type="colorEdges">102, 255, 102</p><p type="coordinates">348, 2714</p><tags><tag>word</tag></tags></rectangle><rectangle><p type="text">de</p><p type="orientation">0</p><p type="wh">104, 63</p><p type="color">255, 0, 0</p><p type="colorEdges">102, 255, 102</p><p type="coordinates">523, 2706</p><tags><tag>word</tag></tags></rectangle><rectangle><p type="text">camp</p><p type="orientation">0</p><p type="wh">231, 68</p><p type="color">255, 0, 0</p><p type="colorEdges">102, 255, 102</p><p type="coordinates">652, 2730</p><tags><tag>word</tag></tags></rectangle><rectangle><p type="text">the</p><p type="orientation">0</p><p type="wh">155, 71</p><p type="color">255, 0, 0</p><p type="colorEdges">102, 255, 102</p><p type="coordinates">979, 2711</p><tags><tag>word</tag></tags></rectangle><rectangle><p type="text">commissary</p><p type="orientation">0</p><p type="wh">458, 100</p><p type="color">255, 0, 0</p><p type="colorEdges">102, 255, 102</p><p type="coordinates">1148, 2698</p><tags><tag>word</tag></tags></rectangle><rectangle><p type="text">is</p><p type="orientation">0</p><p type="wh">59, 34</p><p type="color">255, 0, 0</p><p type="colorEdges">102, 255, 102</p><p type="coordinates">1616, 2751</p><tags><tag>word</tag></tags></rectangle><rectangle><p type="text">to</p><p type="orientation">0</p><p type="wh">59, 44</p><p type="color">255, 0, 0</p><p type="colorEdges">102, 255, 102</p><p type="coordinates">1691, 2738</p><tags><tag>word</tag></tags></rectangle><rectangle><p type="text">send</p><p type="orientation">0</p><p type="wh">154, 42</p><p type="color">255, 0, 0</p><p type="colorEdges">102, 255, 102</p><p type="coordinates">1776, 2743</p><tags><tag>word</tag></tags></rectangle><rectangle><p type="text">up</p><p type="orientation">0</p><p type="wh">108, 60</p><p type="color">255, 0, 0</p><p type="colorEdges">102, 255, 102</p><p type="coordinates">183, 2818</p><tags><tag>word</tag></tags></rectangle><rectangle><p type="text">the</p><p type="orientation">0</p><p type="wh">107, 71</p><p type="color">255, 0, 0</p><p type="colorEdges">102, 255, 102</p><p type="coordinates">308, 2783</p><tags><tag>word</tag></tags></rectangle><rectangle><p type="text">cask</p><p type="orientation">0</p><p type="wh">203, 71</p><p type="color">255, 0, 0</p><p type="colorEdges">102, 255, 102</p><p type="coordinates">468, 2786</p><tags><tag>word</tag></tags></rectangle><rectangle><p type="text">of</p><p type="orientation">0</p><p type="wh">92, 79</p><p type="color">255, 0, 0</p><p type="colorEdges">102, 255, 102</p><p type="coordinates">679, 2794</p><tags><tag>word</tag></tags></rectangle><rectangle><p type="text">tools</p><p type="orientation">0</p><p type="wh">191, 68</p><p type="color">255, 0, 0</p><p type="colorEdges">102, 255, 102</p><p type="coordinates">792, 2794</p><tags><tag>word</tag></tags></rectangle><rectangle><p type="text">by</p><p type="orientation">0</p><p type="wh">83, 99</p><p type="color">255, 0, 0</p><p type="colorEdges">102, 255, 102</p><p type="coordinates">1004, 2794</p><tags><tag>word</tag></tags></rectangle><rectangle><p type="text">the</p><p type="orientation">0</p><p type="wh">119, 71</p><p type="color">255, 0, 0</p><p type="colorEdges">102, 255, 102</p><p type="coordinates">1104, 2791</p><tags><tag>word</tag></tags></rectangle><rectangle><p type="text">first</p><p type="orientation">0</p><p type="wh">186, 86</p><p type="color">255, 0, 0</p><p type="colorEdges">102, 255, 102</p><p type="coordinates">1240, 2799</p><tags><tag>word</tag></tags></rectangle><rectangle><p type="text">waggon</p><p type="orientation">0</p><p type="wh">295, 67</p><p type="color">255, 0, 0</p><p type="colorEdges">102, 255, 102</p><p type="coordinates">1440, 2823</p><tags><tag>word</tag></tags></rectangle><rectangle><p type="text">that</p><p type="orientation">0</p><p type="wh">162, 71</p><p type="color">255, 0, 0</p><p type="colorEdges">102, 255, 102</p><p type="coordinates">1740, 2799</p><tags><tag>word</tag></tags></rectangle><rectangle><p type="text">goes</p><p type="orientation">0</p><p type="wh">156, 67</p><p type="color">255, 0, 0</p><p type="colorEdges">102, 255, 102</p><p type="coordinates">159, 2903</p><tags><tag>word</tag></tags></rectangle><rectangle><p type="text">to</p><p type="orientation">0</p><p type="wh">55, 46</p><p type="color">255, 0, 0</p><p type="colorEdges">102, 255, 102</p><p type="coordinates">343, 2887</p><tags><tag>word</tag></tags></rectangle><rectangle><p type="text">the</p><p type="orientation">0</p><p type="wh">99, 67</p><p type="color">255, 0, 0</p><p type="colorEdges">102, 255, 102</p><p type="coordinates">436, 2871</p><tags><tag>word</tag></tags></rectangle><rectangle><p type="text">fort</p><p type="orientation">0</p><p type="wh">163, 75</p><p type="color">255, 0, 0</p><p type="colorEdges">102, 255, 102</p><p type="coordinates">555, 2866</p><tags><tag>word</tag></tags></rectangle><rectangle><p type="text">the</p><p type="orientation">0</p><p type="wh">142, 80</p><p type="color">255, 0, 0</p><p type="colorEdges">102, 255, 102</p><p type="coordinates">872, 2866</p><tags><tag>word</tag></tags></rectangle><rectangle><p type="text">following</p><p type="orientation">0</p><p type="wh">355, 91</p><p type="color">255, 0, 0</p><p type="colorEdges">102, 255, 102</p><p type="coordinates">1039, 2879</p><tags><tag>word</tag></tags></rectangle><rectangle><p type="text">men</p><p type="orientation">0</p><p type="wh">150, 40</p><p type="color">255, 0, 0</p><p type="colorEdges">102, 255, 102</p><p type="coordinates">1420, 2914</p><tags><tag>word</tag></tags></rectangle><rectangle><p type="text">being</p><p type="orientation">0</p><p type="wh">188, 72</p><p type="color">255, 0, 0</p><p type="colorEdges">102, 255, 102</p><p type="coordinates">1587, 2898</p><tags><tag>word</tag></tags></rectangle><rectangle><p type="text">judg</p><p type="orientation">0</p><p type="wh">168, 59</p><p type="color">255, 0, 0</p><p type="colorEdges">102, 255, 102</p><p type="coordinates">1751, 2911</p><tags><tag>word</tag></tags></rectangle><rectangle><p type="text">ed</p><p type="orientation">0</p><p type="wh">91, 56</p><p type="color">255, 0, 0</p><p type="colorEdges">102, 255, 102</p><p type="coordinates">167, 2962</p><tags><tag>word</tag></tags></rectangle><rectangle><p type="text">unfit</p><p type="orientation">0</p><p type="wh">199, 83</p><p type="color">255, 0, 0</p><p type="colorEdges">102, 255, 102</p><p type="coordinates">283, 2959</p><tags><tag>word</tag></tags></rectangle><rectangle><p type="text">for</p><p type="orientation">0</p><p type="wh">103, 88</p><p type="color">255, 0, 0</p><p type="colorEdges">102, 255, 102</p><p type="coordinates">488, 2954</p><tags><tag>word</tag></tags></rectangle><rectangle><p type="text">duty</p><p type="orientation">0</p><p type="wh">212, 107</p><p type="color">255, 0, 0</p><p type="colorEdges">102, 255, 102</p><p type="coordinates">635, 2954</p><tags><tag>word</tag></tags></rectangle><rectangle><p type="text">on</p><p type="orientation">0</p><p type="wh">99, 30</p><p type="color">255, 0, 0</p><p type="colorEdges">102, 255, 102</p><p type="coordinates">852, 2999</p><tags><tag>word</tag></tags></rectangle><rectangle><p type="text">review</p><p type="orientation">0</p><p type="wh">260, 83</p><p type="color">255, 0, 0</p><p type="colorEdges">102, 255, 102</p><p type="coordinates">959, 2967</p><tags><tag>word</tag></tags></rectangle><rectangle><p type="text">are</p><p type="orientation">0</p><p type="wh">143, 35</p><p type="color">255, 0, 0</p><p type="colorEdges">102, 255, 102</p><p type="coordinates">1240, 2999</p><tags><tag>word</tag></tags></rectangle><rectangle><p type="text">ordered</p><p type="orientation">0</p><p type="wh">302, 59</p><p type="color">255, 0, 0</p><p type="colorEdges">102, 255, 102</p><p type="coordinates">1404, 2983</p><tags><tag>word</tag></tags></rectangle><rectangle><p type="text">to</p><p type="orientation">0</p><p type="wh">67, 46</p><p type="color">255, 0, 0</p><p type="colorEdges">102, 255, 102</p><p type="coordinates">1723, 2991</p><tags><tag>word</tag></tags></rectangle><rectangle><p type="text">be</p><p type="orientation">0</p><p type="wh">83, 59</p><p type="color">255, 0, 0</p><p type="colorEdges">102, 255, 102</p><p type="coordinates">1816, 2978</p><tags><tag>word</tag></tags></rectangle><rectangle><p type="text">discharged</p><p type="orientation">0</p><p type="wh">472, 83</p><p type="color">255, 0, 0</p><p type="colorEdges">102, 255, 102</p><p type="coordinates">159, 3042</p><tags><tag>word</tag></tags></rectangle><rectangle><p type="text">vis</p><p type="orientation">0</p><p type="wh">195, 54</p><p type="color">255, 0, 0</p><p type="colorEdges">102, 255, 102</p><p type="coordinates">663, 3063</p><tags><tag>word</tag></tags></rectangle></rectangle></content></data>